Amount,TransactionType,Location,Hour,Device,IsFraud
38700.06,Bill Payment,Bangalore,15,iOS,0
48781.36,Merchant Payment,Chennai,17,iOS,0
18546.19,Merchant Payment,Chennai,4,iOS,0
11369.66,Bill Payment,Kolkata,2,Android,0
37906.81,Bill Payment,Mumbai,16,iOS,0
9739.99,Bill Payment,Bangalore,8,Android,0
37240.66,Merchant Payment,Bangalore,8,Android,0
9481.67,Send Money,Chennai,11,Android,0
21863.22,Merchant Payment,Hyderabad,3,iOS,0
40240.17,Bill Payment,Kolkata,20,Android,0
10003.41,Send Money,Chennai,19,iOS,0
39038.64,Bill Payment,Hyderabad,13,iOS,0
33423.46,Bill Payment,Kolkata,15,iOS,0
27683.43,Bill Payment,Chennai,2,Android,0
10737.09,Bill Payment,Kolkata,6,iOS,0
14076.38,Send Money,Bangalore,22,iOS,0
33219.03,Bill Payment,Bangalore,9,iOS,0
4511.49,Merchant Payment,Chennai,18,Android,0
7624.08,Merchant Payment,Bangalore,11,Android,0
31517.83,Bill Payment,Kolkata,14,Android,1
45429.95,Merchant Payment,Bangalore,11,Android,0
35847.34,Bill Payment,Chennai,18,Android,0
22794.26,Send Money,Chennai,16,Android,0
42832.15,Merchant Payment,Bangalore,0,iOS,0
29209.06,Bill Payment,Hyderabad,2,Android,0
24704.6,Send Money,Hyderabad,4,Android,0
8537.94,Merchant Payment,Kolkata,7,iOS,0
1149.97,Merchant Payment,Bangalore,3,Android,0
24338.05,Bill Payment,Bangalore,16,iOS,0
13356.11,Send Money,Hyderabad,22,iOS,0
41316.33,Merchant Payment,Hyderabad,0,Android,0
33615.28,Send Money,Delhi,2,iOS,1
5395.97,Merchant Payment,Kolkata,14,Android,0
18552.4,Merchant Payment,Bangalore,7,iOS,0
14552.98,Bill Payment,Kolkata,14,Android,0
2255.08,Bill Payment,Kolkata,7,iOS,0
44540.72,Merchant Payment,Mumbai,5,iOS,0
33086.45,Bill Payment,Kolkata,9,Android,0
46841.29,Send Money,Mumbai,22,Android,0
8971.62,Bill Payment,Chennai,8,iOS,0
38872.47,Merchant Payment,Bangalore,7,iOS,0
11490.5,Send Money,Mumbai,6,iOS,0
34716.18,Bill Payment,Bangalore,18,Android,0
36951.81,Send Money,Bangalore,19,Android,0
15054.43,Bill Payment,Hyderabad,3,iOS,0
46241.17,Send Money,Hyderabad,11,iOS,0
7025.58,Bill Payment,Mumbai,17,iOS,0
40220.0,Bill Payment,Hyderabad,10,iOS,0
41473.14,Merchant Payment,Bangalore,6,Android,0
43388.27,Bill Payment,Delhi,18,Android,0
32600.03,Merchant Payment,Delhi,23,Android,0
37303.25,Merchant Payment,Kolkata,20,Android,0
7317.2,Merchant Payment,Delhi,4,Android,0
8284.93,Send Money,Hyderabad,3,Android,0
2779.22,Send Money,Chennai,4,Android,0
19687.59,Send Money,Kolkata,19,iOS,0
2183.32,Send Money,Kolkata,11,Android,0
20818.96,Send Money,Mumbai,6,Android,0
41674.59,Send Money,Bangalore,2,iOS,1
45133.63,Merchant Payment,Delhi,5,iOS,0
38952.03,Send Money,Chennai,17,iOS,0
23145.34,Bill Payment,Chennai,18,iOS,0
23899.08,Bill Payment,Hyderabad,3,Android,0
16381.5,Bill Payment,Delhi,10,iOS,0
45818.24,Bill Payment,Chennai,20,Android,0
32632.84,Merchant Payment,Hyderabad,4,iOS,0
36747.31,Send Money,Hyderabad,0,iOS,0
30722.84,Send Money,Hyderabad,15,iOS,1
6879.02,Merchant Payment,Delhi,23,iOS,0
39757.79,Merchant Payment,Mumbai,22,Android,0
30812.12,Send Money,Mumbai,4,iOS,0
26136.36,Merchant Payment,Kolkata,17,iOS,0
46562.5,Send Money,Chennai,20,Android,0
20936.23,Merchant Payment,Delhi,22,iOS,0
38128.98,Send Money,Chennai,15,Android,0
7397.69,Merchant Payment,Hyderabad,2,Android,0
27654.12,Merchant Payment,Bangalore,22,iOS,0
49331.71,Merchant Payment,Kolkata,0,iOS,1
31857.32,Send Money,Bangalore,2,iOS,0
22721.35,Merchant Payment,Bangalore,17,Android,0
15103.35,Merchant Payment,Chennai,12,iOS,1
43961.21,Send Money,Chennai,16,iOS,1
33287.58,Bill Payment,Hyderabad,3,Android,0
12048.99,Send Money,Kolkata,10,iOS,0
32816.89,Send Money,Mumbai,21,Android,0
40076.08,Send Money,Delhi,23,iOS,1
46390.49,Merchant Payment,Kolkata,2,iOS,0
10097.09,Send Money,Chennai,2,iOS,0
42558.04,Send Money,Chennai,10,iOS,0
35498.14,Merchant Payment,Chennai,12,iOS,0
2127.1,Merchant Payment,Bangalore,5,iOS,0
9184.83,Merchant Payment,Hyderabad,9,Android,0
28624.93,Send Money,Delhi,10,iOS,0
34991.8,Bill Payment,Bangalore,6,iOS,0
20207.68,Bill Payment,Mumbai,21,Android,0
15242.18,Bill Payment,Chennai,14,iOS,0
20445.07,Send Money,Kolkata,20,iOS,0
20925.82,Bill Payment,Mumbai,11,Android,0
35103.09,Bill Payment,Hyderabad,13,iOS,0
27461.73,Bill Payment,Hyderabad,4,iOS,0
36837.92,Merchant Payment,Mumbai,13,iOS,0
39995.52,Send Money,Hyderabad,5,iOS,0
3612.24,Merchant Payment,Chennai,20,Android,0
8657.99,Send Money,Mumbai,17,iOS,0
42828.84,Bill Payment,Chennai,9,Android,0
18252.32,Merchant Payment,Mumbai,12,iOS,0
34386.38,Merchant Payment,Chennai,3,Android,0
10460.79,Bill Payment,Bangalore,18,Android,0
49456.76,Bill Payment,Delhi,22,iOS,0
22417.8,Bill Payment,Delhi,20,Android,0
23471.65,Send Money,Delhi,22,Android,0
11650.29,Send Money,Delhi,4,Android,0
4214.93,Send Money,Kolkata,6,iOS,0
33513.46,Merchant Payment,Hyderabad,19,Android,0
16929.44,Merchant Payment,Delhi,22,Android,0
25244.53,Merchant Payment,Delhi,10,iOS,0
24945.86,Bill Payment,Hyderabad,20,Android,0
31545.3,Send Money,Mumbai,9,Android,0
46373.75,Bill Payment,Bangalore,16,Android,0
13908.33,Merchant Payment,Hyderabad,4,iOS,0
23880.52,Merchant Payment,Hyderabad,23,iOS,0
39102.44,Merchant Payment,Mumbai,11,Android,0
27659.66,Bill Payment,Bangalore,23,iOS,0
36690.34,Merchant Payment,Hyderabad,23,Android,0
38869.38,Bill Payment,Kolkata,23,iOS,1
20584.68,Merchant Payment,Hyderabad,1,Android,0
46235.84,Merchant Payment,Delhi,10,Android,0
5473.02,Merchant Payment,Chennai,22,iOS,0
36974.18,Merchant Payment,Bangalore,9,Android,0
42907.68,Send Money,Kolkata,10,iOS,0
20073.76,Merchant Payment,Hyderabad,16,iOS,0
17408.09,Merchant Payment,Kolkata,18,Android,0
13748.5,Merchant Payment,Kolkata,13,Android,0
35884.78,Merchant Payment,Hyderabad,10,iOS,0
6849.7,Bill Payment,Delhi,2,iOS,0
19624.53,Merchant Payment,Delhi,11,Android,0
3367.66,Send Money,Hyderabad,8,Android,0
17171.19,Bill Payment,Kolkata,10,iOS,0
14234.2,Merchant Payment,Bangalore,8,Android,0
26481.81,Merchant Payment,Delhi,23,iOS,0
12076.19,Send Money,Delhi,7,Android,0
28078.85,Merchant Payment,Hyderabad,6,iOS,0
49735.14,Merchant Payment,Delhi,14,iOS,0
9267.12,Bill Payment,Delhi,4,Android,0
25641.48,Bill Payment,Mumbai,22,Android,0
2063.54,Send Money,Hyderabad,1,Android,0
15635.37,Send Money,Kolkata,1,Android,0
34912.5,Send Money,Kolkata,10,Android,0
93.02,Send Money,Bangalore,6,iOS,0
24480.21,Send Money,Bangalore,0,Android,1
13024.82,Send Money,Hyderabad,5,Android,0
11420.36,Send Money,Delhi,17,iOS,0
35580.79,Send Money,Hyderabad,4,Android,1
472.9,Send Money,Chennai,22,Android,0
12089.53,Bill Payment,Delhi,2,iOS,0
42669.94,Bill Payment,Bangalore,12,Android,0
12720.63,Merchant Payment,Hyderabad,5,Android,1
18083.19,Merchant Payment,Mumbai,17,Android,0
10825.62,Bill Payment,Hyderabad,12,Android,0
17330.47,Send Money,Chennai,9,Android,0
36931.63,Send Money,Mumbai,19,iOS,0
7194.5,Merchant Payment,Mumbai,16,Android,0
210.34,Send Money,Hyderabad,22,iOS,0
44866.14,Merchant Payment,Bangalore,2,iOS,0
2535.48,Bill Payment,Mumbai,10,Android,0
917.85,Bill Payment,Mumbai,1,Android,0
30542.4,Bill Payment,Hyderabad,4,Android,0
28351.22,Merchant Payment,Chennai,6,iOS,0
633.37,Merchant Payment,Bangalore,0,iOS,0
44483.92,Bill Payment,Mumbai,15,iOS,0
8930.3,Send Money,Kolkata,16,iOS,0
23495.35,Merchant Payment,Hyderabad,21,iOS,0
37088.4,Merchant Payment,Hyderabad,15,iOS,0
45199.62,Merchant Payment,Kolkata,16,iOS,0
37182.58,Send Money,Delhi,10,iOS,0
44379.68,Bill Payment,Hyderabad,15,Android,0
20462.91,Bill Payment,Hyderabad,0,iOS,0
18866.53,Bill Payment,Chennai,8,Android,0
16980.49,Merchant Payment,Chennai,0,Android,0
44052.99,Send Money,Bangalore,8,Android,0
23426.15,Send Money,Mumbai,10,Android,1
32629.43,Bill Payment,Kolkata,16,Android,0
38242.53,Merchant Payment,Chennai,7,iOS,1
47650.43,Send Money,Bangalore,14,Android,0
4857.92,Merchant Payment,Chennai,19,iOS,0
12670.24,Send Money,Mumbai,10,iOS,0
14808.68,Bill Payment,Kolkata,20,Android,0
10348.61,Merchant Payment,Bangalore,14,Android,0
13234.35,Merchant Payment,Hyderabad,4,Android,0
12270.5,Merchant Payment,Mumbai,21,iOS,0
26547.21,Send Money,Delhi,17,Android,0
44400.56,Merchant Payment,Delhi,0,iOS,0
26833.03,Bill Payment,Bangalore,19,Android,0
24106.72,Merchant Payment,Mumbai,20,Android,0
12666.7,Send Money,Bangalore,20,Android,0
30410.38,Bill Payment,Kolkata,1,Android,0
49430.31,Merchant Payment,Chennai,3,iOS,0
46034.09,Bill Payment,Hyderabad,16,Android,0
31139.21,Merchant Payment,Hyderabad,1,iOS,1
21905.1,Bill Payment,Chennai,6,Android,0
3112.53,Bill Payment,Chennai,9,Android,0
19652.44,Merchant Payment,Hyderabad,3,Android,0
33000.97,Bill Payment,Mumbai,15,Android,0
8870.0,Merchant Payment,Kolkata,2,iOS,0
44625.46,Merchant Payment,Delhi,17,iOS,0
15130.99,Merchant Payment,Chennai,8,Android,0
28095.33,Merchant Payment,Hyderabad,3,iOS,0
32357.12,Bill Payment,Chennai,9,Android,0
4595.27,Merchant Payment,Mumbai,7,iOS,0
16334.08,Send Money,Mumbai,19,iOS,0
33395.78,Send Money,Kolkata,4,Android,0
33740.08,Merchant Payment,Chennai,21,Android,0
47646.59,Bill Payment,Chennai,13,Android,0
48806.66,Bill Payment,Bangalore,12,iOS,0
43756.63,Bill Payment,Bangalore,23,Android,0
16117.56,Bill Payment,Chennai,20,Android,0
12217.81,Merchant Payment,Kolkata,9,iOS,0
37252.13,Merchant Payment,Delhi,23,iOS,0
12018.91,Bill Payment,Hyderabad,14,Android,0
20505.02,Send Money,Hyderabad,6,iOS,0
385.28,Bill Payment,Bangalore,0,iOS,0
38719.05,Send Money,Mumbai,14,Android,0
7706.64,Bill Payment,Bangalore,0,iOS,1
3491.34,Send Money,Hyderabad,22,iOS,0
33176.03,Send Money,Chennai,10,iOS,0
27613.72,Bill Payment,Delhi,5,iOS,1
49971.1,Bill Payment,Mumbai,0,Android,1
15923.14,Bill Payment,Delhi,7,Android,0
17673.35,Merchant Payment,Chennai,7,iOS,0
16084.07,Merchant Payment,Chennai,5,iOS,0
7204.0,Merchant Payment,Kolkata,13,Android,0
3385.25,Send Money,Delhi,12,Android,0
1751.57,Bill Payment,Chennai,8,iOS,0
43041.44,Merchant Payment,Hyderabad,6,iOS,0
19730.13,Merchant Payment,Hyderabad,13,Android,0
37515.8,Bill Payment,Delhi,17,Android,0
37577.03,Send Money,Chennai,23,Android,0
41157.15,Bill Payment,Chennai,1,iOS,0
22441.99,Bill Payment,Delhi,22,iOS,0
9623.11,Send Money,Bangalore,14,iOS,0
28325.37,Bill Payment,Bangalore,17,iOS,0
2482.46,Bill Payment,Bangalore,22,Android,0
37897.94,Merchant Payment,Bangalore,2,iOS,0
26100.7,Send Money,Bangalore,3,iOS,0
63.36,Send Money,Hyderabad,0,iOS,0
44514.3,Bill Payment,Chennai,2,Android,0
10766.76,Bill Payment,Bangalore,11,Android,0
4966.86,Send Money,Mumbai,9,Android,0
43015.49,Send Money,Bangalore,4,Android,0
13247.71,Bill Payment,Bangalore,22,Android,0
5000.55,Send Money,Mumbai,18,Android,0
42620.59,Merchant Payment,Mumbai,23,iOS,1
2218.31,Bill Payment,Mumbai,5,Android,0
40311.49,Send Money,Chennai,22,iOS,0
48544.53,Bill Payment,Chennai,22,Android,0
16061.07,Send Money,Kolkata,5,Android,0
17940.05,Bill Payment,Bangalore,16,Android,0
46639.65,Bill Payment,Chennai,17,Android,0
23096.28,Bill Payment,Bangalore,6,iOS,0
18935.85,Send Money,Delhi,12,Android,0
10734.8,Bill Payment,Chennai,18,iOS,0
46375.97,Bill Payment,Mumbai,4,iOS,1
19630.31,Merchant Payment,Kolkata,2,iOS,0
34024.14,Bill Payment,Mumbai,21,Android,0
24825.91,Bill Payment,Bangalore,4,Android,0
43939.39,Bill Payment,Kolkata,23,iOS,0
38747.65,Bill Payment,Delhi,3,iOS,1
42783.55,Send Money,Kolkata,20,iOS,0
5064.3,Merchant Payment,Hyderabad,9,Android,0
30364.5,Bill Payment,Kolkata,21,Android,0
39739.58,Merchant Payment,Mumbai,5,Android,0
1208.28,Bill Payment,Hyderabad,22,Android,0
33419.85,Bill Payment,Chennai,2,iOS,0
26117.32,Send Money,Bangalore,22,Android,0
4849.54,Merchant Payment,Delhi,12,Android,0
4045.96,Bill Payment,Kolkata,13,iOS,0
21559.51,Send Money,Delhi,8,iOS,0
2029.56,Merchant Payment,Hyderabad,4,Android,0
46794.35,Merchant Payment,Kolkata,18,Android,0
7796.33,Bill Payment,Mumbai,17,iOS,0
22256.35,Send Money,Delhi,23,iOS,0
14309.5,Merchant Payment,Delhi,4,Android,0
41502.66,Merchant Payment,Hyderabad,3,iOS,0
39791.47,Bill Payment,Bangalore,7,iOS,1
35244.87,Bill Payment,Bangalore,18,Android,0
19581.43,Send Money,Chennai,2,Android,0
46534.92,Bill Payment,Mumbai,20,Android,0
48787.04,Send Money,Bangalore,19,iOS,1
11825.66,Send Money,Bangalore,13,Android,0
28432.8,Merchant Payment,Delhi,8,iOS,0
40031.18,Bill Payment,Hyderabad,20,iOS,0
4538.05,Send Money,Bangalore,11,Android,0
38540.95,Bill Payment,Bangalore,2,Android,0
33645.94,Bill Payment,Chennai,3,Android,0
46834.12,Send Money,Chennai,18,Android,0
25414.56,Bill Payment,Delhi,22,iOS,0
21094.09,Send Money,Chennai,23,iOS,0
2551.16,Merchant Payment,Mumbai,14,Android,0
3025.94,Merchant Payment,Chennai,19,iOS,0
31900.46,Merchant Payment,Chennai,4,iOS,0
33595.99,Merchant Payment,Chennai,22,Android,0
25293.06,Merchant Payment,Bangalore,1,Android,0
6566.45,Send Money,Bangalore,9,iOS,0
13636.6,Send Money,Mumbai,13,iOS,0
14573.56,Bill Payment,Delhi,7,iOS,0
8767.28,Bill Payment,Chennai,18,Android,0
15423.58,Send Money,Chennai,9,iOS,0
24061.34,Merchant Payment,Hyderabad,5,iOS,0
41029.65,Send Money,Bangalore,6,Android,0
19609.08,Send Money,Kolkata,17,iOS,0
6553.21,Bill Payment,Chennai,0,Android,0
38160.14,Merchant Payment,Bangalore,1,Android,1
49941.49,Bill Payment,Bangalore,11,iOS,0
23051.96,Send Money,Chennai,18,Android,0
20374.05,Bill Payment,Chennai,10,iOS,0
11266.63,Merchant Payment,Mumbai,4,iOS,0
44496.05,Send Money,Mumbai,3,Android,1
46940.88,Bill Payment,Kolkata,10,iOS,0
9767.32,Send Money,Hyderabad,17,iOS,0
34069.66,Send Money,Chennai,16,Android,0
45665.13,Send Money,Delhi,18,iOS,0
13817.61,Merchant Payment,Hyderabad,8,Android,0
12659.21,Merchant Payment,Hyderabad,18,iOS,0
10661.62,Send Money,Hyderabad,16,iOS,0
10407.82,Bill Payment,Chennai,21,iOS,0
37356.32,Bill Payment,Delhi,3,Android,0
23976.06,Merchant Payment,Hyderabad,17,iOS,0
20598.05,Bill Payment,Delhi,15,iOS,0
37731.11,Send Money,Bangalore,23,Android,0
23196.77,Send Money,Delhi,5,iOS,0
13308.88,Send Money,Mumbai,14,Android,0
20108.37,Send Money,Bangalore,22,iOS,0
8105.46,Bill Payment,Bangalore,18,iOS,0
42551.35,Merchant Payment,Mumbai,5,Android,0
15296.95,Bill Payment,Hyderabad,2,iOS,0
46926.19,Merchant Payment,Kolkata,2,Android,0
37241.1,Merchant Payment,Mumbai,1,iOS,0
11924.54,Bill Payment,Chennai,7,iOS,0
39346.7,Merchant Payment,Chennai,23,Android,0
26159.29,Send Money,Bangalore,19,iOS,0
45893.82,Merchant Payment,Bangalore,3,Android,0
49331.57,Send Money,Hyderabad,5,Android,0
39391.76,Bill Payment,Hyderabad,14,iOS,0
38511.95,Bill Payment,Delhi,4,iOS,0
1232.3,Send Money,Kolkata,10,iOS,0
2769.95,Bill Payment,Chennai,10,iOS,0
47257.96,Send Money,Bangalore,20,iOS,0
37305.94,Merchant Payment,Delhi,17,Android,0
12292.53,Send Money,Bangalore,19,Android,0
31781.66,Merchant Payment,Kolkata,8,iOS,0
32025.56,Send Money,Mumbai,7,iOS,0
28934.68,Send Money,Delhi,3,iOS,1
16614.83,Send Money,Delhi,19,Android,0
3574.51,Merchant Payment,Mumbai,1,Android,0
29016.21,Merchant Payment,Mumbai,2,iOS,0
26111.03,Merchant Payment,Bangalore,22,Android,0
8494.01,Merchant Payment,Chennai,10,Android,0
42105.09,Send Money,Kolkata,16,iOS,0
38253.57,Send Money,Chennai,4,Android,1
14758.01,Bill Payment,Delhi,23,Android,0
30520.67,Bill Payment,Kolkata,3,Android,0
34132.58,Send Money,Chennai,14,Android,0
11126.17,Bill Payment,Chennai,7,iOS,0
27294.46,Merchant Payment,Kolkata,0,Android,0
46399.25,Bill Payment,Kolkata,22,iOS,0
3601.8,Bill Payment,Chennai,9,Android,0
23421.34,Merchant Payment,Hyderabad,23,Android,0
4768.43,Send Money,Hyderabad,14,Android,0
1617.13,Bill Payment,Kolkata,5,Android,0
31335.69,Send Money,Bangalore,4,iOS,1
11541.65,Merchant Payment,Kolkata,5,iOS,0
49941.44,Send Money,Chennai,19,Android,0
29126.41,Merchant Payment,Mumbai,18,iOS,0
42999.93,Merchant Payment,Delhi,9,Android,0
15167.07,Bill Payment,Delhi,22,iOS,0
39924.43,Send Money,Mumbai,23,Android,0
25280.09,Bill Payment,Bangalore,13,Android,0
16540.54,Send Money,Bangalore,12,Android,0
11401.11,Merchant Payment,Kolkata,2,iOS,0
8858.3,Bill Payment,Kolkata,6,Android,0
29090.55,Send Money,Mumbai,19,iOS,0
22239.95,Bill Payment,Bangalore,16,Android,0
560.72,Send Money,Hyderabad,13,iOS,0
10147.49,Bill Payment,Mumbai,19,iOS,0
24708.24,Send Money,Kolkata,13,Android,0
2307.7,Bill Payment,Bangalore,2,iOS,0
32204.03,Bill Payment,Hyderabad,5,iOS,0
5148.86,Bill Payment,Hyderabad,20,iOS,0
11187.28,Bill Payment,Mumbai,13,Android,0
46285.08,Send Money,Hyderabad,10,iOS,0
47596.92,Send Money,Kolkata,12,iOS,1
48535.8,Bill Payment,Chennai,4,Android,0
30740.69,Bill Payment,Hyderabad,11,iOS,0
3760.12,Merchant Payment,Delhi,16,iOS,0
15617.59,Merchant Payment,Mumbai,22,iOS,0
10986.78,Bill Payment,Hyderabad,17,iOS,0
42979.46,Bill Payment,Delhi,15,iOS,0
46334.26,Send Money,Mumbai,2,iOS,0
4429.23,Merchant Payment,Kolkata,16,Android,0
37691.0,Send Money,Hyderabad,3,Android,1
42138.17,Bill Payment,Chennai,0,iOS,0
44255.8,Bill Payment,Delhi,16,Android,0
2378.15,Send Money,Bangalore,13,Android,0
26098.6,Send Money,Bangalore,6,Android,0
32570.24,Send Money,Bangalore,18,Android,0
19709.66,Merchant Payment,Mumbai,18,Android,0
1101.35,Bill Payment,Chennai,15,Android,0
39143.2,Merchant Payment,Delhi,20,Android,0
14247.53,Merchant Payment,Hyderabad,18,iOS,0
2126.88,Bill Payment,Kolkata,8,iOS,0
49382.5,Send Money,Mumbai,4,Android,0
23995.13,Merchant Payment,Delhi,3,Android,0
47271.37,Send Money,Chennai,23,iOS,0
46505.97,Bill Payment,Kolkata,17,iOS,0
42977.94,Bill Payment,Mumbai,3,Android,0
26540.86,Merchant Payment,Delhi,21,Android,0
19597.97,Send Money,Chennai,13,iOS,0
13181.14,Bill Payment,Bangalore,12,Android,0
18071.33,Merchant Payment,Mumbai,2,iOS,0
17139.09,Send Money,Hyderabad,17,Android,0
37358.07,Send Money,Delhi,8,iOS,0
35520.86,Merchant Payment,Chennai,9,iOS,0
25963.17,Bill Payment,Chennai,19,Android,0
46384.14,Send Money,Delhi,14,Android,0
13702.57,Send Money,Bangalore,19,Android,0
19264.54,Bill Payment,Bangalore,23,Android,0
10113.69,Merchant Payment,Hyderabad,6,iOS,0
26595.87,Send Money,Mumbai,22,iOS,0
44776.27,Bill Payment,Mumbai,4,iOS,0
46462.82,Send Money,Kolkata,11,iOS,0
32814.92,Send Money,Chennai,3,iOS,1
42844.45,Send Money,Chennai,8,Android,0
22416.32,Send Money,Kolkata,11,Android,0
13524.35,Merchant Payment,Kolkata,20,Android,0
20892.99,Send Money,Bangalore,11,iOS,0
28293.85,Bill Payment,Bangalore,13,iOS,0
39238.25,Merchant Payment,Hyderabad,11,iOS,0
8507.23,Merchant Payment,Delhi,5,iOS,0
5768.15,Bill Payment,Bangalore,8,iOS,0
40796.9,Send Money,Hyderabad,0,iOS,1
5942.68,Merchant Payment,Delhi,9,iOS,0
29385.87,Merchant Payment,Bangalore,8,Android,0
49988.27,Bill Payment,Delhi,18,iOS,0
4397.09,Send Money,Hyderabad,21,iOS,0
17764.69,Bill Payment,Chennai,16,Android,0
12672.85,Merchant Payment,Hyderabad,11,Android,0
16957.4,Bill Payment,Bangalore,14,Android,0
43814.6,Send Money,Kolkata,11,Android,0
14850.46,Send Money,Bangalore,20,Android,0
9856.01,Send Money,Delhi,16,iOS,0
26699.94,Merchant Payment,Mumbai,23,Android,0
26103.79,Merchant Payment,Kolkata,2,iOS,0
34918.94,Merchant Payment,Chennai,12,Android,0
6336.92,Merchant Payment,Mumbai,16,iOS,0
31451.11,Bill Payment,Bangalore,22,iOS,0
1831.15,Bill Payment,Chennai,2,Android,0
21016.92,Send Money,Kolkata,0,Android,0
4688.21,Merchant Payment,Chennai,11,iOS,0
48603.79,Merchant Payment,Hyderabad,3,iOS,0
1985.79,Merchant Payment,Hyderabad,1,Android,0
47444.2,Merchant Payment,Delhi,7,Android,0
16238.94,Bill Payment,Hyderabad,18,Android,0
49750.52,Send Money,Bangalore,19,Android,0
14380.78,Send Money,Mumbai,6,iOS,0
1639.3,Send Money,Mumbai,22,Android,0
49301.63,Send Money,Mumbai,7,Android,0
29026.11,Bill Payment,Delhi,3,iOS,0
34491.19,Merchant Payment,Chennai,5,Android,0
8524.25,Send Money,Hyderabad,16,iOS,0
3329.25,Merchant Payment,Chennai,23,iOS,0
2823.88,Merchant Payment,Chennai,13,Android,0
39778.32,Bill Payment,Mumbai,21,iOS,0
41536.89,Send Money,Delhi,22,Android,0
34263.88,Send Money,Chennai,18,Android,0
23116.77,Send Money,Chennai,10,Android,0
7505.57,Merchant Payment,Delhi,19,iOS,0
42384.85,Send Money,Bangalore,2,Android,0
38114.94,Merchant Payment,Delhi,4,Android,0
29610.72,Merchant Payment,Kolkata,8,Android,0
49562.32,Send Money,Bangalore,23,Android,0
29826.29,Merchant Payment,Chennai,5,iOS,0
12370.88,Bill Payment,Chennai,12,Android,0
34097.98,Merchant Payment,Bangalore,21,Android,0
5373.28,Send Money,Kolkata,9,iOS,0
6200.95,Send Money,Chennai,2,iOS,0
36287.79,Send Money,Mumbai,2,iOS,1
41411.61,Merchant Payment,Kolkata,21,iOS,0
47849.01,Bill Payment,Delhi,1,iOS,1
49883.39,Send Money,Mumbai,11,Android,0
28582.77,Send Money,Bangalore,1,Android,0
32870.12,Merchant Payment,Delhi,14,iOS,0
26880.01,Bill Payment,Chennai,0,Android,0
43650.63,Merchant Payment,Delhi,13,Android,0
36703.49,Merchant Payment,Bangalore,21,iOS,0
22318.04,Merchant Payment,Mumbai,20,iOS,0
2528.48,Send Money,Bangalore,18,Android,0
25262.62,Send Money,Kolkata,23,Android,0
19173.31,Merchant Payment,Chennai,20,iOS,0
47955.21,Bill Payment,Delhi,4,Android,1
26111.85,Bill Payment,Hyderabad,23,Android,0
1703.55,Merchant Payment,Chennai,15,iOS,0
2675.72,Merchant Payment,Hyderabad,14,iOS,0
23135.38,Bill Payment,Kolkata,16,Android,0
41833.67,Send Money,Mumbai,8,Android,0
8168.7,Bill Payment,Chennai,9,Android,0
7558.15,Merchant Payment,Mumbai,23,iOS,0
31011.13,Bill Payment,Hyderabad,14,iOS,0
29284.33,Merchant Payment,Mumbai,4,Android,0
25364.43,Bill Payment,Hyderabad,0,Android,0
18770.15,Merchant Payment,Bangalore,1,Android,0
27170.03,Bill Payment,Mumbai,5,iOS,0
34641.65,Send Money,Delhi,23,Android,0
30887.3,Merchant Payment,Mumbai,14,iOS,0
19809.3,Send Money,Chennai,11,Android,1
800.0,Bill Payment,Hyderabad,15,iOS,0
30999.6,Merchant Payment,Chennai,6,iOS,0
1310.61,Merchant Payment,Bangalore,6,Android,0
22268.38,Bill Payment,Delhi,20,Android,0
38385.38,Merchant Payment,Chennai,15,iOS,0
45666.78,Send Money,Bangalore,11,Android,1
20566.05,Merchant Payment,Hyderabad,20,Android,0
7216.42,Bill Payment,Chennai,11,Android,0
44333.41,Merchant Payment,Hyderabad,22,Android,0
24718.05,Send Money,Bangalore,7,iOS,0
43875.07,Merchant Payment,Bangalore,21,Android,0
21130.53,Bill Payment,Bangalore,17,Android,0
4130.58,Bill Payment,Chennai,14,iOS,0
21435.36,Bill Payment,Hyderabad,5,Android,0
35833.97,Merchant Payment,Kolkata,19,iOS,0
44082.04,Merchant Payment,Kolkata,8,iOS,0
49655.01,Bill Payment,Delhi,4,iOS,0
46348.18,Bill Payment,Bangalore,5,iOS,0
42036.4,Bill Payment,Kolkata,16,Android,0
40292.79,Merchant Payment,Hyderabad,9,Android,0
30717.95,Bill Payment,Delhi,13,Android,0
25054.15,Bill Payment,Chennai,2,iOS,0
40030.85,Merchant Payment,Delhi,13,Android,0
36961.22,Send Money,Chennai,8,iOS,0
47432.84,Bill Payment,Mumbai,9,iOS,0
8301.64,Merchant Payment,Hyderabad,19,Android,0
34440.72,Bill Payment,Mumbai,16,Android,0
23425.58,Merchant Payment,Delhi,12,Android,0
48600.0,Send Money,Delhi,1,Android,1
11327.61,Bill Payment,Hyderabad,7,iOS,0
25619.33,Merchant Payment,Delhi,22,Android,0
37043.35,Merchant Payment,Delhi,20,Android,0
145.34,Send Money,Delhi,16,iOS,0
23007.27,Send Money,Mumbai,19,iOS,0
4664.54,Merchant Payment,Hyderabad,7,Android,0
39140.24,Send Money,Chennai,4,Android,0
11272.61,Merchant Payment,Hyderabad,0,iOS,0
39877.89,Merchant Payment,Hyderabad,21,iOS,0
32642.83,Merchant Payment,Hyderabad,18,Android,0
47240.81,Bill Payment,Mumbai,12,iOS,1
8097.51,Merchant Payment,Delhi,7,iOS,0
17742.72,Bill Payment,Hyderabad,15,iOS,0
5856.19,Send Money,Mumbai,18,iOS,0
34597.34,Merchant Payment,Chennai,5,iOS,0
41794.79,Send Money,Bangalore,17,iOS,0
28987.44,Bill Payment,Kolkata,12,Android,0
49911.44,Bill Payment,Hyderabad,0,Android,0
12245.8,Send Money,Hyderabad,15,iOS,0
2257.76,Merchant Payment,Delhi,4,iOS,0
27938.13,Send Money,Chennai,12,iOS,0
14397.57,Merchant Payment,Hyderabad,16,Android,0
36956.34,Bill Payment,Delhi,1,Android,1
11105.48,Bill Payment,Hyderabad,20,Android,0
32161.95,Bill Payment,Bangalore,22,Android,0
39349.19,Bill Payment,Hyderabad,9,Android,0
29395.22,Send Money,Hyderabad,21,Android,0
19017.98,Bill Payment,Delhi,6,iOS,0
46977.85,Bill Payment,Kolkata,11,Android,0
20727.22,Bill Payment,Delhi,16,Android,0
6201.61,Bill Payment,Hyderabad,20,iOS,0
31076.71,Bill Payment,Mumbai,21,Android,0
10847.54,Send Money,Mumbai,2,Android,0
8101.85,Send Money,Delhi,4,iOS,0
11098.95,Send Money,Bangalore,9,iOS,0
7335.88,Merchant Payment,Hyderabad,21,iOS,0
4431.05,Merchant Payment,Bangalore,9,Android,0
19203.75,Merchant Payment,Delhi,10,Android,0
32442.26,Merchant Payment,Hyderabad,7,Android,0
35222.8,Send Money,Hyderabad,20,iOS,0
7757.71,Send Money,Delhi,19,iOS,0
49969.51,Send Money,Kolkata,13,Android,0
29493.6,Merchant Payment,Bangalore,6,iOS,0
29718.78,Send Money,Kolkata,13,iOS,0
23594.86,Send Money,Chennai,17,Android,0
49331.43,Send Money,Mumbai,20,iOS,0
20919.68,Send Money,Hyderabad,3,iOS,1
7687.36,Merchant Payment,Delhi,2,Android,0
16825.69,Send Money,Hyderabad,16,Android,0
39865.14,Merchant Payment,Kolkata,15,Android,0
27151.66,Send Money,Kolkata,8,Android,0
23461.98,Bill Payment,Delhi,4,Android,0
40978.2,Bill Payment,Chennai,4,iOS,0
30684.14,Send Money,Chennai,19,Android,0
12072.26,Send Money,Kolkata,11,iOS,0
39545.35,Merchant Payment,Mumbai,22,Android,0
23649.63,Bill Payment,Mumbai,19,Android,0
41462.76,Bill Payment,Bangalore,15,Android,0
38723.15,Bill Payment,Hyderabad,15,Android,0
14653.87,Merchant Payment,Bangalore,7,iOS,0
35450.14,Merchant Payment,Delhi,18,Android,0
19668.57,Merchant Payment,Hyderabad,8,Android,0
7073.05,Send Money,Kolkata,9,iOS,0
39497.4,Send Money,Bangalore,9,Android,1
35307.87,Bill Payment,Kolkata,17,Android,0
18992.17,Merchant Payment,Chennai,5,iOS,0
48770.46,Bill Payment,Delhi,4,iOS,0
44329.03,Send Money,Chennai,11,iOS,0
24781.78,Bill Payment,Delhi,11,Android,0
29892.99,Bill Payment,Mumbai,19,Android,0
22307.13,Bill Payment,Hyderabad,21,Android,0
822.69,Merchant Payment,Mumbai,12,iOS,0
45341.29,Bill Payment,Mumbai,15,iOS,0
11105.39,Send Money,Delhi,5,iOS,0
15820.61,Send Money,Bangalore,22,Android,0
43742.41,Merchant Payment,Delhi,4,iOS,0
2383.2,Send Money,Delhi,6,Android,0
47660.66,Send Money,Mumbai,5,iOS,0
33804.19,Send Money,Chennai,13,iOS,1
15096.65,Send Money,Bangalore,16,iOS,0
31625.99,Send Money,Chennai,3,iOS,0
8117.37,Send Money,Chennai,22,Android,0
9658.45,Bill Payment,Delhi,6,Android,0
21345.51,Merchant Payment,Hyderabad,5,Android,0
38053.47,Merchant Payment,Hyderabad,13,Android,0
15173.85,Send Money,Bangalore,14,iOS,0
31978.33,Merchant Payment,Mumbai,0,iOS,0
51.22,Bill Payment,Delhi,3,Android,0
16594.15,Send Money,Kolkata,1,Android,0
49111.71,Merchant Payment,Kolkata,2,Android,0
34535.45,Send Money,Mumbai,5,Android,0
49329.69,Merchant Payment,Delhi,15,iOS,0
2018.68,Merchant Payment,Chennai,3,Android,0
46851.38,Send Money,Chennai,18,Android,0
4036.44,Merchant Payment,Mumbai,22,iOS,0
9759.52,Send Money,Delhi,14,iOS,0
19408.8,Bill Payment,Hyderabad,6,Android,0
38077.77,Merchant Payment,Chennai,7,iOS,0
20841.04,Send Money,Delhi,2,Android,0
17591.6,Merchant Payment,Kolkata,4,iOS,0
37397.6,Bill Payment,Hyderabad,6,Android,0
13719.53,Merchant Payment,Mumbai,12,iOS,0
40393.62,Merchant Payment,Bangalore,23,Android,0
21973.11,Send Money,Mumbai,5,iOS,0
6635.99,Merchant Payment,Delhi,10,Android,0
44913.54,Bill Payment,Chennai,22,iOS,0
27815.36,Bill Payment,Delhi,7,iOS,0
48568.24,Bill Payment,Bangalore,12,Android,0
40202.02,Send Money,Chennai,2,Android,0
3975.05,Merchant Payment,Delhi,3,Android,0
11411.69,Send Money,Kolkata,11,iOS,0
47984.46,Bill Payment,Delhi,7,iOS,0
40992.36,Bill Payment,Bangalore,4,iOS,0
33235.36,Send Money,Mumbai,11,Android,0
31940.16,Bill Payment,Mumbai,0,Android,0
17643.72,Merchant Payment,Chennai,14,iOS,0
48315.18,Merchant Payment,Kolkata,8,Android,0
47126.04,Send Money,Bangalore,11,Android,0
2377.72,Send Money,Delhi,22,Android,0
46670.08,Merchant Payment,Hyderabad,19,iOS,0
3207.99,Merchant Payment,Kolkata,4,Android,0
633.16,Bill Payment,Chennai,23,iOS,0
42345.24,Bill Payment,Mumbai,22,iOS,0
47207.84,Send Money,Chennai,11,Android,0
17573.97,Bill Payment,Hyderabad,8,iOS,0
17013.55,Merchant Payment,Bangalore,17,Android,0
33597.66,Merchant Payment,Mumbai,19,iOS,0
1653.05,Send Money,Kolkata,12,Android,0
17822.31,Bill Payment,Kolkata,13,Android,0
15910.03,Bill Payment,Delhi,4,iOS,0
16522.59,Merchant Payment,Delhi,14,iOS,0
44636.38,Send Money,Kolkata,12,iOS,0
21222.58,Send Money,Hyderabad,14,iOS,0
14344.33,Merchant Payment,Bangalore,3,iOS,0
34265.52,Bill Payment,Kolkata,23,iOS,0
6922.97,Merchant Payment,Delhi,9,iOS,0
46347.25,Send Money,Chennai,20,Android,0
3450.68,Merchant Payment,Bangalore,12,iOS,0
40627.26,Bill Payment,Bangalore,9,Android,0
32945.72,Send Money,Hyderabad,23,iOS,0
11611.7,Bill Payment,Mumbai,10,iOS,0
43039.78,Bill Payment,Delhi,11,iOS,0
26437.83,Send Money,Kolkata,16,iOS,0
28130.78,Bill Payment,Kolkata,4,iOS,0
28101.43,Send Money,Bangalore,23,Android,0
13209.04,Send Money,Mumbai,18,Android,0
16840.17,Merchant Payment,Chennai,0,iOS,0
34597.06,Bill Payment,Hyderabad,19,Android,1
39116.37,Merchant Payment,Delhi,7,iOS,0
22562.78,Merchant Payment,Bangalore,11,Android,0
39653.11,Bill Payment,Bangalore,1,Android,1
21966.22,Bill Payment,Chennai,12,iOS,0
21622.45,Merchant Payment,Bangalore,19,iOS,0
22113.01,Merchant Payment,Mumbai,8,iOS,0
37488.97,Merchant Payment,Delhi,5,iOS,0
29417.55,Send Money,Kolkata,23,iOS,0
40819.69,Merchant Payment,Chennai,5,iOS,0
20707.24,Bill Payment,Bangalore,23,Android,0
28359.8,Bill Payment,Bangalore,17,iOS,0
47954.08,Merchant Payment,Mumbai,14,iOS,0
37771.02,Bill Payment,Kolkata,21,Android,0
26047.65,Merchant Payment,Kolkata,14,Android,0
21621.94,Send Money,Kolkata,16,Android,0
2445.63,Send Money,Mumbai,23,Android,0
39768.22,Send Money,Chennai,14,iOS,0
44440.89,Bill Payment,Hyderabad,17,iOS,0
23552.9,Bill Payment,Kolkata,10,iOS,0
43185.47,Bill Payment,Delhi,15,Android,0
39957.38,Bill Payment,Hyderabad,22,iOS,0
35556.36,Bill Payment,Mumbai,14,iOS,0
40611.41,Merchant Payment,Mumbai,18,Android,0
38099.79,Send Money,Delhi,23,Android,0
19356.99,Merchant Payment,Bangalore,3,Android,0
38289.3,Merchant Payment,Hyderabad,15,Android,0
40037.64,Bill Payment,Mumbai,23,Android,0
40196.1,Send Money,Delhi,1,iOS,0
49883.8,Merchant Payment,Chennai,13,iOS,0
14348.91,Send Money,Mumbai,6,iOS,0
210.12,Send Money,Delhi,12,Android,0
32805.82,Send Money,Hyderabad,9,iOS,0
34729.69,Bill Payment,Bangalore,10,Android,0
31094.35,Send Money,Chennai,5,Android,1
28037.04,Merchant Payment,Delhi,18,iOS,0
5328.37,Merchant Payment,Hyderabad,18,iOS,0
3099.98,Merchant Payment,Mumbai,13,Android,0
13835.83,Send Money,Mumbai,17,iOS,0
37796.33,Bill Payment,Delhi,6,Android,0
14873.5,Send Money,Kolkata,22,Android,0
4155.98,Send Money,Kolkata,12,Android,0
10641.61,Merchant Payment,Bangalore,21,iOS,0
20996.33,Send Money,Bangalore,8,Android,0
18003.03,Bill Payment,Chennai,20,Android,0
43916.95,Send Money,Kolkata,8,iOS,0
36895.48,Send Money,Kolkata,0,Android,0
4736.82,Bill Payment,Bangalore,14,iOS,0
1955.15,Bill Payment,Hyderabad,5,Android,0
21185.03,Send Money,Hyderabad,6,Android,0
44168.43,Send Money,Bangalore,2,iOS,0
7663.49,Send Money,Delhi,15,iOS,0
43381.22,Merchant Payment,Kolkata,4,iOS,1
41619.99,Merchant Payment,Bangalore,9,iOS,0
31917.97,Bill Payment,Chennai,13,iOS,0
39969.74,Merchant Payment,Hyderabad,20,Android,0
46814.56,Merchant Payment,Bangalore,5,iOS,0
48748.39,Send Money,Bangalore,5,iOS,0
10567.57,Send Money,Mumbai,11,iOS,0
35853.8,Send Money,Kolkata,4,iOS,0
4252.07,Bill Payment,Chennai,17,Android,0
17197.36,Send Money,Delhi,11,Android,0
49408.94,Send Money,Bangalore,11,Android,0
39503.59,Bill Payment,Delhi,20,Android,0
46994.21,Merchant Payment,Bangalore,8,iOS,0
24570.26,Merchant Payment,Hyderabad,11,Android,0
4257.89,Merchant Payment,Delhi,11,iOS,0
46393.63,Merchant Payment,Hyderabad,4,Android,0
11085.71,Send Money,Mumbai,16,Android,0
32657.97,Bill Payment,Bangalore,13,iOS,0
788.88,Send Money,Mumbai,6,Android,0
7880.81,Bill Payment,Chennai,10,iOS,0
28392.13,Send Money,Kolkata,20,iOS,0
19519.03,Bill Payment,Mumbai,23,Android,0
38428.16,Bill Payment,Mumbai,10,iOS,0
27253.7,Send Money,Mumbai,6,Android,0
23800.86,Bill Payment,Chennai,10,Android,0
21998.27,Merchant Payment,Kolkata,17,Android,0
34131.16,Bill Payment,Hyderabad,20,iOS,0
25422.12,Merchant Payment,Hyderabad,8,iOS,0
21206.61,Send Money,Kolkata,12,Android,0
11002.3,Merchant Payment,Mumbai,9,Android,0
23503.57,Send Money,Kolkata,19,iOS,0
16212.97,Bill Payment,Mumbai,6,Android,0
18537.71,Send Money,Mumbai,20,Android,1
20621.41,Send Money,Mumbai,4,iOS,0
35876.7,Merchant Payment,Bangalore,12,iOS,1
1975.58,Merchant Payment,Mumbai,13,iOS,0
7131.48,Bill Payment,Bangalore,20,iOS,0
31007.84,Send Money,Mumbai,17,Android,0
7176.07,Merchant Payment,Chennai,17,iOS,0
33428.03,Merchant Payment,Bangalore,2,iOS,0
25570.18,Bill Payment,Chennai,0,iOS,0
15252.52,Bill Payment,Kolkata,9,iOS,0
10899.69,Merchant Payment,Delhi,20,Android,0
28007.27,Bill Payment,Chennai,5,iOS,0
26576.09,Bill Payment,Delhi,18,iOS,0
13184.85,Bill Payment,Delhi,10,iOS,0
3661.33,Send Money,Chennai,22,Android,0
44087.15,Send Money,Chennai,7,Android,0
21276.88,Merchant Payment,Hyderabad,8,iOS,0
29671.07,Merchant Payment,Mumbai,4,iOS,0
15783.68,Send Money,Mumbai,12,iOS,0
4527.04,Bill Payment,Hyderabad,10,Android,0
47692.96,Send Money,Kolkata,13,iOS,0
10123.41,Send Money,Hyderabad,21,Android,0
4376.12,Bill Payment,Mumbai,14,iOS,0
3601.03,Send Money,Mumbai,10,Android,1
48981.29,Bill Payment,Chennai,13,Android,0
716.19,Send Money,Kolkata,16,Android,0
35807.84,Bill Payment,Kolkata,6,iOS,0
9215.12,Bill Payment,Chennai,1,Android,0
13196.66,Send Money,Delhi,23,iOS,0
27417.71,Send Money,Chennai,15,Android,0
11092.64,Send Money,Bangalore,23,Android,0
47345.15,Bill Payment,Chennai,10,iOS,0
25548.75,Bill Payment,Chennai,4,iOS,0
19642.34,Send Money,Chennai,15,iOS,0
22125.06,Merchant Payment,Chennai,12,Android,0
12997.31,Send Money,Bangalore,15,Android,0
47480.66,Merchant Payment,Delhi,4,iOS,0
42484.36,Send Money,Delhi,4,iOS,1
48341.33,Merchant Payment,Chennai,17,Android,0
39459.21,Send Money,Chennai,15,iOS,0
19648.96,Bill Payment,Hyderabad,9,Android,0
20335.84,Bill Payment,Bangalore,10,iOS,0
18479.86,Send Money,Delhi,8,iOS,0
46161.94,Bill Payment,Mumbai,7,iOS,0
5056.55,Merchant Payment,Hyderabad,17,iOS,0
16167.13,Bill Payment,Mumbai,5,iOS,0
14759.06,Bill Payment,Bangalore,14,iOS,0
4783.22,Merchant Payment,Mumbai,23,iOS,0
16087.9,Merchant Payment,Kolkata,14,iOS,0
13401.1,Bill Payment,Bangalore,20,iOS,0
47552.73,Merchant Payment,Hyderabad,13,iOS,1
7636.75,Bill Payment,Chennai,0,Android,0
36559.66,Bill Payment,Mumbai,18,Android,0
1028.22,Bill Payment,Mumbai,2,iOS,0
19530.34,Bill Payment,Chennai,0,Android,0
12767.89,Send Money,Mumbai,1,iOS,0
12506.84,Bill Payment,Delhi,11,Android,0
326.17,Merchant Payment,Mumbai,9,Android,0
26193.88,Send Money,Hyderabad,15,iOS,0
12451.5,Send Money,Kolkata,17,Android,0
48101.1,Merchant Payment,Delhi,4,iOS,0
27782.37,Bill Payment,Hyderabad,8,iOS,0
36290.25,Send Money,Kolkata,18,iOS,1
40343.65,Send Money,Kolkata,15,Android,0
4047.78,Merchant Payment,Kolkata,9,iOS,0
25961.85,Send Money,Mumbai,22,iOS,0
10260.48,Merchant Payment,Kolkata,1,Android,0
37556.55,Send Money,Chennai,5,Android,0
34966.55,Bill Payment,Mumbai,5,Android,0
9284.35,Merchant Payment,Bangalore,1,Android,0
9094.66,Send Money,Chennai,7,Android,0
43638.79,Bill Payment,Kolkata,17,Android,0
48810.28,Send Money,Bangalore,16,iOS,0
8601.75,Bill Payment,Chennai,11,iOS,0
39152.81,Merchant Payment,Mumbai,23,Android,0
13174.48,Merchant Payment,Delhi,10,Android,0
17019.51,Send Money,Mumbai,6,Android,0
3541.83,Send Money,Hyderabad,20,Android,0
47958.94,Merchant Payment,Bangalore,17,Android,0
25596.0,Bill Payment,Bangalore,7,iOS,0
49912.82,Bill Payment,Mumbai,11,iOS,0
2112.9,Bill Payment,Kolkata,12,iOS,0
377.33,Bill Payment,Mumbai,23,iOS,0
7822.14,Merchant Payment,Kolkata,21,Android,0
4226.4,Send Money,Delhi,6,Android,0
20154.11,Bill Payment,Delhi,4,iOS,0
23594.57,Merchant Payment,Delhi,6,iOS,0
6290.0,Bill Payment,Delhi,9,Android,0
26022.56,Merchant Payment,Delhi,21,Android,0
30987.67,Merchant Payment,Chennai,10,iOS,0
41213.7,Bill Payment,Mumbai,21,iOS,0
27552.71,Send Money,Mumbai,7,iOS,0
5097.41,Merchant Payment,Delhi,15,Android,0
3524.85,Send Money,Kolkata,6,Android,0
6380.06,Send Money,Chennai,0,iOS,0
47482.27,Merchant Payment,Bangalore,23,iOS,0
9153.33,Send Money,Chennai,23,iOS,0
34580.79,Merchant Payment,Hyderabad,20,Android,0
12146.52,Bill Payment,Kolkata,18,iOS,0
5915.36,Bill Payment,Chennai,9,iOS,0
14207.45,Send Money,Bangalore,21,iOS,0
8493.15,Merchant Payment,Chennai,10,Android,0
26104.65,Send Money,Delhi,18,Android,0
45764.71,Send Money,Hyderabad,12,Android,0
10058.8,Merchant Payment,Delhi,2,iOS,0
21960.49,Send Money,Bangalore,14,iOS,0
39902.41,Merchant Payment,Hyderabad,18,Android,0
29781.26,Merchant Payment,Bangalore,13,Android,0
18570.31,Send Money,Chennai,15,iOS,0
38763.91,Bill Payment,Kolkata,22,Android,0
15254.73,Send Money,Hyderabad,15,iOS,0
18969.5,Send Money,Hyderabad,13,Android,0
15413.27,Merchant Payment,Chennai,19,iOS,0
28372.35,Merchant Payment,Bangalore,19,Android,0
2053.09,Send Money,Mumbai,6,iOS,0
22908.35,Bill Payment,Bangalore,16,Android,0
42113.69,Merchant Payment,Hyderabad,13,iOS,0
16720.33,Send Money,Chennai,16,iOS,0
21051.38,Bill Payment,Bangalore,15,Android,0
7573.88,Send Money,Bangalore,14,iOS,0
45281.81,Send Money,Mumbai,22,iOS,0
32731.95,Bill Payment,Kolkata,8,Android,1
22965.21,Bill Payment,Kolkata,21,iOS,0
14017.24,Merchant Payment,Delhi,7,Android,0
26250.86,Merchant Payment,Delhi,20,iOS,0
17886.33,Bill Payment,Mumbai,23,Android,0
952.39,Bill Payment,Chennai,16,iOS,0
19879.73,Bill Payment,Kolkata,19,Android,0
29453.47,Bill Payment,Kolkata,18,iOS,0
15022.98,Bill Payment,Kolkata,15,Android,0
4247.89,Bill Payment,Kolkata,13,iOS,0
27898.76,Merchant Payment,Kolkata,1,iOS,0
38532.76,Send Money,Hyderabad,15,iOS,0
4511.85,Bill Payment,Bangalore,0,iOS,0
2442.89,Send Money,Bangalore,4,iOS,0
13751.11,Merchant Payment,Delhi,16,Android,0
3533.77,Merchant Payment,Delhi,11,Android,0
37307.75,Merchant Payment,Hyderabad,20,iOS,0
49507.38,Send Money,Mumbai,23,Android,0
33032.58,Merchant Payment,Delhi,23,Android,0
15179.11,Merchant Payment,Chennai,2,Android,0
9540.23,Merchant Payment,Kolkata,7,Android,0
33898.4,Merchant Payment,Kolkata,15,iOS,0
38455.41,Bill Payment,Bangalore,1,iOS,1
11780.25,Bill Payment,Kolkata,20,iOS,0
48902.36,Bill Payment,Delhi,20,Android,0
31158.03,Merchant Payment,Hyderabad,8,iOS,0
16098.24,Merchant Payment,Kolkata,22,Android,0
43208.29,Send Money,Mumbai,10,iOS,0
14345.84,Send Money,Bangalore,13,iOS,0
10775.7,Merchant Payment,Chennai,15,iOS,0
31146.32,Merchant Payment,Kolkata,6,Android,0
13653.96,Bill Payment,Hyderabad,3,Android,0
2661.09,Bill Payment,Mumbai,20,iOS,0
10041.32,Send Money,Mumbai,2,Android,0
49740.22,Merchant Payment,Delhi,16,Android,0
42222.23,Merchant Payment,Bangalore,13,Android,0
43506.07,Merchant Payment,Mumbai,9,Android,0
34309.6,Merchant Payment,Bangalore,19,Android,0
20431.75,Merchant Payment,Kolkata,15,Android,0
7884.31,Send Money,Kolkata,10,Android,0
7122.73,Send Money,Bangalore,0,Android,0
47206.31,Send Money,Bangalore,22,iOS,1
17400.05,Send Money,Delhi,0,Android,1
23586.47,Send Money,Bangalore,17,iOS,0
33432.59,Bill Payment,Delhi,10,Android,0
48875.52,Bill Payment,Chennai,23,Android,0
14853.97,Send Money,Hyderabad,19,Android,0
39680.95,Send Money,Delhi,11,iOS,0
9697.69,Bill Payment,Bangalore,20,iOS,0
22345.35,Bill Payment,Chennai,4,Android,0
16836.99,Merchant Payment,Delhi,17,Android,0
15829.84,Merchant Payment,Mumbai,9,Android,0
37299.76,Merchant Payment,Delhi,18,Android,0
10479.55,Send Money,Bangalore,0,iOS,0
1831.23,Bill Payment,Hyderabad,12,iOS,0
9841.67,Bill Payment,Mumbai,5,Android,0
27249.13,Bill Payment,Hyderabad,11,iOS,0
25088.08,Bill Payment,Bangalore,20,iOS,0
13631.7,Bill Payment,Mumbai,12,iOS,0
32207.9,Bill Payment,Hyderabad,6,Android,0
3759.17,Bill Payment,Bangalore,11,Android,0
15437.68,Merchant Payment,Kolkata,15,iOS,0
43402.18,Send Money,Chennai,3,iOS,1
24559.18,Send Money,Chennai,19,Android,0
9080.91,Send Money,Bangalore,23,Android,0
21848.23,Send Money,Bangalore,3,Android,1
36486.8,Bill Payment,Chennai,1,iOS,0
25880.09,Merchant Payment,Kolkata,4,iOS,0
805.66,Send Money,Chennai,5,iOS,0
35730.46,Send Money,Bangalore,10,iOS,0
20114.43,Send Money,Kolkata,20,Android,0
29684.72,Send Money,Mumbai,2,iOS,0
41329.13,Send Money,Bangalore,21,Android,0
43947.66,Bill Payment,Hyderabad,10,Android,0
15080.07,Send Money,Mumbai,14,iOS,0
10092.38,Merchant Payment,Mumbai,8,iOS,0
47479.14,Bill Payment,Chennai,12,iOS,0
25274.83,Merchant Payment,Delhi,2,Android,0
5772.39,Send Money,Bangalore,14,Android,0
21676.65,Send Money,Hyderabad,12,iOS,0
27725.44,Send Money,Hyderabad,19,iOS,0
7495.21,Bill Payment,Chennai,22,iOS,0
42274.44,Send Money,Mumbai,19,iOS,1
11258.93,Send Money,Bangalore,23,Android,0
24050.6,Send Money,Kolkata,1,iOS,0
24946.46,Send Money,Kolkata,15,Android,0
28612.44,Merchant Payment,Hyderabad,8,Android,0
6037.67,Bill Payment,Mumbai,5,Android,0
40746.96,Merchant Payment,Mumbai,8,iOS,0
19489.66,Send Money,Chennai,15,Android,0
17074.25,Send Money,Hyderabad,20,Android,0
37888.25,Bill Payment,Hyderabad,20,iOS,0
7695.23,Bill Payment,Kolkata,18,iOS,0
42918.55,Send Money,Delhi,9,iOS,0
40035.58,Bill Payment,Bangalore,1,iOS,0
11398.28,Merchant Payment,Hyderabad,6,Android,0
11841.83,Merchant Payment,Hyderabad,10,Android,0
7945.84,Send Money,Mumbai,16,Android,0
471.85,Bill Payment,Mumbai,0,Android,0
31336.49,Send Money,Delhi,19,Android,0
20604.62,Bill Payment,Hyderabad,1,Android,0
45534.1,Send Money,Hyderabad,18,Android,0
16646.94,Bill Payment,Hyderabad,14,Android,0
353.83,Merchant Payment,Delhi,8,iOS,0
11184.97,Send Money,Kolkata,22,Android,0
10915.28,Bill Payment,Delhi,12,iOS,0
21984.97,Merchant Payment,Chennai,15,iOS,0
11754.93,Bill Payment,Mumbai,14,Android,0
14570.25,Bill Payment,Chennai,20,Android,0
45974.47,Merchant Payment,Hyderabad,8,iOS,0
30463.84,Bill Payment,Bangalore,18,Android,0
382.75,Merchant Payment,Mumbai,20,Android,0
9916.58,Merchant Payment,Chennai,8,Android,0
12044.74,Send Money,Delhi,5,Android,0
49944.59,Send Money,Chennai,14,iOS,1
11283.92,Bill Payment,Bangalore,21,iOS,0
13741.53,Bill Payment,Chennai,1,iOS,0
8439.25,Send Money,Kolkata,17,Android,0
25652.59,Bill Payment,Mumbai,23,Android,0
14723.21,Bill Payment,Delhi,9,Android,0
11173.9,Bill Payment,Bangalore,9,Android,0
8731.36,Bill Payment,Bangalore,9,Android,0
20686.02,Merchant Payment,Kolkata,12,Android,0
20617.41,Merchant Payment,Kolkata,0,Android,1
27785.17,Merchant Payment,Kolkata,0,iOS,0
28167.17,Send Money,Chennai,19,Android,0
22532.48,Send Money,Chennai,20,Android,0
8595.94,Bill Payment,Chennai,10,iOS,0
46320.32,Bill Payment,Chennai,4,iOS,0
31135.26,Send Money,Mumbai,13,Android,0
2102.66,Bill Payment,Mumbai,15,Android,0
14989.35,Send Money,Hyderabad,22,Android,0
25006.81,Send Money,Delhi,12,Android,0
31077.81,Bill Payment,Hyderabad,0,Android,0
41748.87,Merchant Payment,Chennai,1,Android,0
32925.09,Send Money,Kolkata,3,Android,0
196.24,Send Money,Hyderabad,10,iOS,0
49560.09,Merchant Payment,Hyderabad,11,Android,0
36677.2,Bill Payment,Delhi,12,iOS,0
35824.49,Bill Payment,Chennai,20,iOS,0
2434.24,Send Money,Hyderabad,5,Android,0
32898.01,Bill Payment,Hyderabad,13,Android,0
43309.86,Send Money,Chennai,7,iOS,0
30424.75,Merchant Payment,Chennai,4,Android,0
48711.3,Bill Payment,Delhi,16,Android,0
12872.66,Send Money,Kolkata,16,Android,0
995.75,Send Money,Bangalore,23,iOS,0
22564.91,Send Money,Mumbai,20,iOS,0
22442.09,Bill Payment,Hyderabad,5,Android,0
5127.49,Bill Payment,Kolkata,8,Android,0
22119.7,Send Money,Mumbai,22,Android,0
40014.42,Merchant Payment,Delhi,0,Android,0
31349.83,Send Money,Bangalore,17,Android,0
6943.99,Send Money,Mumbai,23,Android,0
32656.65,Bill Payment,Bangalore,1,Android,0
23970.44,Send Money,Bangalore,15,Android,0
43792.07,Bill Payment,Bangalore,23,Android,0
32543.44,Bill Payment,Bangalore,7,Android,0
2496.44,Send Money,Kolkata,17,iOS,0
47817.43,Merchant Payment,Hyderabad,15,iOS,0
37825.88,Bill Payment,Kolkata,22,iOS,0
47880.05,Send Money,Kolkata,7,iOS,0
5623.19,Merchant Payment,Hyderabad,4,iOS,0
16611.74,Bill Payment,Hyderabad,15,iOS,0
29178.84,Merchant Payment,Hyderabad,6,Android,0
27705.43,Bill Payment,Chennai,1,iOS,0
31615.15,Merchant Payment,Hyderabad,0,Android,0
21276.52,Send Money,Kolkata,23,Android,0
19808.99,Send Money,Mumbai,12,iOS,0
4333.34,Bill Payment,Kolkata,19,iOS,0
7328.03,Bill Payment,Delhi,22,iOS,0
38294.38,Merchant Payment,Delhi,6,Android,0
38782.41,Merchant Payment,Chennai,7,iOS,0
16990.79,Send Money,Hyderabad,16,iOS,0
3480.13,Merchant Payment,Chennai,16,iOS,0
45661.67,Merchant Payment,Hyderabad,9,iOS,0
46416.07,Bill Payment,Delhi,15,Android,0
32233.82,Send Money,Kolkata,0,Android,1
47592.1,Bill Payment,Bangalore,5,iOS,0
7275.43,Merchant Payment,Chennai,11,Android,0
34092.65,Send Money,Chennai,7,iOS,0
10963.64,Merchant Payment,Kolkata,19,iOS,0
38957.4,Send Money,Delhi,15,Android,1
28098.27,Bill Payment,Chennai,10,iOS,0
20588.1,Send Money,Delhi,7,Android,0
34094.02,Send Money,Hyderabad,6,Android,0
36470.23,Bill Payment,Mumbai,12,Android,0
13389.76,Merchant Payment,Chennai,2,Android,0
23432.57,Send Money,Mumbai,8,iOS,0
19245.88,Bill Payment,Chennai,23,iOS,0
32303.01,Merchant Payment,Delhi,22,iOS,0
17871.88,Bill Payment,Chennai,0,iOS,0
4601.48,Merchant Payment,Bangalore,12,Android,0
6466.92,Merchant Payment,Mumbai,9,iOS,0
13534.28,Merchant Payment,Bangalore,5,Android,0
302.44,Bill Payment,Hyderabad,0,iOS,0
26524.67,Send Money,Mumbai,4,iOS,0
34268.91,Send Money,Mumbai,15,Android,0
40490.36,Merchant Payment,Bangalore,3,Android,0
31632.24,Send Money,Hyderabad,15,iOS,0
6423.29,Send Money,Mumbai,22,Android,1
1306.05,Send Money,Bangalore,2,Android,1
45630.0,Merchant Payment,Chennai,18,Android,0
15637.43,Bill Payment,Kolkata,21,Android,0
12532.95,Merchant Payment,Delhi,21,Android,0
8568.54,Bill Payment,Hyderabad,15,Android,0
18132.32,Send Money,Bangalore,0,Android,0
5066.15,Bill Payment,Mumbai,15,Android,0
49055.79,Send Money,Bangalore,14,Android,0
22189.04,Send Money,Delhi,6,Android,0
45763.14,Send Money,Mumbai,22,Android,1
17163.45,Merchant Payment,Chennai,11,iOS,0
37610.73,Send Money,Delhi,10,iOS,0
48091.17,Bill Payment,Mumbai,15,iOS,0
14509.49,Merchant Payment,Chennai,1,iOS,0
14400.19,Send Money,Delhi,23,Android,0
43951.4,Send Money,Hyderabad,20,Android,0
46472.58,Bill Payment,Hyderabad,6,Android,0
12363.49,Bill Payment,Kolkata,14,Android,0
7410.18,Send Money,Chennai,19,iOS,0
6416.83,Merchant Payment,Hyderabad,2,iOS,0
34915.13,Bill Payment,Hyderabad,13,Android,0
47529.91,Bill Payment,Mumbai,4,Android,0
21342.22,Merchant Payment,Delhi,14,iOS,0
31683.85,Merchant Payment,Mumbai,16,Android,0
26587.5,Send Money,Delhi,9,iOS,0
27832.21,Send Money,Bangalore,1,iOS,0
2365.77,Merchant Payment,Chennai,10,Android,0
11349.81,Bill Payment,Mumbai,3,iOS,0
22151.01,Send Money,Hyderabad,6,iOS,0
30388.7,Merchant Payment,Hyderabad,8,iOS,0
21069.47,Send Money,Kolkata,17,Android,0
33438.05,Send Money,Mumbai,12,iOS,0
19578.52,Merchant Payment,Hyderabad,2,iOS,0
11385.17,Bill Payment,Chennai,18,Android,0
44170.23,Bill Payment,Chennai,3,iOS,0
10153.96,Merchant Payment,Chennai,16,iOS,0
20932.35,Send Money,Delhi,12,iOS,0
34805.09,Send Money,Hyderabad,22,iOS,0
30763.33,Merchant Payment,Chennai,13,Android,0
45190.5,Send Money,Kolkata,13,iOS,0
43380.4,Bill Payment,Kolkata,12,Android,0
769.35,Send Money,Hyderabad,18,Android,0
27286.59,Send Money,Delhi,2,iOS,0
14562.0,Send Money,Hyderabad,4,iOS,0
41185.49,Send Money,Kolkata,1,Android,1
20733.26,Merchant Payment,Bangalore,19,iOS,0
38615.65,Bill Payment,Delhi,21,iOS,0
9922.92,Merchant Payment,Delhi,12,iOS,0
38171.72,Send Money,Delhi,7,Android,1
44079.34,Bill Payment,Kolkata,18,Android,0
13782.79,Merchant Payment,Mumbai,14,iOS,0
47615.32,Bill Payment,Kolkata,21,iOS,0
35981.55,Bill Payment,Kolkata,0,iOS,1
3391.3,Send Money,Kolkata,0,iOS,1
1849.6,Bill Payment,Delhi,18,iOS,0
30478.35,Send Money,Chennai,5,Android,0
4010.17,Merchant Payment,Bangalore,5,iOS,0
20670.49,Bill Payment,Kolkata,22,iOS,0
40067.85,Merchant Payment,Kolkata,3,Android,0
1887.42,Merchant Payment,Chennai,16,iOS,0
49776.35,Merchant Payment,Delhi,20,Android,0
36880.93,Merchant Payment,Kolkata,19,iOS,0
41001.3,Merchant Payment,Bangalore,2,Android,0
31276.95,Bill Payment,Hyderabad,15,iOS,0
20702.45,Bill Payment,Chennai,19,iOS,0
36347.77,Merchant Payment,Chennai,21,iOS,0
25692.88,Send Money,Hyderabad,18,iOS,0
39692.01,Send Money,Bangalore,5,Android,0
34799.72,Merchant Payment,Bangalore,7,iOS,0
7929.1,Merchant Payment,Chennai,11,Android,0
33550.25,Send Money,Chennai,21,Android,0
4828.71,Merchant Payment,Kolkata,21,iOS,0
18855.92,Send Money,Hyderabad,22,Android,0
44460.99,Merchant Payment,Kolkata,16,Android,0
49743.12,Merchant Payment,Mumbai,20,Android,0
41040.76,Bill Payment,Hyderabad,20,iOS,0
30085.9,Send Money,Delhi,13,iOS,0
16612.55,Merchant Payment,Bangalore,8,iOS,0
31859.05,Send Money,Hyderabad,13,Android,0
23894.77,Bill Payment,Bangalore,13,Android,0
15584.79,Send Money,Bangalore,5,iOS,0
2111.11,Send Money,Bangalore,9,Android,0
48324.15,Bill Payment,Delhi,20,iOS,0
38859.87,Send Money,Mumbai,7,iOS,0
41663.92,Send Money,Chennai,12,Android,0
44070.62,Bill Payment,Mumbai,13,iOS,0
48059.01,Send Money,Hyderabad,13,iOS,0
29733.37,Merchant Payment,Kolkata,15,iOS,0
23292.91,Send Money,Mumbai,16,iOS,0
8473.32,Merchant Payment,Chennai,12,iOS,0
49623.01,Send Money,Kolkata,15,Android,0
27637.54,Send Money,Hyderabad,0,Android,1
34640.15,Bill Payment,Chennai,15,Android,0
13216.94,Send Money,Hyderabad,4,iOS,0
17358.08,Bill Payment,Hyderabad,5,Android,0
32056.81,Bill Payment,Mumbai,19,Android,0
731.6,Send Money,Kolkata,1,Android,0
12040.27,Merchant Payment,Mumbai,1,Android,0
19283.95,Send Money,Chennai,9,iOS,1
11058.9,Merchant Payment,Bangalore,16,Android,0
25048.43,Bill Payment,Delhi,3,iOS,0
18315.91,Send Money,Bangalore,13,Android,0
5420.44,Merchant Payment,Chennai,11,iOS,0
18820.27,Bill Payment,Kolkata,18,iOS,0
22779.26,Send Money,Hyderabad,1,iOS,0
24938.4,Bill Payment,Kolkata,14,iOS,0
38005.84,Merchant Payment,Kolkata,23,Android,0
2942.77,Send Money,Bangalore,23,iOS,1
48949.02,Merchant Payment,Chennai,12,Android,0
43555.58,Send Money,Chennai,18,Android,0
18437.4,Bill Payment,Delhi,1,Android,1
43834.1,Merchant Payment,Delhi,11,Android,0
22671.44,Send Money,Chennai,19,iOS,0
19419.05,Bill Payment,Hyderabad,19,Android,0
21598.08,Bill Payment,Mumbai,3,iOS,0
1920.89,Send Money,Hyderabad,22,iOS,0
31759.31,Bill Payment,Delhi,21,Android,0
43502.59,Bill Payment,Chennai,7,Android,0
45930.09,Send Money,Bangalore,1,Android,1
26178.1,Bill Payment,Hyderabad,16,Android,0
9602.79,Send Money,Mumbai,4,iOS,0
40020.85,Bill Payment,Mumbai,12,Android,0
3327.04,Send Money,Mumbai,1,iOS,1
18733.73,Send Money,Mumbai,10,iOS,0
27647.57,Send Money,Hyderabad,17,iOS,0
48337.49,Merchant Payment,Mumbai,5,Android,0
4251.04,Bill Payment,Bangalore,12,Android,0
38135.92,Bill Payment,Chennai,11,Android,0
2806.48,Bill Payment,Mumbai,12,iOS,0
15898.82,Send Money,Kolkata,12,Android,0
14381.94,Bill Payment,Delhi,7,iOS,0
12352.99,Merchant Payment,Hyderabad,6,Android,0
9473.42,Send Money,Chennai,18,Android,0
32511.64,Merchant Payment,Chennai,9,Android,0
40237.38,Merchant Payment,Delhi,6,Android,0
4860.55,Bill Payment,Hyderabad,13,Android,0
34469.95,Bill Payment,Kolkata,0,Android,1
32622.48,Bill Payment,Chennai,15,Android,0
49049.24,Bill Payment,Hyderabad,9,Android,0
49531.33,Merchant Payment,Hyderabad,12,Android,0
1845.24,Bill Payment,Bangalore,23,iOS,0
36404.43,Merchant Payment,Mumbai,0,Android,0
41990.98,Send Money,Kolkata,5,Android,0
20785.55,Merchant Payment,Hyderabad,11,Android,0
25300.94,Bill Payment,Delhi,10,iOS,0
33870.96,Bill Payment,Mumbai,9,Android,0
1626.12,Merchant Payment,Bangalore,11,Android,0
7778.43,Bill Payment,Bangalore,15,iOS,0
22238.3,Send Money,Delhi,21,iOS,0
5680.44,Bill Payment,Mumbai,20,Android,0
45397.58,Bill Payment,Kolkata,23,iOS,0
3763.72,Bill Payment,Chennai,14,iOS,0
32007.23,Send Money,Bangalore,0,Android,0
4567.57,Merchant Payment,Hyderabad,6,iOS,0
41663.64,Send Money,Bangalore,4,Android,1
45989.67,Bill Payment,Chennai,23,Android,0
44246.93,Send Money,Hyderabad,10,Android,0
41919.86,Send Money,Mumbai,4,iOS,0
23071.17,Send Money,Hyderabad,1,iOS,0
36360.15,Send Money,Hyderabad,15,iOS,0
38490.0,Send Money,Chennai,16,Android,0
28040.83,Bill Payment,Delhi,18,iOS,0
35987.2,Merchant Payment,Kolkata,21,iOS,0
39802.86,Merchant Payment,Kolkata,7,iOS,1
10229.06,Bill Payment,Kolkata,22,iOS,0
4452.47,Merchant Payment,Bangalore,1,iOS,0
7847.13,Merchant Payment,Mumbai,7,iOS,0
25296.5,Bill Payment,Bangalore,1,iOS,0
11552.74,Bill Payment,Chennai,5,iOS,0
9222.51,Merchant Payment,Chennai,20,iOS,0
21847.87,Merchant Payment,Delhi,1,iOS,0
18958.56,Bill Payment,Hyderabad,6,Android,0
43652.82,Merchant Payment,Mumbai,23,iOS,0
31899.81,Merchant Payment,Bangalore,23,iOS,0
38629.17,Merchant Payment,Mumbai,14,iOS,0
24999.08,Send Money,Bangalore,8,iOS,0
17416.33,Bill Payment,Kolkata,3,iOS,0
17957.05,Bill Payment,Delhi,15,Android,0
44059.45,Send Money,Delhi,6,iOS,0
10231.69,Send Money,Chennai,8,iOS,0
35289.85,Merchant Payment,Bangalore,3,iOS,0
43871.62,Send Money,Mumbai,12,Android,0
6841.23,Bill Payment,Kolkata,13,Android,0
37951.67,Merchant Payment,Bangalore,11,Android,0
8062.74,Send Money,Mumbai,7,Android,0
36214.89,Merchant Payment,Mumbai,15,Android,0
910.16,Merchant Payment,Hyderabad,9,Android,0
7882.57,Bill Payment,Delhi,2,Android,0
17068.53,Bill Payment,Chennai,14,iOS,0
1135.72,Send Money,Delhi,6,Android,0
20563.55,Bill Payment,Delhi,14,Android,0
19432.89,Bill Payment,Kolkata,2,Android,0
24749.84,Merchant Payment,Hyderabad,16,iOS,0
7664.62,Merchant Payment,Hyderabad,5,Android,0
14772.72,Send Money,Kolkata,1,Android,0
37339.05,Bill Payment,Mumbai,17,iOS,0
11256.16,Merchant Payment,Delhi,3,iOS,0
42767.03,Send Money,Kolkata,8,iOS,1
20081.99,Bill Payment,Chennai,1,iOS,0
2281.08,Merchant Payment,Delhi,21,Android,0
37871.07,Bill Payment,Kolkata,2,iOS,1
44426.3,Send Money,Mumbai,21,iOS,1
13057.7,Bill Payment,Delhi,15,iOS,0
622.16,Bill Payment,Delhi,15,Android,0
45742.97,Send Money,Delhi,1,iOS,1
2046.26,Merchant Payment,Delhi,21,Android,0
39321.65,Send Money,Chennai,0,Android,0
23477.56,Merchant Payment,Kolkata,15,iOS,0
48449.06,Bill Payment,Bangalore,5,Android,0
49974.48,Send Money,Delhi,4,Android,0
13710.64,Merchant Payment,Delhi,10,iOS,0
8590.16,Send Money,Kolkata,11,iOS,0
44616.39,Send Money,Mumbai,4,iOS,0
42290.83,Send Money,Mumbai,23,iOS,0
43175.96,Send Money,Mumbai,8,iOS,0
19055.42,Merchant Payment,Chennai,10,Android,0
22630.89,Bill Payment,Mumbai,11,Android,0
34519.66,Bill Payment,Chennai,17,iOS,0
34968.63,Bill Payment,Kolkata,0,iOS,0
31241.95,Bill Payment,Kolkata,4,iOS,1
41038.58,Bill Payment,Hyderabad,22,iOS,0
12872.67,Send Money,Mumbai,13,iOS,0
12715.07,Merchant Payment,Bangalore,17,Android,1
17460.64,Send Money,Kolkata,18,Android,0
881.08,Send Money,Kolkata,20,Android,0
5289.18,Merchant Payment,Mumbai,14,Android,0
35763.1,Send Money,Bangalore,9,iOS,1
6277.98,Bill Payment,Delhi,7,iOS,0
40426.89,Send Money,Delhi,8,Android,0
45490.52,Bill Payment,Hyderabad,23,iOS,0
33865.96,Send Money,Hyderabad,14,iOS,0
13153.07,Send Money,Kolkata,11,iOS,0
1194.38,Merchant Payment,Hyderabad,17,Android,0
5006.74,Send Money,Delhi,0,Android,0
33036.33,Merchant Payment,Hyderabad,13,iOS,0
18852.09,Bill Payment,Chennai,3,iOS,0
16628.92,Merchant Payment,Delhi,17,Android,0
35784.31,Merchant Payment,Kolkata,18,Android,0
18381.74,Send Money,Hyderabad,5,iOS,0
6868.52,Bill Payment,Kolkata,8,iOS,0
33029.99,Merchant Payment,Bangalore,3,iOS,0
17646.94,Merchant Payment,Chennai,0,iOS,0
22558.86,Send Money,Delhi,18,iOS,0
13979.2,Bill Payment,Bangalore,17,Android,0
11712.83,Bill Payment,Bangalore,7,iOS,0
24713.0,Send Money,Bangalore,10,iOS,0
7744.65,Merchant Payment,Kolkata,14,Android,0
41960.15,Merchant Payment,Bangalore,15,iOS,0
19684.39,Bill Payment,Bangalore,0,Android,0
19478.35,Send Money,Delhi,7,Android,0
40310.31,Bill Payment,Chennai,13,iOS,0
48850.55,Send Money,Kolkata,3,iOS,0
29932.5,Bill Payment,Delhi,3,Android,0
4929.5,Bill Payment,Mumbai,8,iOS,0
851.14,Send Money,Mumbai,10,iOS,0
4083.38,Merchant Payment,Delhi,8,iOS,0
2208.14,Bill Payment,Hyderabad,6,iOS,0
32147.99,Merchant Payment,Bangalore,0,Android,0
17431.8,Bill Payment,Kolkata,2,Android,0
19264.75,Bill Payment,Mumbai,19,iOS,0
19039.34,Bill Payment,Hyderabad,1,iOS,0
25253.56,Bill Payment,Hyderabad,2,iOS,0
18746.41,Send Money,Mumbai,18,iOS,0
27780.59,Merchant Payment,Kolkata,12,Android,0
20368.52,Bill Payment,Delhi,7,Android,0
38643.56,Bill Payment,Mumbai,18,iOS,0
8405.13,Send Money,Mumbai,15,Android,0
9621.08,Bill Payment,Hyderabad,18,Android,0
32915.43,Merchant Payment,Delhi,23,Android,0
27920.86,Send Money,Hyderabad,17,iOS,0
24701.12,Bill Payment,Mumbai,13,Android,0
8124.71,Send Money,Delhi,6,iOS,0
35108.21,Merchant Payment,Mumbai,12,iOS,0
3997.53,Send Money,Mumbai,14,Android,0
49779.92,Bill Payment,Hyderabad,20,iOS,0
16852.97,Send Money,Delhi,19,Android,0
10879.25,Merchant Payment,Bangalore,19,Android,0
17732.09,Bill Payment,Chennai,6,Android,0
34051.5,Bill Payment,Delhi,9,Android,0
25008.39,Send Money,Kolkata,22,Android,0
3153.93,Bill Payment,Bangalore,21,Android,0
47852.45,Bill Payment,Chennai,21,Android,0
31121.02,Send Money,Kolkata,11,Android,0
6203.78,Merchant Payment,Hyderabad,19,Android,0
18009.06,Bill Payment,Chennai,18,iOS,0
40856.97,Merchant Payment,Chennai,6,iOS,0
37357.09,Bill Payment,Hyderabad,5,iOS,0
44288.4,Bill Payment,Mumbai,22,iOS,0
37561.25,Merchant Payment,Hyderabad,3,Android,0
8460.13,Send Money,Hyderabad,8,iOS,0
12081.49,Merchant Payment,Kolkata,9,iOS,0
35340.36,Merchant Payment,Kolkata,0,iOS,0
35413.87,Bill Payment,Hyderabad,22,iOS,0
38697.04,Merchant Payment,Kolkata,20,iOS,0
29773.69,Merchant Payment,Bangalore,17,Android,0
23866.25,Send Money,Kolkata,6,iOS,0
17846.05,Send Money,Chennai,8,iOS,0
28246.47,Bill Payment,Kolkata,5,Android,0
38682.9,Bill Payment,Chennai,21,Android,0
1366.73,Merchant Payment,Kolkata,16,Android,0
48441.0,Merchant Payment,Hyderabad,1,Android,0
31463.6,Bill Payment,Chennai,4,Android,0
6405.82,Send Money,Chennai,1,iOS,0
41917.2,Merchant Payment,Hyderabad,20,Android,0
37160.14,Merchant Payment,Hyderabad,2,iOS,1
22728.54,Merchant Payment,Mumbai,20,Android,0
3689.86,Merchant Payment,Hyderabad,22,Android,0
48377.92,Bill Payment,Hyderabad,12,Android,0
49335.73,Merchant Payment,Chennai,12,Android,0
26113.62,Bill Payment,Mumbai,6,Android,0
57.76,Send Money,Delhi,14,Android,0
31299.37,Send Money,Chennai,4,iOS,1
33012.19,Send Money,Bangalore,0,Android,1
48117.64,Bill Payment,Delhi,3,Android,0
48983.33,Send Money,Hyderabad,7,Android,0
19147.41,Merchant Payment,Kolkata,7,Android,0
8535.13,Send Money,Mumbai,20,Android,0
40512.39,Merchant Payment,Hyderabad,21,iOS,0
33270.43,Send Money,Hyderabad,18,Android,0
23096.02,Send Money,Bangalore,19,iOS,0
40454.22,Merchant Payment,Bangalore,6,iOS,0
37839.92,Merchant Payment,Delhi,4,Android,0
23997.43,Bill Payment,Hyderabad,17,iOS,0
13181.83,Bill Payment,Delhi,14,Android,0
16979.7,Send Money,Chennai,19,iOS,0
2248.03,Bill Payment,Kolkata,22,iOS,0
47896.41,Bill Payment,Chennai,13,iOS,0
44820.04,Bill Payment,Bangalore,14,iOS,0
19963.79,Send Money,Delhi,15,iOS,0
49887.89,Send Money,Chennai,21,Android,0
22532.51,Bill Payment,Kolkata,10,Android,0
33841.95,Send Money,Bangalore,13,Android,0
21106.74,Merchant Payment,Delhi,8,iOS,0
36201.38,Bill Payment,Bangalore,3,iOS,0
27928.47,Merchant Payment,Mumbai,1,iOS,0
37216.24,Merchant Payment,Kolkata,9,iOS,0
29321.73,Bill Payment,Delhi,8,iOS,0
20876.62,Merchant Payment,Hyderabad,8,Android,0
25192.49,Bill Payment,Mumbai,6,iOS,0
296.49,Send Money,Kolkata,8,iOS,0
12950.06,Bill Payment,Bangalore,20,iOS,0
20145.73,Send Money,Hyderabad,23,Android,0
26336.28,Send Money,Chennai,11,iOS,0
47799.65,Send Money,Bangalore,14,iOS,0
18721.3,Bill Payment,Kolkata,8,Android,0
20122.41,Bill Payment,Mumbai,14,Android,0
25717.94,Merchant Payment,Kolkata,23,iOS,0
3422.47,Merchant Payment,Kolkata,21,iOS,0
10700.49,Send Money,Mumbai,10,iOS,0
5262.86,Send Money,Delhi,17,Android,1
15156.79,Send Money,Chennai,2,Android,0
39099.44,Bill Payment,Hyderabad,22,iOS,0
28456.4,Send Money,Bangalore,2,iOS,0
49359.99,Merchant Payment,Mumbai,3,Android,0
26745.22,Bill Payment,Delhi,12,iOS,0
2452.51,Bill Payment,Bangalore,7,iOS,0
44200.77,Merchant Payment,Kolkata,11,iOS,0
2738.91,Send Money,Delhi,23,iOS,0
43002.59,Merchant Payment,Bangalore,14,Android,0
37844.58,Bill Payment,Bangalore,1,iOS,0
35935.73,Send Money,Chennai,1,Android,1
45678.0,Merchant Payment,Kolkata,8,Android,0
18425.51,Send Money,Mumbai,4,iOS,0
49194.89,Merchant Payment,Mumbai,15,Android,0
22820.99,Bill Payment,Mumbai,18,iOS,0
22627.85,Send Money,Chennai,0,iOS,0
19347.27,Send Money,Mumbai,13,Android,0
8633.87,Merchant Payment,Mumbai,20,iOS,0
2383.63,Send Money,Bangalore,17,Android,0
17469.98,Merchant Payment,Bangalore,3,Android,0
10585.05,Merchant Payment,Bangalore,1,Android,0
45087.55,Bill Payment,Kolkata,4,Android,1
27345.38,Send Money,Hyderabad,11,iOS,0
26846.05,Bill Payment,Chennai,0,Android,0
1852.34,Send Money,Hyderabad,14,iOS,0
19222.35,Merchant Payment,Delhi,19,Android,0
23958.43,Merchant Payment,Chennai,17,iOS,0
4582.6,Send Money,Kolkata,22,iOS,0
14917.81,Merchant Payment,Kolkata,1,iOS,0
7303.2,Send Money,Kolkata,1,iOS,0
17821.59,Bill Payment,Hyderabad,14,iOS,0
39484.68,Bill Payment,Chennai,10,Android,0
13047.93,Send Money,Mumbai,4,Android,0
44912.81,Bill Payment,Hyderabad,10,Android,0
26872.23,Send Money,Delhi,8,Android,0
693.8,Merchant Payment,Chennai,0,iOS,0
38251.71,Merchant Payment,Chennai,7,Android,0
41780.05,Send Money,Mumbai,10,iOS,0
5290.0,Send Money,Mumbai,12,Android,0
9344.43,Merchant Payment,Hyderabad,16,Android,0
41627.05,Bill Payment,Chennai,13,iOS,0
21713.1,Send Money,Bangalore,23,Android,1
44004.0,Merchant Payment,Kolkata,17,iOS,0
32697.85,Bill Payment,Bangalore,18,Android,0
12004.01,Send Money,Delhi,15,Android,0
26928.85,Merchant Payment,Hyderabad,12,iOS,0
24110.71,Bill Payment,Chennai,4,Android,0
184.06,Send Money,Mumbai,16,Android,0
8874.91,Merchant Payment,Bangalore,23,Android,0
26073.8,Bill Payment,Bangalore,0,Android,0
25149.68,Merchant Payment,Mumbai,6,iOS,0
39522.77,Send Money,Kolkata,9,Android,0
47353.66,Merchant Payment,Delhi,10,iOS,0
37191.37,Send Money,Chennai,22,iOS,0
25082.03,Merchant Payment,Hyderabad,13,Android,0
36780.91,Merchant Payment,Chennai,8,iOS,0
30163.3,Bill Payment,Delhi,16,Android,0
25628.89,Merchant Payment,Bangalore,1,iOS,0
2967.49,Bill Payment,Mumbai,12,Android,0
11518.27,Merchant Payment,Chennai,13,iOS,0
5554.31,Send Money,Delhi,18,Android,0
48077.05,Bill Payment,Bangalore,14,iOS,0
47327.86,Bill Payment,Delhi,15,iOS,0
15274.24,Bill Payment,Delhi,11,Android,0
44211.66,Merchant Payment,Chennai,13,Android,0
45977.41,Send Money,Hyderabad,0,Android,1
45702.69,Send Money,Mumbai,1,Android,0
44194.49,Send Money,Hyderabad,22,iOS,1
32510.03,Merchant Payment,Hyderabad,3,Android,0
49059.38,Merchant Payment,Hyderabad,12,Android,0
12934.31,Merchant Payment,Hyderabad,16,Android,0
18875.81,Send Money,Hyderabad,0,iOS,0
18562.67,Merchant Payment,Kolkata,14,iOS,0
44398.95,Send Money,Hyderabad,15,iOS,0
49907.67,Merchant Payment,Mumbai,2,iOS,1
49281.93,Merchant Payment,Mumbai,16,Android,0
38419.94,Merchant Payment,Mumbai,1,iOS,0
40448.54,Send Money,Hyderabad,8,iOS,0
16001.08,Merchant Payment,Bangalore,7,Android,0
2770.74,Merchant Payment,Hyderabad,4,iOS,0
25448.62,Merchant Payment,Kolkata,13,iOS,0
138.9,Bill Payment,Chennai,16,iOS,0
1555.79,Merchant Payment,Mumbai,17,Android,0
12701.62,Send Money,Bangalore,11,Android,0
40990.93,Send Money,Bangalore,20,iOS,0
38090.46,Merchant Payment,Kolkata,4,iOS,0
21141.19,Merchant Payment,Kolkata,4,iOS,0
22549.15,Merchant Payment,Bangalore,19,Android,0
49596.55,Send Money,Chennai,6,iOS,0
26434.81,Send Money,Hyderabad,6,iOS,1
49846.01,Merchant Payment,Hyderabad,15,Android,0
41721.86,Bill Payment,Bangalore,17,iOS,0
1595.54,Bill Payment,Hyderabad,1,Android,0
29211.14,Send Money,Chennai,7,iOS,0
8010.64,Bill Payment,Kolkata,1,iOS,0
25478.64,Send Money,Hyderabad,4,Android,0
21746.74,Merchant Payment,Chennai,8,Android,0
2273.81,Bill Payment,Delhi,0,iOS,0
9814.06,Merchant Payment,Delhi,13,Android,0
19664.9,Send Money,Bangalore,21,Android,0
32750.22,Bill Payment,Mumbai,20,Android,0
19839.73,Merchant Payment,Mumbai,13,Android,0
25389.31,Bill Payment,Hyderabad,18,iOS,0
29143.27,Bill Payment,Kolkata,0,iOS,0
42843.84,Send Money,Delhi,19,iOS,0
45450.92,Send Money,Hyderabad,14,Android,0
17578.62,Merchant Payment,Chennai,17,Android,0
203.16,Merchant Payment,Mumbai,20,Android,0
2620.23,Send Money,Chennai,5,Android,0
21386.02,Send Money,Bangalore,10,iOS,0
38168.58,Send Money,Bangalore,4,iOS,0
48257.07,Merchant Payment,Kolkata,10,iOS,0
35646.86,Bill Payment,Kolkata,0,Android,0
36769.24,Send Money,Kolkata,1,iOS,0
9764.05,Merchant Payment,Kolkata,15,Android,0
34307.69,Merchant Payment,Chennai,12,Android,0
6655.83,Bill Payment,Chennai,20,iOS,0
15926.13,Bill Payment,Bangalore,0,iOS,0
32414.32,Bill Payment,Kolkata,14,Android,1
10350.55,Merchant Payment,Bangalore,22,Android,0
48358.16,Merchant Payment,Bangalore,10,Android,0
16883.94,Send Money,Delhi,6,iOS,0
43812.59,Send Money,Chennai,9,Android,0
13840.44,Bill Payment,Kolkata,2,Android,0
27354.5,Merchant Payment,Delhi,16,iOS,0
39605.37,Send Money,Delhi,7,Android,1
30647.55,Send Money,Chennai,20,Android,0
23210.4,Send Money,Kolkata,7,Android,0
1681.08,Send Money,Kolkata,23,Android,0
6193.86,Bill Payment,Mumbai,0,iOS,0
13675.52,Send Money,Mumbai,10,Android,0
17992.04,Send Money,Bangalore,19,Android,0
26779.35,Merchant Payment,Bangalore,11,Android,0
32797.54,Bill Payment,Delhi,11,Android,0
17955.04,Bill Payment,Chennai,16,iOS,0
9387.68,Bill Payment,Kolkata,9,iOS,0
49238.08,Send Money,Chennai,3,Android,1
49019.3,Merchant Payment,Hyderabad,17,Android,0
32584.44,Bill Payment,Kolkata,16,iOS,0
9696.64,Send Money,Chennai,6,Android,0
14809.73,Bill Payment,Chennai,1,Android,0
15290.07,Send Money,Chennai,3,Android,0
8392.88,Bill Payment,Mumbai,17,iOS,0
12552.84,Merchant Payment,Mumbai,17,Android,0
32767.93,Bill Payment,Delhi,16,iOS,0
33896.44,Bill Payment,Bangalore,9,Android,0
7104.19,Send Money,Delhi,6,iOS,0
40708.42,Bill Payment,Hyderabad,16,iOS,0
31853.15,Send Money,Bangalore,5,iOS,0
44977.51,Merchant Payment,Hyderabad,19,iOS,0
19923.43,Merchant Payment,Bangalore,3,iOS,0
10107.42,Merchant Payment,Hyderabad,19,iOS,0
28063.21,Merchant Payment,Delhi,19,Android,0
16961.96,Send Money,Bangalore,8,Android,0
27970.47,Merchant Payment,Kolkata,0,Android,0
35121.86,Bill Payment,Delhi,9,iOS,0
48296.73,Merchant Payment,Mumbai,13,iOS,0
12054.72,Merchant Payment,Delhi,12,iOS,0
9772.42,Send Money,Delhi,13,iOS,0
24360.54,Bill Payment,Kolkata,17,iOS,0
29561.45,Bill Payment,Mumbai,16,iOS,0
43306.15,Bill Payment,Mumbai,18,Android,0
8525.15,Bill Payment,Hyderabad,0,iOS,0
10473.62,Merchant Payment,Delhi,16,iOS,0
19667.4,Merchant Payment,Kolkata,9,iOS,0
29436.75,Bill Payment,Bangalore,0,Android,0
32319.35,Send Money,Delhi,3,iOS,1
7838.24,Send Money,Bangalore,0,Android,1
21220.98,Bill Payment,Kolkata,4,Android,1
24439.47,Send Money,Chennai,18,Android,1
10532.55,Bill Payment,Delhi,16,Android,0
40934.89,Merchant Payment,Delhi,21,Android,0
16963.61,Send Money,Mumbai,17,Android,0
42949.83,Send Money,Kolkata,10,iOS,1
9960.5,Send Money,Bangalore,17,iOS,0
1316.09,Send Money,Kolkata,18,iOS,0
14802.87,Send Money,Kolkata,15,iOS,0
46885.97,Bill Payment,Chennai,5,Android,0
18819.87,Bill Payment,Kolkata,22,iOS,0
17815.08,Bill Payment,Chennai,9,iOS,0
32490.6,Merchant Payment,Mumbai,22,iOS,0
20975.97,Bill Payment,Mumbai,7,Android,0
14136.98,Send Money,Bangalore,7,Android,0
29182.43,Send Money,Kolkata,22,Android,0
25646.01,Bill Payment,Chennai,5,iOS,0
48681.95,Merchant Payment,Hyderabad,6,Android,0
19581.81,Bill Payment,Delhi,13,Android,0
33604.44,Merchant Payment,Hyderabad,18,iOS,0
48234.23,Merchant Payment,Delhi,16,iOS,0
44669.76,Bill Payment,Delhi,16,iOS,0
12740.69,Merchant Payment,Kolkata,23,iOS,0
46430.9,Bill Payment,Chennai,23,Android,0
33426.37,Merchant Payment,Mumbai,23,Android,1
25962.24,Bill Payment,Chennai,17,Android,0
1108.61,Merchant Payment,Kolkata,3,Android,0
18537.37,Bill Payment,Chennai,17,Android,0
21437.45,Merchant Payment,Chennai,3,iOS,0
3155.41,Merchant Payment,Mumbai,17,iOS,0
15535.91,Merchant Payment,Bangalore,22,Android,0
6886.33,Merchant Payment,Mumbai,19,Android,0
11550.72,Send Money,Hyderabad,12,iOS,0
5520.16,Merchant Payment,Delhi,23,iOS,0
2966.42,Merchant Payment,Delhi,0,iOS,0
8394.64,Send Money,Chennai,11,Android,0
19738.91,Send Money,Chennai,3,iOS,0
10032.7,Merchant Payment,Hyderabad,12,Android,0
18341.96,Send Money,Chennai,1,iOS,0
48227.43,Merchant Payment,Kolkata,14,Android,0
24380.99,Send Money,Delhi,9,iOS,0
18579.87,Bill Payment,Kolkata,20,iOS,0
23630.28,Bill Payment,Bangalore,1,Android,0
8392.04,Bill Payment,Bangalore,3,iOS,0
37145.68,Merchant Payment,Mumbai,22,Android,0
20758.89,Merchant Payment,Mumbai,20,Android,0
35242.57,Bill Payment,Kolkata,3,Android,1
5980.46,Merchant Payment,Bangalore,10,iOS,0
44736.32,Send Money,Delhi,7,Android,0
27367.12,Merchant Payment,Mumbai,8,iOS,0
1836.74,Bill Payment,Kolkata,0,Android,0
10717.24,Merchant Payment,Mumbai,20,iOS,0
9596.68,Bill Payment,Kolkata,2,Android,0
34249.97,Merchant Payment,Bangalore,7,Android,0
8193.52,Bill Payment,Bangalore,5,iOS,0
25537.8,Bill Payment,Chennai,7,Android,0
45196.97,Merchant Payment,Chennai,9,iOS,0
39807.89,Merchant Payment,Chennai,2,Android,0
8598.07,Merchant Payment,Bangalore,16,Android,0
49070.05,Send Money,Delhi,20,iOS,0
21102.45,Bill Payment,Delhi,9,Android,0
28826.64,Merchant Payment,Delhi,5,iOS,0
24839.64,Bill Payment,Delhi,3,Android,0
19298.78,Merchant Payment,Delhi,3,iOS,0
33457.14,Bill Payment,Bangalore,2,Android,0
27008.63,Bill Payment,Chennai,15,iOS,0
25194.39,Send Money,Chennai,14,iOS,0
41267.27,Send Money,Delhi,7,iOS,0
34290.74,Bill Payment,Bangalore,3,iOS,0
41387.47,Merchant Payment,Kolkata,15,iOS,0
14014.12,Merchant Payment,Hyderabad,0,iOS,0
27578.09,Merchant Payment,Hyderabad,12,Android,0
404.8,Send Money,Bangalore,5,iOS,0
39202.96,Bill Payment,Bangalore,6,iOS,0
38209.18,Send Money,Mumbai,16,Android,1
1112.58,Bill Payment,Hyderabad,3,iOS,0
47095.71,Send Money,Kolkata,14,Android,0
3956.19,Merchant Payment,Delhi,7,iOS,0
45962.44,Bill Payment,Hyderabad,11,iOS,0
25188.81,Bill Payment,Mumbai,0,iOS,0
22411.44,Merchant Payment,Chennai,5,Android,0
11594.78,Merchant Payment,Bangalore,12,Android,0
970.65,Send Money,Hyderabad,19,iOS,0
41910.42,Merchant Payment,Chennai,12,Android,0
10359.21,Merchant Payment,Kolkata,12,Android,0
26342.13,Send Money,Mumbai,0,iOS,0
924.04,Merchant Payment,Chennai,20,Android,0
13975.49,Bill Payment,Hyderabad,6,Android,0
14409.26,Bill Payment,Chennai,6,iOS,0
28115.76,Merchant Payment,Delhi,14,Android,0
30878.77,Bill Payment,Chennai,5,iOS,0
41701.66,Merchant Payment,Delhi,0,iOS,0
32106.25,Send Money,Kolkata,10,Android,1
11541.32,Send Money,Delhi,19,iOS,0
9139.87,Send Money,Delhi,13,Android,0
25220.2,Merchant Payment,Kolkata,20,iOS,0
30432.07,Bill Payment,Delhi,8,iOS,0
7288.43,Merchant Payment,Kolkata,8,iOS,0
15242.53,Send Money,Kolkata,10,iOS,0
18402.46,Merchant Payment,Kolkata,16,Android,0
31398.9,Merchant Payment,Kolkata,17,iOS,0
26233.5,Send Money,Hyderabad,16,Android,0
29207.56,Bill Payment,Delhi,2,iOS,0
18102.66,Send Money,Delhi,11,Android,0
26232.88,Send Money,Bangalore,13,iOS,0
38643.68,Bill Payment,Chennai,23,iOS,0
26821.57,Send Money,Delhi,18,Android,0
20952.52,Send Money,Mumbai,23,iOS,0
7734.2,Merchant Payment,Chennai,4,iOS,0
31696.0,Bill Payment,Bangalore,18,iOS,0
46805.46,Bill Payment,Mumbai,4,Android,0
2473.89,Send Money,Hyderabad,20,iOS,0
25437.88,Bill Payment,Bangalore,7,Android,0
23942.63,Send Money,Chennai,15,Android,0
14236.33,Merchant Payment,Delhi,12,Android,0
18975.5,Merchant Payment,Mumbai,15,Android,0
16122.88,Merchant Payment,Kolkata,14,iOS,0
10406.52,Send Money,Hyderabad,3,Android,0
13635.02,Send Money,Kolkata,9,iOS,0
32830.97,Bill Payment,Bangalore,10,iOS,0
3358.75,Bill Payment,Hyderabad,0,iOS,0
36451.31,Merchant Payment,Delhi,0,iOS,1
6797.18,Bill Payment,Hyderabad,9,iOS,0
6380.26,Merchant Payment,Chennai,9,Android,0
25304.5,Send Money,Delhi,13,Android,0
24490.4,Send Money,Bangalore,5,Android,0
13822.63,Bill Payment,Bangalore,5,Android,0
21007.29,Send Money,Hyderabad,13,Android,0
35942.92,Send Money,Bangalore,11,iOS,0
1347.13,Send Money,Hyderabad,8,Android,0
40134.27,Bill Payment,Kolkata,6,iOS,0
46268.89,Merchant Payment,Chennai,20,Android,0
11175.46,Bill Payment,Hyderabad,0,Android,0
13708.31,Bill Payment,Chennai,18,Android,0
435.15,Bill Payment,Chennai,17,Android,0
20080.12,Merchant Payment,Chennai,16,iOS,0
36137.49,Bill Payment,Chennai,10,iOS,0
11909.19,Send Money,Bangalore,4,Android,0
29781.01,Send Money,Chennai,0,Android,0
21078.92,Merchant Payment,Kolkata,2,iOS,0
5154.12,Merchant Payment,Hyderabad,6,iOS,0
8989.08,Bill Payment,Mumbai,12,iOS,0
29802.13,Send Money,Hyderabad,9,iOS,0
11563.34,Bill Payment,Mumbai,5,iOS,0
44269.69,Merchant Payment,Delhi,5,Android,0
29635.49,Bill Payment,Hyderabad,11,iOS,0
8891.81,Send Money,Chennai,22,Android,0
27496.32,Send Money,Mumbai,18,iOS,0
41152.61,Merchant Payment,Bangalore,9,iOS,0
15668.8,Merchant Payment,Hyderabad,12,iOS,0
19215.66,Bill Payment,Chennai,2,iOS,0
43793.51,Merchant Payment,Hyderabad,1,iOS,1
3218.93,Bill Payment,Hyderabad,15,Android,0
4089.66,Bill Payment,Delhi,13,iOS,0
8960.59,Send Money,Bangalore,9,Android,0
29848.72,Merchant Payment,Delhi,16,iOS,0
19554.08,Send Money,Delhi,4,Android,0
9219.93,Merchant Payment,Mumbai,7,iOS,0
10703.95,Bill Payment,Kolkata,18,iOS,0
23654.22,Send Money,Kolkata,9,Android,0
27477.2,Merchant Payment,Delhi,3,Android,0
15221.45,Merchant Payment,Mumbai,23,iOS,0
36097.99,Merchant Payment,Chennai,6,iOS,0
7656.55,Send Money,Delhi,16,iOS,0
39181.63,Merchant Payment,Chennai,1,iOS,0
5996.34,Send Money,Hyderabad,13,Android,0
9443.7,Merchant Payment,Delhi,10,iOS,0
11953.75,Bill Payment,Mumbai,21,iOS,0
18433.09,Bill Payment,Delhi,6,iOS,0
13204.54,Bill Payment,Kolkata,16,Android,0
20519.85,Merchant Payment,Delhi,15,Android,0
23495.23,Merchant Payment,Chennai,6,iOS,0
30529.66,Send Money,Mumbai,20,Android,1
47925.39,Send Money,Kolkata,22,Android,1
6924.88,Send Money,Delhi,3,Android,0
34771.85,Send Money,Kolkata,22,iOS,0
14763.35,Bill Payment,Bangalore,0,Android,0
18613.8,Merchant Payment,Chennai,5,iOS,0
12196.01,Bill Payment,Delhi,23,iOS,0
8378.84,Bill Payment,Bangalore,22,Android,0
43299.54,Bill Payment,Kolkata,20,iOS,0
3918.01,Send Money,Delhi,1,iOS,0
26629.32,Bill Payment,Delhi,20,iOS,0
37431.55,Send Money,Kolkata,12,iOS,0
44103.66,Send Money,Chennai,21,Android,0
46670.37,Merchant Payment,Delhi,2,Android,0
43684.2,Send Money,Mumbai,3,Android,0
35275.61,Send Money,Kolkata,19,iOS,0
22442.58,Merchant Payment,Mumbai,20,iOS,0
42228.63,Bill Payment,Mumbai,5,Android,0
15171.96,Merchant Payment,Hyderabad,6,iOS,0
26205.2,Merchant Payment,Mumbai,5,iOS,0
16830.01,Merchant Payment,Bangalore,12,Android,0
14449.76,Merchant Payment,Delhi,13,iOS,0
5555.55,Send Money,Chennai,5,Android,0
3285.73,Send Money,Mumbai,11,Android,0
4468.88,Bill Payment,Mumbai,9,iOS,0
46412.31,Bill Payment,Delhi,12,iOS,0
42851.96,Merchant Payment,Bangalore,13,Android,0
30160.48,Bill Payment,Delhi,6,iOS,0
10819.75,Send Money,Chennai,1,iOS,0
6335.57,Merchant Payment,Bangalore,8,iOS,0
23340.9,Bill Payment,Kolkata,13,Android,0
4662.93,Send Money,Hyderabad,13,iOS,0
33111.53,Bill Payment,Bangalore,0,Android,0
30001.63,Bill Payment,Mumbai,19,Android,1
15716.53,Bill Payment,Delhi,23,Android,0
36456.25,Send Money,Hyderabad,8,Android,0
49212.91,Bill Payment,Chennai,0,Android,0
42283.11,Send Money,Mumbai,3,iOS,1
30463.92,Merchant Payment,Chennai,5,iOS,0
47924.31,Send Money,Bangalore,16,iOS,0
4691.2,Merchant Payment,Mumbai,1,Android,0
34775.12,Bill Payment,Chennai,2,iOS,0
21777.09,Merchant Payment,Chennai,0,Android,0
35907.81,Send Money,Delhi,11,Android,0
17285.64,Bill Payment,Chennai,9,iOS,0
45722.16,Bill Payment,Mumbai,17,Android,0
16275.18,Merchant Payment,Mumbai,20,iOS,0
19869.56,Bill Payment,Bangalore,22,Android,0
8567.52,Merchant Payment,Bangalore,9,Android,0
49877.18,Bill Payment,Mumbai,2,Android,0
21356.8,Send Money,Hyderabad,14,Android,0
49252.44,Merchant Payment,Chennai,11,iOS,0
23208.66,Send Money,Kolkata,2,iOS,0
7315.31,Bill Payment,Delhi,9,Android,0
8134.69,Merchant Payment,Chennai,13,Android,0
42164.29,Bill Payment,Kolkata,23,Android,0
47274.27,Bill Payment,Chennai,18,Android,0
37200.33,Merchant Payment,Kolkata,21,iOS,0
48885.7,Send Money,Mumbai,21,Android,0
41290.23,Merchant Payment,Mumbai,21,iOS,0
3305.41,Merchant Payment,Chennai,15,iOS,0
15263.1,Bill Payment,Delhi,8,iOS,0
14777.4,Bill Payment,Hyderabad,21,Android,0
29694.37,Bill Payment,Kolkata,11,Android,0
12091.64,Bill Payment,Hyderabad,0,iOS,0
10474.47,Bill Payment,Delhi,8,iOS,0
49241.3,Send Money,Chennai,10,iOS,0
35725.52,Bill Payment,Chennai,5,iOS,0
3228.61,Merchant Payment,Kolkata,17,iOS,0
2259.82,Merchant Payment,Delhi,16,Android,0
47487.76,Merchant Payment,Bangalore,5,Android,0
5124.62,Merchant Payment,Mumbai,14,iOS,0
20267.98,Merchant Payment,Chennai,2,iOS,0
19621.5,Send Money,Chennai,18,iOS,0
39404.99,Bill Payment,Mumbai,20,Android,0
23275.23,Merchant Payment,Hyderabad,13,iOS,0
11348.9,Bill Payment,Mumbai,16,Android,0
47062.22,Merchant Payment,Chennai,10,Android,0
37020.64,Send Money,Bangalore,3,Android,1
26511.68,Bill Payment,Kolkata,11,Android,0
31196.99,Send Money,Kolkata,10,Android,0
41415.51,Bill Payment,Chennai,10,iOS,0
2700.73,Send Money,Hyderabad,20,iOS,0
28856.6,Bill Payment,Delhi,0,iOS,0
38836.94,Bill Payment,Chennai,10,Android,0
15536.31,Merchant Payment,Mumbai,18,iOS,0
13973.15,Bill Payment,Mumbai,3,iOS,0
13135.76,Merchant Payment,Bangalore,9,iOS,0
44426.47,Send Money,Mumbai,23,iOS,0
10873.64,Merchant Payment,Mumbai,13,Android,0
23231.0,Bill Payment,Kolkata,8,Android,0
25736.17,Merchant Payment,Bangalore,20,iOS,0
31478.68,Merchant Payment,Delhi,9,iOS,0
33480.27,Bill Payment,Kolkata,8,iOS,0
33241.29,Bill Payment,Bangalore,15,iOS,0
30528.62,Bill Payment,Chennai,18,Android,0
17119.0,Bill Payment,Mumbai,16,Android,0
28056.84,Bill Payment,Bangalore,19,iOS,0
2765.58,Send Money,Bangalore,11,iOS,0
39073.34,Send Money,Delhi,13,Android,1
24822.24,Send Money,Chennai,17,iOS,0
27783.25,Send Money,Hyderabad,21,iOS,0
28157.99,Merchant Payment,Hyderabad,4,iOS,0
14137.49,Bill Payment,Chennai,3,iOS,0
47109.65,Send Money,Hyderabad,7,iOS,0
6884.37,Send Money,Mumbai,14,Android,1
43863.19,Send Money,Mumbai,8,Android,1
11788.16,Send Money,Chennai,23,iOS,0
33521.54,Send Money,Mumbai,23,Android,0
48751.07,Bill Payment,Kolkata,17,iOS,0
48309.4,Bill Payment,Kolkata,13,iOS,0
12615.84,Bill Payment,Mumbai,23,iOS,0
19839.66,Merchant Payment,Mumbai,10,iOS,0
8047.9,Send Money,Hyderabad,18,Android,0
34545.82,Bill Payment,Hyderabad,17,iOS,0
31280.66,Bill Payment,Chennai,10,Android,0
29564.09,Bill Payment,Mumbai,5,Android,0
46649.76,Merchant Payment,Bangalore,19,Android,0
45817.23,Bill Payment,Kolkata,20,Android,0
28691.8,Bill Payment,Mumbai,2,Android,0
27078.8,Bill Payment,Bangalore,0,iOS,0
17749.32,Merchant Payment,Delhi,11,Android,0
49302.66,Merchant Payment,Delhi,20,Android,0
13759.13,Merchant Payment,Kolkata,7,iOS,0
45960.11,Send Money,Mumbai,5,iOS,0
1036.71,Bill Payment,Delhi,16,iOS,0
33754.19,Send Money,Hyderabad,5,Android,1
27839.62,Send Money,Chennai,10,iOS,0
6029.37,Bill Payment,Bangalore,0,Android,0
27758.6,Send Money,Mumbai,14,iOS,0
35659.01,Send Money,Kolkata,5,Android,1
42707.75,Send Money,Delhi,0,iOS,0
36222.3,Send Money,Mumbai,10,iOS,0
24241.62,Send Money,Chennai,5,Android,0
26470.02,Send Money,Delhi,18,iOS,0
47189.8,Bill Payment,Mumbai,10,iOS,0
47151.6,Merchant Payment,Kolkata,5,iOS,0
21894.81,Send Money,Chennai,3,Android,1
8405.74,Merchant Payment,Bangalore,17,iOS,0
35038.62,Send Money,Mumbai,22,Android,0
39453.35,Merchant Payment,Chennai,17,Android,0
1227.63,Bill Payment,Chennai,23,iOS,0
36207.96,Send Money,Kolkata,4,iOS,1
24895.49,Bill Payment,Mumbai,12,iOS,0
42487.49,Merchant Payment,Delhi,21,Android,0
40990.18,Bill Payment,Bangalore,1,Android,0
18055.22,Merchant Payment,Hyderabad,8,Android,0
37038.15,Merchant Payment,Kolkata,6,iOS,0
13951.22,Merchant Payment,Hyderabad,5,iOS,0
5472.27,Bill Payment,Delhi,3,iOS,0
28669.84,Send Money,Kolkata,6,iOS,0
284.36,Merchant Payment,Chennai,11,iOS,0
22400.63,Send Money,Bangalore,1,iOS,0
19145.75,Bill Payment,Delhi,20,Android,0
3249.74,Send Money,Delhi,14,iOS,0
6364.05,Merchant Payment,Hyderabad,10,iOS,0
40663.51,Bill Payment,Mumbai,12,iOS,0
24394.83,Send Money,Hyderabad,5,Android,0
36510.87,Merchant Payment,Mumbai,20,Android,0
40236.84,Send Money,Delhi,1,Android,1
14929.01,Bill Payment,Chennai,4,iOS,0
29491.86,Send Money,Bangalore,15,Android,0
25526.16,Bill Payment,Mumbai,11,iOS,0
39639.61,Bill Payment,Kolkata,5,iOS,0
47834.41,Merchant Payment,Bangalore,21,Android,0
21926.49,Merchant Payment,Mumbai,23,iOS,0
44127.36,Send Money,Mumbai,11,iOS,0
26554.96,Send Money,Kolkata,23,iOS,0
18702.61,Merchant Payment,Mumbai,13,iOS,0
5391.17,Send Money,Delhi,9,iOS,0
9060.03,Bill Payment,Bangalore,18,iOS,0
31925.87,Send Money,Hyderabad,10,Android,1
11847.58,Send Money,Delhi,20,Android,0
30414.34,Send Money,Mumbai,19,Android,0
2438.35,Bill Payment,Delhi,12,iOS,0
43426.32,Merchant Payment,Delhi,12,Android,0
15551.59,Bill Payment,Chennai,10,iOS,0
8732.31,Send Money,Chennai,4,Android,0
40989.91,Merchant Payment,Chennai,22,iOS,0
2330.44,Merchant Payment,Bangalore,20,Android,0
39709.78,Send Money,Chennai,4,iOS,1
444.09,Send Money,Bangalore,13,Android,1
29747.48,Send Money,Kolkata,19,Android,0
27658.84,Merchant Payment,Bangalore,23,Android,0
12711.69,Merchant Payment,Hyderabad,9,Android,0
4761.72,Bill Payment,Delhi,22,iOS,0
7665.31,Bill Payment,Delhi,14,Android,0
21182.27,Send Money,Delhi,13,iOS,0
2208.45,Merchant Payment,Bangalore,22,iOS,0
17890.32,Merchant Payment,Chennai,3,iOS,0
11882.19,Send Money,Kolkata,16,iOS,0
43301.23,Merchant Payment,Hyderabad,5,iOS,0
28741.17,Bill Payment,Mumbai,18,Android,0
41259.42,Bill Payment,Kolkata,12,iOS,0
11281.95,Send Money,Hyderabad,8,iOS,0
35430.04,Bill Payment,Kolkata,0,iOS,1
5392.74,Bill Payment,Kolkata,13,iOS,0
15279.03,Bill Payment,Delhi,9,Android,0
10241.78,Bill Payment,Hyderabad,15,iOS,0
48584.77,Bill Payment,Chennai,17,Android,0
3769.23,Merchant Payment,Bangalore,19,Android,0
14576.08,Send Money,Mumbai,3,Android,0
45158.25,Send Money,Hyderabad,19,iOS,0
1782.35,Merchant Payment,Hyderabad,17,Android,0
232.43,Merchant Payment,Bangalore,13,iOS,0
23834.95,Merchant Payment,Delhi,4,Android,0
22988.17,Bill Payment,Hyderabad,18,Android,0
513.55,Bill Payment,Hyderabad,1,iOS,0
36141.37,Send Money,Kolkata,16,iOS,0
5544.89,Merchant Payment,Bangalore,12,iOS,0
14059.56,Send Money,Bangalore,16,iOS,0
47948.52,Merchant Payment,Hyderabad,14,iOS,0
14593.98,Bill Payment,Hyderabad,11,Android,0
22342.88,Send Money,Chennai,0,Android,0
36039.21,Merchant Payment,Hyderabad,5,Android,0
7865.24,Bill Payment,Delhi,8,iOS,0
36258.46,Bill Payment,Mumbai,1,Android,1
5167.22,Bill Payment,Hyderabad,23,iOS,0
8503.06,Send Money,Chennai,22,Android,0
6469.08,Merchant Payment,Delhi,4,Android,0
28847.31,Merchant Payment,Kolkata,7,iOS,1
47095.07,Merchant Payment,Kolkata,8,iOS,0
756.7,Bill Payment,Bangalore,4,iOS,0
23569.4,Bill Payment,Delhi,17,Android,0
73.67,Send Money,Delhi,15,iOS,0
8659.04,Send Money,Kolkata,15,Android,1
44183.86,Bill Payment,Kolkata,2,iOS,0
46215.68,Bill Payment,Delhi,2,iOS,0
26242.87,Merchant Payment,Bangalore,13,Android,0
37281.06,Bill Payment,Hyderabad,5,Android,0
25776.61,Send Money,Hyderabad,23,Android,0
40463.98,Merchant Payment,Kolkata,13,iOS,0
33359.57,Send Money,Delhi,18,Android,1
33024.2,Send Money,Kolkata,18,iOS,0
48748.61,Merchant Payment,Bangalore,18,iOS,0
14234.8,Send Money,Delhi,18,iOS,0
18669.64,Send Money,Chennai,10,Android,0
21808.27,Merchant Payment,Mumbai,15,iOS,0
3704.89,Send Money,Delhi,12,Android,0
15108.45,Send Money,Mumbai,6,iOS,0
43977.58,Send Money,Bangalore,18,Android,0
10525.08,Merchant Payment,Bangalore,7,iOS,0
403.16,Merchant Payment,Chennai,9,Android,0
46042.46,Send Money,Mumbai,18,Android,0
23810.26,Merchant Payment,Delhi,18,Android,0
17012.96,Bill Payment,Mumbai,6,iOS,0
7331.81,Bill Payment,Bangalore,0,Android,0
47673.61,Merchant Payment,Bangalore,20,iOS,0
25191.05,Send Money,Chennai,22,iOS,0
34338.86,Send Money,Hyderabad,9,iOS,0
43653.16,Bill Payment,Kolkata,7,Android,0
4449.71,Bill Payment,Kolkata,16,Android,0
47429.59,Send Money,Hyderabad,16,Android,0
46048.45,Send Money,Bangalore,9,iOS,0
32572.87,Merchant Payment,Delhi,21,Android,0
28425.65,Bill Payment,Bangalore,0,Android,0
474.13,Bill Payment,Kolkata,11,Android,0
28111.81,Merchant Payment,Hyderabad,0,Android,0
40146.98,Merchant Payment,Hyderabad,6,iOS,0
36221.63,Merchant Payment,Hyderabad,20,Android,0
26384.56,Merchant Payment,Bangalore,21,Android,0
12474.35,Merchant Payment,Mumbai,14,Android,0
14982.53,Send Money,Delhi,8,Android,0
39279.92,Send Money,Kolkata,23,Android,1
39512.57,Merchant Payment,Chennai,2,iOS,0
15334.64,Merchant Payment,Delhi,2,Android,0
41838.65,Merchant Payment,Mumbai,2,Android,0
21223.36,Bill Payment,Delhi,2,Android,0
34828.9,Merchant Payment,Kolkata,5,iOS,0
6725.97,Merchant Payment,Mumbai,3,Android,1
33568.45,Merchant Payment,Chennai,5,Android,0
9264.95,Merchant Payment,Delhi,7,iOS,0
15267.77,Merchant Payment,Hyderabad,1,iOS,0
33289.68,Merchant Payment,Kolkata,11,Android,1
12257.48,Bill Payment,Bangalore,4,iOS,0
30254.33,Bill Payment,Bangalore,3,Android,0
1338.23,Bill Payment,Hyderabad,10,iOS,0
42431.03,Bill Payment,Mumbai,8,iOS,0
40366.45,Bill Payment,Kolkata,18,Android,0
161.32,Send Money,Bangalore,17,Android,0
19398.78,Merchant Payment,Chennai,1,iOS,0
46564.59,Bill Payment,Chennai,12,iOS,0
38603.54,Merchant Payment,Chennai,11,Android,0
41901.24,Bill Payment,Mumbai,11,iOS,0
13208.04,Bill Payment,Delhi,8,iOS,0
34017.34,Bill Payment,Delhi,18,iOS,0
41166.76,Bill Payment,Kolkata,12,Android,0
10955.56,Merchant Payment,Bangalore,21,Android,0
11766.27,Send Money,Hyderabad,19,Android,0
38793.34,Bill Payment,Bangalore,17,Android,0
34093.23,Bill Payment,Chennai,11,Android,0
15418.11,Bill Payment,Kolkata,2,iOS,0
34163.47,Merchant Payment,Hyderabad,20,iOS,0
22034.51,Send Money,Bangalore,4,Android,0
46371.9,Send Money,Hyderabad,22,iOS,0
10056.5,Merchant Payment,Bangalore,2,iOS,0
25343.4,Send Money,Mumbai,18,Android,0
48283.83,Bill Payment,Chennai,23,Android,0
8583.62,Send Money,Mumbai,15,Android,0
24289.77,Send Money,Hyderabad,11,iOS,0
207.08,Bill Payment,Hyderabad,19,Android,0
49813.07,Send Money,Delhi,5,iOS,0
15207.12,Bill Payment,Mumbai,13,iOS,0
1805.53,Merchant Payment,Kolkata,16,Android,0
23794.67,Merchant Payment,Delhi,16,iOS,0
39014.21,Bill Payment,Bangalore,20,Android,0
48661.55,Bill Payment,Mumbai,16,Android,0
43109.32,Bill Payment,Kolkata,2,Android,0
11798.72,Bill Payment,Mumbai,8,iOS,0
3349.52,Bill Payment,Bangalore,11,Android,0
48707.67,Send Money,Bangalore,6,iOS,0
31761.45,Send Money,Delhi,3,Android,1
12668.6,Bill Payment,Delhi,16,iOS,0
43441.77,Bill Payment,Delhi,7,iOS,0
18302.8,Send Money,Kolkata,16,Android,0
37804.87,Bill Payment,Kolkata,8,Android,0
27473.33,Merchant Payment,Delhi,9,Android,0
8588.18,Send Money,Bangalore,16,iOS,0
45324.36,Merchant Payment,Delhi,15,Android,0
21688.22,Merchant Payment,Kolkata,17,iOS,0
34783.9,Send Money,Chennai,22,Android,0
17423.51,Merchant Payment,Delhi,4,iOS,0
46267.29,Bill Payment,Chennai,5,Android,0
42142.64,Bill Payment,Mumbai,7,Android,0
46237.39,Send Money,Delhi,4,iOS,1
45984.21,Bill Payment,Hyderabad,4,Android,0
16819.51,Bill Payment,Delhi,22,iOS,0
21537.23,Send Money,Chennai,20,iOS,0
28451.0,Bill Payment,Hyderabad,12,Android,0
33878.27,Merchant Payment,Bangalore,9,Android,0
38835.03,Bill Payment,Bangalore,20,iOS,0
34198.14,Bill Payment,Mumbai,3,iOS,0
3171.38,Merchant Payment,Bangalore,4,iOS,0
22755.58,Send Money,Delhi,20,Android,0
36550.61,Merchant Payment,Delhi,10,iOS,0
5940.63,Bill Payment,Kolkata,11,iOS,0
10229.48,Send Money,Delhi,19,iOS,0
18918.8,Send Money,Delhi,5,iOS,0
24313.27,Bill Payment,Hyderabad,16,iOS,0
34144.97,Send Money,Chennai,16,Android,0
8252.21,Send Money,Chennai,23,iOS,0
3617.46,Merchant Payment,Mumbai,16,iOS,0
34905.78,Merchant Payment,Kolkata,13,iOS,0
16068.06,Bill Payment,Hyderabad,21,iOS,0
36244.48,Bill Payment,Delhi,7,iOS,0
13412.31,Merchant Payment,Mumbai,20,iOS,0
6610.27,Merchant Payment,Hyderabad,8,iOS,0
31159.91,Send Money,Kolkata,12,Android,0
9804.67,Merchant Payment,Kolkata,16,Android,0
28717.91,Bill Payment,Mumbai,2,iOS,0
24946.24,Merchant Payment,Hyderabad,11,iOS,0
26532.48,Merchant Payment,Chennai,4,iOS,1
43742.16,Bill Payment,Mumbai,14,Android,0
5566.6,Bill Payment,Mumbai,11,iOS,0
38216.25,Bill Payment,Delhi,18,Android,0
28070.11,Merchant Payment,Chennai,13,iOS,0
41521.11,Bill Payment,Bangalore,20,Android,0
14794.94,Bill Payment,Hyderabad,2,iOS,0
8680.52,Send Money,Chennai,10,Android,1
49926.15,Merchant Payment,Mumbai,0,iOS,1
25970.06,Send Money,Delhi,13,iOS,0
23178.64,Bill Payment,Kolkata,9,Android,0
47054.8,Merchant Payment,Hyderabad,22,Android,0
25829.52,Bill Payment,Delhi,2,iOS,0
15651.81,Send Money,Kolkata,5,iOS,0
23303.69,Merchant Payment,Chennai,13,Android,0
9272.53,Merchant Payment,Bangalore,23,Android,0
14712.94,Send Money,Hyderabad,13,Android,0
1678.48,Send Money,Delhi,10,Android,0
16770.8,Merchant Payment,Mumbai,18,Android,0
23254.48,Bill Payment,Hyderabad,18,Android,0
43450.91,Merchant Payment,Mumbai,17,Android,0
46887.17,Merchant Payment,Kolkata,6,iOS,0
27961.93,Send Money,Delhi,18,Android,0
5098.92,Send Money,Mumbai,19,iOS,0
29228.73,Send Money,Bangalore,0,Android,1
19449.67,Bill Payment,Chennai,10,Android,0
3591.36,Merchant Payment,Mumbai,15,iOS,0
47863.45,Send Money,Delhi,23,Android,0
32453.94,Merchant Payment,Delhi,14,iOS,0
38021.76,Send Money,Mumbai,11,Android,0
3935.98,Bill Payment,Mumbai,22,iOS,0
38775.03,Bill Payment,Mumbai,10,Android,0
45291.99,Merchant Payment,Bangalore,16,Android,0
22637.92,Bill Payment,Mumbai,5,iOS,0
13654.51,Bill Payment,Mumbai,5,iOS,0
19557.22,Merchant Payment,Kolkata,11,Android,0
13387.87,Send Money,Mumbai,5,Android,1
22739.87,Send Money,Hyderabad,21,iOS,1
28167.58,Send Money,Chennai,1,Android,1
5299.74,Merchant Payment,Kolkata,5,iOS,0
11496.59,Bill Payment,Chennai,1,iOS,0
14588.8,Send Money,Chennai,0,iOS,0
48106.34,Send Money,Delhi,8,iOS,0
8101.64,Send Money,Chennai,12,Android,0
3320.1,Merchant Payment,Hyderabad,17,Android,0
35521.34,Bill Payment,Delhi,9,iOS,0
48215.65,Bill Payment,Hyderabad,19,iOS,0
26355.53,Bill Payment,Mumbai,20,iOS,0
9115.31,Bill Payment,Hyderabad,9,iOS,0
12900.18,Merchant Payment,Hyderabad,15,iOS,0
6198.66,Merchant Payment,Hyderabad,23,iOS,0
32987.04,Merchant Payment,Kolkata,6,Android,0
47989.97,Merchant Payment,Hyderabad,15,iOS,0
19178.21,Merchant Payment,Chennai,23,Android,0
48519.9,Merchant Payment,Hyderabad,2,iOS,1
10916.78,Send Money,Kolkata,22,iOS,0
6611.17,Bill Payment,Hyderabad,12,iOS,0
27559.64,Merchant Payment,Chennai,6,iOS,0
13967.34,Bill Payment,Kolkata,16,Android,0
16898.46,Send Money,Bangalore,21,Android,0
11089.68,Send Money,Bangalore,7,iOS,0
30463.21,Merchant Payment,Hyderabad,18,iOS,0
41400.36,Bill Payment,Mumbai,13,iOS,0
40143.19,Send Money,Chennai,13,iOS,0
6004.48,Merchant Payment,Hyderabad,10,iOS,0
28282.68,Merchant Payment,Chennai,13,iOS,0
28554.57,Bill Payment,Kolkata,16,Android,0
21545.65,Merchant Payment,Chennai,9,iOS,0
35801.82,Send Money,Kolkata,12,iOS,1
18894.22,Send Money,Hyderabad,10,iOS,0
45553.75,Bill Payment,Bangalore,9,Android,0
48233.36,Send Money,Mumbai,7,iOS,0
40241.43,Merchant Payment,Hyderabad,18,Android,0
6679.52,Bill Payment,Delhi,1,iOS,0
36959.22,Send Money,Mumbai,3,Android,0
20737.41,Bill Payment,Mumbai,6,Android,0
17265.83,Merchant Payment,Kolkata,7,Android,0
48206.15,Send Money,Mumbai,9,iOS,1
15768.21,Send Money,Kolkata,20,iOS,0
32868.71,Merchant Payment,Chennai,23,Android,0
49933.71,Merchant Payment,Hyderabad,4,iOS,0
27641.97,Send Money,Kolkata,21,iOS,0
40804.93,Send Money,Chennai,7,iOS,0
42955.99,Send Money,Kolkata,13,iOS,1
8645.02,Merchant Payment,Delhi,3,Android,0
19284.85,Bill Payment,Chennai,17,Android,0
24914.64,Send Money,Kolkata,10,Android,0
45039.31,Bill Payment,Delhi,2,iOS,1
15767.28,Bill Payment,Mumbai,3,Android,0
12032.1,Send Money,Hyderabad,6,Android,0
46495.68,Merchant Payment,Hyderabad,16,iOS,0
16350.75,Send Money,Bangalore,2,iOS,0
34147.43,Send Money,Chennai,12,Android,0
6974.87,Send Money,Bangalore,8,Android,0
1778.42,Merchant Payment,Delhi,20,iOS,0
9435.99,Merchant Payment,Delhi,4,Android,0
29424.17,Send Money,Mumbai,19,iOS,0
3600.54,Merchant Payment,Kolkata,8,iOS,0
25407.01,Bill Payment,Chennai,19,iOS,0
11371.91,Send Money,Bangalore,20,iOS,0
19884.58,Merchant Payment,Bangalore,5,iOS,0
20412.9,Send Money,Chennai,14,iOS,0
30543.47,Send Money,Delhi,1,Android,0
36776.43,Send Money,Kolkata,5,iOS,0
8134.88,Bill Payment,Kolkata,0,iOS,0
30813.18,Merchant Payment,Chennai,19,Android,0
4587.02,Merchant Payment,Kolkata,8,Android,0
18581.21,Bill Payment,Kolkata,8,Android,0
12421.72,Send Money,Kolkata,2,iOS,0
3097.13,Merchant Payment,Hyderabad,7,Android,0
29592.17,Bill Payment,Mumbai,21,iOS,0
39633.7,Send Money,Hyderabad,20,iOS,0
23160.88,Send Money,Kolkata,22,Android,0
23130.78,Merchant Payment,Delhi,2,Android,0
2534.71,Send Money,Kolkata,18,Android,0
28036.22,Merchant Payment,Bangalore,17,iOS,0
6841.95,Bill Payment,Hyderabad,20,iOS,0
15960.87,Send Money,Mumbai,18,iOS,0
17657.21,Send Money,Hyderabad,18,Android,0
4595.42,Bill Payment,Bangalore,6,iOS,0
14242.81,Merchant Payment,Chennai,8,iOS,0
41744.29,Bill Payment,Kolkata,6,Android,0
42502.39,Merchant Payment,Chennai,23,iOS,0
25013.86,Merchant Payment,Hyderabad,10,iOS,0
28882.2,Send Money,Kolkata,11,iOS,0
20192.58,Bill Payment,Kolkata,1,iOS,0
11124.22,Bill Payment,Mumbai,3,Android,0
17576.71,Bill Payment,Kolkata,10,iOS,0
17042.95,Merchant Payment,Bangalore,2,Android,1
30385.78,Merchant Payment,Hyderabad,22,Android,0
1781.99,Send Money,Hyderabad,2,Android,0
30644.16,Send Money,Mumbai,6,Android,0
25833.46,Merchant Payment,Mumbai,1,Android,1
2690.44,Bill Payment,Chennai,14,Android,0
7884.09,Bill Payment,Bangalore,20,iOS,0
41265.58,Bill Payment,Hyderabad,23,iOS,0
46166.44,Send Money,Delhi,11,iOS,0
8542.96,Bill Payment,Chennai,17,Android,0
3283.52,Merchant Payment,Mumbai,2,Android,0
32441.43,Send Money,Bangalore,11,Android,0
12592.51,Send Money,Chennai,7,iOS,0
16852.07,Bill Payment,Chennai,9,iOS,0
33992.48,Merchant Payment,Delhi,21,iOS,1
39331.45,Bill Payment,Chennai,23,Android,0
20815.69,Merchant Payment,Hyderabad,9,Android,0
7768.51,Send Money,Mumbai,4,iOS,0
37476.82,Merchant Payment,Hyderabad,15,iOS,0
36089.8,Send Money,Hyderabad,22,iOS,0
34648.09,Merchant Payment,Kolkata,6,Android,0
6619.14,Send Money,Bangalore,4,iOS,0
27000.86,Bill Payment,Bangalore,11,Android,0
16069.03,Send Money,Hyderabad,1,Android,0
1292.29,Merchant Payment,Kolkata,10,Android,0
41874.81,Merchant Payment,Chennai,15,Android,0
1074.9,Send Money,Hyderabad,19,Android,0
24642.18,Bill Payment,Kolkata,16,iOS,0
36719.94,Bill Payment,Chennai,21,Android,0
19956.01,Bill Payment,Chennai,16,Android,0
1230.53,Send Money,Kolkata,18,iOS,0
31193.78,Bill Payment,Bangalore,11,Android,0
25967.47,Merchant Payment,Kolkata,1,iOS,0
5213.5,Send Money,Chennai,16,Android,0
18171.66,Send Money,Bangalore,23,iOS,0
25947.31,Bill Payment,Kolkata,17,Android,0
15092.67,Bill Payment,Bangalore,7,Android,0
13572.13,Merchant Payment,Kolkata,7,iOS,0
17667.8,Merchant Payment,Hyderabad,11,Android,0
20243.94,Send Money,Kolkata,15,iOS,0
39595.02,Send Money,Delhi,20,iOS,0
28887.76,Send Money,Delhi,18,Android,0
12099.79,Bill Payment,Bangalore,12,Android,0
42108.74,Send Money,Bangalore,15,Android,0
34794.06,Bill Payment,Hyderabad,19,Android,0
6689.87,Merchant Payment,Bangalore,0,iOS,0
21561.32,Send Money,Delhi,16,iOS,0
42444.87,Bill Payment,Mumbai,19,Android,0
21604.15,Bill Payment,Chennai,17,iOS,0
41627.6,Merchant Payment,Chennai,4,Android,0
3409.65,Bill Payment,Kolkata,16,Android,0
24747.6,Merchant Payment,Kolkata,23,Android,0
48610.7,Merchant Payment,Hyderabad,14,Android,0
21143.84,Send Money,Delhi,5,iOS,0
13697.85,Bill Payment,Bangalore,22,Android,0
42443.16,Send Money,Kolkata,23,Android,0
5066.1,Bill Payment,Mumbai,8,Android,0
3967.29,Bill Payment,Delhi,6,Android,0
7250.2,Bill Payment,Delhi,21,Android,0
39345.38,Bill Payment,Hyderabad,12,Android,0
15067.44,Send Money,Kolkata,10,iOS,0
33895.27,Bill Payment,Delhi,0,Android,0
25551.37,Merchant Payment,Bangalore,3,iOS,1
36395.29,Send Money,Mumbai,12,Android,0
9080.37,Bill Payment,Bangalore,8,Android,0
21102.44,Bill Payment,Kolkata,17,iOS,0
29976.67,Bill Payment,Hyderabad,21,iOS,1
38604.44,Bill Payment,Mumbai,0,Android,0
32773.84,Merchant Payment,Hyderabad,19,iOS,0
22080.98,Bill Payment,Mumbai,3,Android,0
10793.39,Send Money,Mumbai,9,iOS,0
20221.56,Bill Payment,Mumbai,22,iOS,0
42084.42,Send Money,Bangalore,23,Android,1
10143.24,Merchant Payment,Delhi,1,Android,0
42301.11,Merchant Payment,Kolkata,23,iOS,0
19497.76,Merchant Payment,Chennai,15,Android,0
21345.46,Bill Payment,Hyderabad,2,Android,0
30708.27,Send Money,Kolkata,21,Android,1
43489.11,Send Money,Bangalore,19,iOS,1
4741.25,Bill Payment,Hyderabad,0,iOS,0
2614.71,Bill Payment,Kolkata,16,iOS,0
42900.03,Bill Payment,Delhi,19,iOS,0
45417.82,Merchant Payment,Mumbai,0,iOS,0
28971.53,Bill Payment,Chennai,7,iOS,0
45144.02,Send Money,Mumbai,23,Android,1
42994.1,Send Money,Chennai,0,iOS,1
33556.11,Merchant Payment,Delhi,8,Android,0
21476.63,Bill Payment,Bangalore,22,Android,0
3423.89,Bill Payment,Mumbai,10,iOS,0
18859.83,Bill Payment,Bangalore,4,Android,0
1283.89,Send Money,Chennai,21,Android,0
2248.59,Bill Payment,Kolkata,0,iOS,0
416.89,Bill Payment,Hyderabad,0,Android,0
35813.12,Bill Payment,Kolkata,23,iOS,0
36851.55,Bill Payment,Mumbai,8,Android,0
38193.78,Bill Payment,Chennai,21,iOS,0
33680.19,Bill Payment,Mumbai,17,iOS,0
48213.57,Bill Payment,Kolkata,20,iOS,0
36220.53,Bill Payment,Delhi,6,Android,0
39362.38,Send Money,Delhi,1,iOS,1
14294.19,Bill Payment,Chennai,21,Android,0
6347.4,Send Money,Kolkata,22,iOS,0
43057.01,Bill Payment,Kolkata,21,iOS,0
45674.65,Merchant Payment,Kolkata,6,iOS,0
24113.92,Merchant Payment,Bangalore,19,iOS,0
6318.05,Send Money,Delhi,7,Android,0
15986.73,Send Money,Bangalore,19,iOS,0
47593.31,Merchant Payment,Mumbai,23,iOS,0
28993.38,Bill Payment,Chennai,19,iOS,0
1944.32,Bill Payment,Hyderabad,5,iOS,0
18849.96,Merchant Payment,Delhi,21,Android,0
29586.03,Merchant Payment,Bangalore,19,iOS,0
19902.09,Merchant Payment,Chennai,18,Android,0
24330.8,Send Money,Bangalore,3,iOS,0
8197.0,Bill Payment,Chennai,8,Android,0
5069.29,Bill Payment,Bangalore,16,Android,0
35740.46,Bill Payment,Kolkata,5,iOS,0
44680.47,Merchant Payment,Bangalore,4,iOS,1
40821.33,Merchant Payment,Hyderabad,13,iOS,0
37079.55,Merchant Payment,Kolkata,23,iOS,0
17459.08,Bill Payment,Bangalore,19,iOS,0
39428.07,Bill Payment,Hyderabad,6,Android,0
32162.29,Merchant Payment,Kolkata,4,iOS,0
27002.53,Bill Payment,Bangalore,15,Android,0
31577.86,Send Money,Chennai,9,Android,0
42747.93,Bill Payment,Bangalore,21,Android,0
33005.57,Merchant Payment,Mumbai,13,Android,0
24453.92,Send Money,Mumbai,9,iOS,0
5470.03,Merchant Payment,Kolkata,22,Android,0
38737.32,Send Money,Hyderabad,17,iOS,0
12022.86,Send Money,Kolkata,4,Android,0
25861.26,Send Money,Hyderabad,5,Android,0
15039.82,Send Money,Hyderabad,6,Android,0
46055.92,Send Money,Hyderabad,16,iOS,0
40237.31,Send Money,Kolkata,13,Android,0
25908.1,Bill Payment,Kolkata,14,Android,0
12772.87,Send Money,Bangalore,12,iOS,0
47771.6,Send Money,Chennai,6,iOS,0
2709.7,Merchant Payment,Mumbai,7,iOS,0
13846.12,Bill Payment,Hyderabad,8,Android,0
30675.26,Merchant Payment,Delhi,17,Android,0
9742.8,Bill Payment,Bangalore,9,iOS,0
43391.37,Bill Payment,Delhi,11,iOS,0
3488.29,Merchant Payment,Hyderabad,16,iOS,0
35101.74,Bill Payment,Chennai,10,Android,0
25228.78,Send Money,Delhi,14,Android,0
27893.38,Bill Payment,Chennai,4,iOS,0
5833.8,Merchant Payment,Delhi,1,iOS,0
21808.3,Send Money,Chennai,13,iOS,0
35265.82,Send Money,Hyderabad,17,Android,0
49746.96,Bill Payment,Delhi,14,iOS,0
45099.23,Merchant Payment,Delhi,6,Android,0
38346.2,Bill Payment,Chennai,3,Android,0
25018.78,Send Money,Hyderabad,19,Android,0
19519.05,Bill Payment,Hyderabad,14,Android,0
7313.65,Bill Payment,Kolkata,23,Android,0
32264.65,Merchant Payment,Mumbai,1,Android,0
22737.53,Bill Payment,Chennai,4,iOS,0
15341.64,Bill Payment,Delhi,2,iOS,0
19572.25,Merchant Payment,Delhi,12,Android,1
40947.32,Send Money,Mumbai,23,iOS,1
25804.48,Send Money,Bangalore,1,Android,1
25990.47,Bill Payment,Bangalore,17,iOS,0
19227.56,Bill Payment,Kolkata,13,iOS,0
2840.38,Bill Payment,Chennai,2,iOS,0
1838.92,Merchant Payment,Mumbai,10,iOS,0
5204.77,Merchant Payment,Mumbai,7,iOS,0
1136.3,Bill Payment,Kolkata,0,Android,0
4064.23,Bill Payment,Chennai,2,iOS,0
25934.77,Merchant Payment,Mumbai,18,Android,0
16635.96,Bill Payment,Mumbai,9,iOS,0
15212.9,Merchant Payment,Hyderabad,2,iOS,0
19506.28,Send Money,Bangalore,3,Android,0
32705.83,Send Money,Hyderabad,6,Android,0
7301.57,Send Money,Chennai,13,Android,0
42640.3,Merchant Payment,Bangalore,6,iOS,0
31671.51,Bill Payment,Mumbai,0,Android,0
39831.92,Send Money,Mumbai,10,iOS,0
3519.34,Bill Payment,Bangalore,18,Android,0
36070.78,Bill Payment,Mumbai,8,iOS,0
11138.1,Send Money,Chennai,11,iOS,0
25015.37,Merchant Payment,Hyderabad,16,Android,0
45140.06,Merchant Payment,Chennai,8,Android,0
33697.99,Send Money,Mumbai,13,iOS,0
28075.89,Bill Payment,Hyderabad,7,iOS,0
4280.1,Send Money,Kolkata,20,iOS,0
45233.13,Merchant Payment,Kolkata,18,Android,0
20885.86,Bill Payment,Hyderabad,14,Android,0
5159.29,Bill Payment,Chennai,4,Android,0
43468.05,Send Money,Kolkata,11,Android,0
22278.0,Merchant Payment,Chennai,8,iOS,0
2030.86,Merchant Payment,Chennai,20,iOS,0
10103.74,Bill Payment,Mumbai,6,iOS,0
34678.33,Merchant Payment,Hyderabad,2,Android,0
38206.16,Merchant Payment,Kolkata,11,Android,0
7730.16,Bill Payment,Kolkata,14,iOS,0
18831.19,Send Money,Mumbai,23,iOS,0
45708.87,Bill Payment,Delhi,20,Android,0
18361.96,Merchant Payment,Chennai,4,iOS,0
23151.26,Bill Payment,Mumbai,9,Android,0
9039.31,Bill Payment,Chennai,4,Android,0
13456.49,Bill Payment,Bangalore,6,iOS,0
24477.7,Send Money,Kolkata,3,iOS,0
22418.9,Merchant Payment,Hyderabad,20,Android,0
20992.73,Send Money,Bangalore,22,Android,0
43707.04,Bill Payment,Delhi,20,Android,0
21424.25,Merchant Payment,Mumbai,11,Android,1
2604.84,Bill Payment,Mumbai,7,Android,0
44845.08,Merchant Payment,Chennai,8,Android,0
44972.24,Send Money,Chennai,18,Android,0
9496.24,Send Money,Hyderabad,4,iOS,0
39165.05,Bill Payment,Mumbai,0,iOS,0
19086.71,Send Money,Delhi,8,iOS,0
17820.91,Bill Payment,Delhi,8,iOS,0
18817.37,Send Money,Hyderabad,0,Android,0
33590.31,Merchant Payment,Delhi,1,iOS,1
36319.34,Bill Payment,Kolkata,12,Android,0
34169.67,Merchant Payment,Chennai,2,iOS,0
48298.14,Merchant Payment,Kolkata,13,Android,0
14766.68,Send Money,Kolkata,10,Android,0
1465.76,Bill Payment,Delhi,21,iOS,0
13014.45,Merchant Payment,Mumbai,1,Android,0
25201.69,Send Money,Chennai,22,Android,0
42134.8,Bill Payment,Bangalore,7,Android,0
8158.08,Merchant Payment,Bangalore,8,iOS,0
13939.64,Merchant Payment,Hyderabad,10,iOS,0
43800.17,Send Money,Kolkata,3,Android,0
40407.39,Bill Payment,Kolkata,18,Android,0
38932.99,Send Money,Delhi,8,Android,0
36655.45,Send Money,Chennai,12,Android,0
34452.09,Bill Payment,Delhi,9,iOS,0
43008.22,Bill Payment,Chennai,23,Android,0
32679.75,Send Money,Hyderabad,20,Android,0
16.24,Send Money,Hyderabad,23,Android,0
45953.98,Bill Payment,Bangalore,1,Android,0
36808.13,Send Money,Mumbai,9,Android,0
2338.91,Merchant Payment,Kolkata,14,iOS,0
232.28,Send Money,Bangalore,22,Android,0
37374.9,Bill Payment,Mumbai,23,Android,0
20045.0,Bill Payment,Hyderabad,21,iOS,0
7635.77,Merchant Payment,Bangalore,1,Android,0
9024.42,Bill Payment,Delhi,13,Android,0
47673.82,Send Money,Mumbai,5,iOS,0
16145.62,Bill Payment,Mumbai,4,Android,0
37899.11,Merchant Payment,Delhi,10,Android,0
26712.18,Bill Payment,Kolkata,1,iOS,0
20475.46,Send Money,Delhi,22,Android,0
13456.73,Bill Payment,Kolkata,11,iOS,0
9782.45,Bill Payment,Chennai,1,Android,0
33967.37,Merchant Payment,Kolkata,17,iOS,0
20099.8,Bill Payment,Mumbai,17,iOS,0
8001.75,Send Money,Mumbai,5,iOS,0
16470.91,Send Money,Bangalore,9,Android,0
32018.08,Merchant Payment,Delhi,21,iOS,0
37366.85,Merchant Payment,Kolkata,18,Android,0
36894.03,Merchant Payment,Mumbai,22,iOS,0
37748.92,Bill Payment,Bangalore,13,iOS,0
34191.96,Send Money,Kolkata,22,Android,0
39718.51,Bill Payment,Chennai,2,Android,1
36111.13,Merchant Payment,Bangalore,18,iOS,0
29195.24,Bill Payment,Chennai,10,Android,0
16745.02,Merchant Payment,Chennai,15,iOS,0
33330.66,Send Money,Chennai,16,iOS,0
28476.41,Bill Payment,Hyderabad,13,Android,0
44746.52,Send Money,Chennai,15,Android,0
6683.59,Merchant Payment,Bangalore,15,Android,0
23614.78,Send Money,Mumbai,4,iOS,0
47658.13,Send Money,Hyderabad,14,iOS,0
22243.75,Send Money,Hyderabad,5,iOS,0
13706.85,Merchant Payment,Bangalore,12,Android,0
9097.26,Send Money,Mumbai,9,iOS,0
48971.14,Send Money,Kolkata,21,Android,0
23169.54,Merchant Payment,Mumbai,15,Android,0
15066.0,Bill Payment,Delhi,22,iOS,0
40342.53,Merchant Payment,Bangalore,5,iOS,0
26807.74,Merchant Payment,Delhi,11,iOS,0
41428.85,Send Money,Bangalore,1,Android,0
33162.49,Send Money,Kolkata,11,iOS,0
12927.23,Bill Payment,Kolkata,0,iOS,0
14760.96,Send Money,Chennai,5,Android,0
6253.12,Merchant Payment,Mumbai,9,iOS,0
46749.89,Send Money,Bangalore,13,Android,0
49712.89,Send Money,Mumbai,15,iOS,0
44138.32,Send Money,Delhi,21,Android,1
3956.69,Merchant Payment,Kolkata,16,Android,0
45574.88,Send Money,Hyderabad,4,iOS,1
39898.59,Send Money,Kolkata,3,Android,1
40868.97,Bill Payment,Chennai,13,Android,0
6420.72,Send Money,Hyderabad,2,Android,0
27511.21,Send Money,Delhi,3,iOS,0
2622.68,Send Money,Bangalore,21,Android,0
5020.0,Merchant Payment,Hyderabad,9,iOS,0
16801.5,Merchant Payment,Kolkata,11,iOS,0
32698.81,Send Money,Delhi,18,Android,0
31590.39,Merchant Payment,Mumbai,17,Android,0
46620.23,Bill Payment,Hyderabad,4,Android,0
10788.83,Merchant Payment,Delhi,7,iOS,0
35850.33,Bill Payment,Bangalore,1,Android,0
18546.72,Merchant Payment,Chennai,21,iOS,0
9621.38,Send Money,Hyderabad,17,Android,0
41926.7,Merchant Payment,Kolkata,10,Android,0
18692.01,Bill Payment,Mumbai,17,Android,0
6385.84,Merchant Payment,Hyderabad,10,Android,1
28336.47,Bill Payment,Hyderabad,0,iOS,0
26772.86,Bill Payment,Bangalore,12,iOS,0
35536.85,Merchant Payment,Kolkata,4,Android,1
31535.14,Send Money,Delhi,5,Android,1
28275.12,Merchant Payment,Chennai,21,Android,0
44122.33,Send Money,Chennai,2,iOS,0
45076.49,Send Money,Chennai,4,Android,0
19838.96,Merchant Payment,Delhi,20,Android,0
5222.38,Merchant Payment,Delhi,10,Android,0
42454.1,Send Money,Bangalore,1,Android,1
35389.91,Merchant Payment,Delhi,11,Android,0
29513.71,Send Money,Mumbai,10,iOS,0
12123.46,Merchant Payment,Bangalore,0,iOS,0
44464.31,Merchant Payment,Hyderabad,6,iOS,0
25382.45,Send Money,Kolkata,4,Android,0
46712.28,Bill Payment,Hyderabad,0,iOS,0
27833.85,Merchant Payment,Hyderabad,2,Android,0
4907.25,Bill Payment,Hyderabad,21,Android,0
27572.88,Bill Payment,Bangalore,9,Android,1
13796.3,Send Money,Bangalore,8,Android,0
33840.09,Bill Payment,Delhi,1,iOS,0
23763.91,Send Money,Chennai,10,iOS,0
19449.31,Send Money,Hyderabad,9,Android,0
15035.07,Send Money,Bangalore,2,Android,1
7491.9,Bill Payment,Delhi,21,iOS,0
36594.25,Bill Payment,Delhi,21,Android,0
3106.33,Bill Payment,Mumbai,7,iOS,0
3486.08,Merchant Payment,Chennai,20,Android,0
10832.64,Send Money,Delhi,2,iOS,0
34639.38,Merchant Payment,Chennai,3,Android,0
23712.15,Bill Payment,Bangalore,16,Android,0
18982.23,Merchant Payment,Delhi,20,Android,0
19287.41,Merchant Payment,Kolkata,0,iOS,0
28875.17,Bill Payment,Delhi,11,Android,0
22655.39,Bill Payment,Kolkata,22,iOS,0
8852.59,Merchant Payment,Hyderabad,20,Android,0
44558.01,Bill Payment,Chennai,17,iOS,0
3377.05,Bill Payment,Mumbai,12,Android,0
322.94,Bill Payment,Chennai,7,Android,0
34822.06,Merchant Payment,Kolkata,20,iOS,1
48779.5,Bill Payment,Delhi,12,Android,1
38937.19,Bill Payment,Mumbai,10,iOS,0
7486.31,Merchant Payment,Delhi,7,Android,0
12179.8,Send Money,Delhi,19,iOS,0
15232.37,Merchant Payment,Delhi,22,iOS,0
124.45,Merchant Payment,Chennai,0,iOS,0
33054.28,Send Money,Chennai,21,iOS,0
43346.89,Bill Payment,Chennai,0,iOS,1
21903.29,Bill Payment,Kolkata,9,Android,0
36440.77,Bill Payment,Mumbai,10,Android,0
17556.5,Merchant Payment,Kolkata,10,Android,0
26786.61,Send Money,Hyderabad,3,Android,0
1764.92,Send Money,Kolkata,18,Android,0
37261.84,Merchant Payment,Bangalore,10,Android,0
20770.02,Send Money,Kolkata,8,Android,0
41787.94,Bill Payment,Mumbai,14,iOS,0
9232.35,Bill Payment,Delhi,11,Android,0
9932.95,Bill Payment,Kolkata,20,iOS,0
32704.23,Merchant Payment,Mumbai,11,Android,0
46535.13,Send Money,Bangalore,1,Android,1
35035.79,Send Money,Kolkata,19,Android,0
1320.41,Merchant Payment,Mumbai,10,Android,0
36876.09,Merchant Payment,Bangalore,8,Android,0
40742.31,Bill Payment,Bangalore,11,Android,0
1150.35,Send Money,Bangalore,16,iOS,0
31457.14,Send Money,Hyderabad,17,Android,0
49620.76,Send Money,Delhi,1,iOS,0
5933.12,Bill Payment,Kolkata,1,Android,0
23174.35,Merchant Payment,Mumbai,3,Android,0
13501.08,Send Money,Chennai,15,Android,0
14115.34,Merchant Payment,Chennai,5,Android,0
25012.64,Merchant Payment,Bangalore,23,iOS,0
41398.56,Send Money,Hyderabad,3,iOS,0
21021.03,Bill Payment,Hyderabad,22,iOS,0
36339.85,Bill Payment,Chennai,19,Android,0
9388.01,Merchant Payment,Hyderabad,21,iOS,0
27729.28,Merchant Payment,Bangalore,21,iOS,0
17737.78,Bill Payment,Kolkata,23,iOS,0
22856.1,Bill Payment,Chennai,17,iOS,0
10345.52,Send Money,Bangalore,16,iOS,0
6570.56,Send Money,Kolkata,7,iOS,0
46037.5,Merchant Payment,Mumbai,3,Android,0
38079.21,Send Money,Hyderabad,13,Android,0
812.65,Bill Payment,Bangalore,8,iOS,0
18066.26,Send Money,Kolkata,15,Android,0
25533.83,Bill Payment,Chennai,20,Android,0
15057.83,Bill Payment,Hyderabad,14,iOS,0
47399.11,Bill Payment,Chennai,14,iOS,0
15558.68,Send Money,Bangalore,0,iOS,1
32655.11,Merchant Payment,Delhi,4,iOS,1
38368.82,Bill Payment,Bangalore,14,iOS,0
12846.9,Bill Payment,Bangalore,19,Android,0
32793.13,Merchant Payment,Kolkata,11,iOS,0
10296.15,Merchant Payment,Kolkata,0,Android,0
28684.54,Merchant Payment,Bangalore,11,Android,0
14831.28,Send Money,Kolkata,18,Android,0
9833.93,Send Money,Mumbai,20,iOS,0
29511.06,Merchant Payment,Bangalore,2,Android,0
13024.83,Bill Payment,Bangalore,21,Android,0
19013.79,Send Money,Kolkata,23,iOS,0
5798.16,Send Money,Mumbai,7,Android,0
42394.99,Merchant Payment,Delhi,15,iOS,0
36926.68,Merchant Payment,Chennai,21,iOS,0
27822.18,Send Money,Delhi,8,Android,0
8473.51,Send Money,Mumbai,20,Android,0
12052.22,Bill Payment,Delhi,21,Android,0
1376.87,Bill Payment,Chennai,21,Android,0
45375.32,Send Money,Kolkata,19,iOS,1
12987.34,Bill Payment,Hyderabad,8,Android,0
21578.87,Send Money,Kolkata,14,iOS,1
39669.96,Merchant Payment,Hyderabad,4,iOS,0
45754.79,Send Money,Bangalore,0,Android,0
11272.0,Bill Payment,Mumbai,4,Android,0
24443.05,Send Money,Delhi,14,iOS,0
40196.41,Send Money,Mumbai,7,iOS,0
14964.75,Merchant Payment,Kolkata,2,Android,0
19288.21,Merchant Payment,Mumbai,19,iOS,0
17158.34,Merchant Payment,Mumbai,0,Android,1
48044.5,Bill Payment,Kolkata,19,Android,0
24931.62,Send Money,Kolkata,15,Android,0
38933.24,Send Money,Delhi,4,Android,1
14745.14,Merchant Payment,Kolkata,1,Android,0
20682.34,Bill Payment,Mumbai,13,Android,0
28456.04,Send Money,Mumbai,11,iOS,0
2742.79,Bill Payment,Bangalore,3,iOS,0
3847.49,Send Money,Mumbai,20,iOS,0
32546.26,Merchant Payment,Chennai,19,Android,0
29643.82,Bill Payment,Bangalore,1,iOS,1
17500.54,Send Money,Chennai,13,Android,0
43629.64,Bill Payment,Kolkata,3,Android,1
9417.18,Merchant Payment,Hyderabad,4,iOS,0
21624.35,Send Money,Hyderabad,7,Android,0
41461.36,Send Money,Hyderabad,14,iOS,0
33184.29,Send Money,Bangalore,3,iOS,1
18431.54,Bill Payment,Bangalore,18,iOS,0
42521.92,Bill Payment,Hyderabad,7,Android,0
30498.17,Merchant Payment,Mumbai,20,iOS,0
5051.02,Merchant Payment,Hyderabad,14,Android,0
39277.32,Send Money,Bangalore,11,Android,0
22889.93,Merchant Payment,Mumbai,3,iOS,0
5443.64,Merchant Payment,Bangalore,20,Android,0
40185.79,Merchant Payment,Kolkata,3,Android,0
7749.86,Merchant Payment,Mumbai,7,Android,0
5930.77,Bill Payment,Mumbai,9,iOS,0
1132.82,Send Money,Delhi,15,iOS,0
36961.69,Bill Payment,Mumbai,8,Android,0
16560.98,Send Money,Bangalore,1,iOS,0
41457.08,Bill Payment,Mumbai,19,iOS,0
18558.69,Send Money,Kolkata,8,iOS,0
48292.36,Bill Payment,Delhi,10,iOS,0
2114.33,Bill Payment,Hyderabad,14,iOS,0
23355.03,Send Money,Bangalore,23,iOS,0
30899.56,Send Money,Kolkata,4,Android,0
32751.54,Send Money,Chennai,14,iOS,0
45999.52,Bill Payment,Delhi,5,iOS,1
6495.8,Send Money,Bangalore,19,iOS,0
30557.16,Bill Payment,Kolkata,14,iOS,0
30730.38,Merchant Payment,Hyderabad,21,Android,0
8232.28,Merchant Payment,Delhi,6,iOS,0
10758.56,Send Money,Delhi,1,Android,0
6542.14,Merchant Payment,Mumbai,7,Android,0
39732.15,Bill Payment,Chennai,22,iOS,0
39857.34,Send Money,Mumbai,11,Android,0
9281.78,Merchant Payment,Delhi,14,Android,0
30505.65,Bill Payment,Kolkata,1,iOS,1
15216.01,Bill Payment,Hyderabad,18,iOS,0
43800.47,Merchant Payment,Hyderabad,7,Android,0
49775.86,Bill Payment,Hyderabad,16,Android,0
8868.57,Send Money,Mumbai,5,Android,0
8435.13,Bill Payment,Chennai,23,Android,0
209.14,Merchant Payment,Mumbai,13,Android,0
16575.05,Send Money,Hyderabad,7,Android,0
43529.44,Send Money,Hyderabad,6,Android,0
38656.93,Send Money,Hyderabad,8,Android,0
10076.42,Bill Payment,Bangalore,20,iOS,0
7624.33,Bill Payment,Kolkata,2,Android,0
26253.2,Send Money,Delhi,0,iOS,1
49619.84,Bill Payment,Chennai,20,iOS,0
30791.0,Bill Payment,Bangalore,7,Android,0
40397.1,Bill Payment,Bangalore,16,Android,0
27187.23,Bill Payment,Hyderabad,15,iOS,0
43769.01,Merchant Payment,Chennai,5,Android,0
31040.77,Bill Payment,Hyderabad,12,iOS,0
43290.83,Merchant Payment,Bangalore,20,Android,0
22813.76,Bill Payment,Kolkata,5,Android,0
31093.49,Bill Payment,Mumbai,0,Android,0
47559.31,Bill Payment,Delhi,21,iOS,0
18462.15,Bill Payment,Hyderabad,5,iOS,0
20001.41,Merchant Payment,Hyderabad,6,iOS,0
35161.95,Bill Payment,Hyderabad,18,Android,0
22002.61,Merchant Payment,Chennai,14,Android,0
31819.49,Send Money,Chennai,6,Android,0
15843.24,Merchant Payment,Bangalore,17,Android,0
1114.98,Send Money,Bangalore,5,Android,1
4548.27,Merchant Payment,Kolkata,16,iOS,0
48341.63,Bill Payment,Bangalore,18,iOS,0
49827.32,Merchant Payment,Chennai,0,Android,0
33888.6,Bill Payment,Hyderabad,3,iOS,0
11571.51,Send Money,Kolkata,22,Android,0
39447.72,Merchant Payment,Chennai,23,Android,0
5669.29,Bill Payment,Mumbai,21,iOS,0
5953.37,Merchant Payment,Kolkata,9,Android,0
24604.7,Bill Payment,Hyderabad,13,Android,0
28509.33,Merchant Payment,Kolkata,3,Android,0
22630.43,Merchant Payment,Mumbai,4,Android,0
6257.69,Bill Payment,Bangalore,8,iOS,0
17950.4,Bill Payment,Bangalore,9,iOS,0
13845.48,Send Money,Kolkata,14,Android,0
34731.13,Send Money,Bangalore,20,Android,0
28501.57,Merchant Payment,Hyderabad,13,iOS,0
45952.24,Merchant Payment,Bangalore,13,iOS,0
37722.62,Bill Payment,Bangalore,11,Android,0
16682.61,Merchant Payment,Hyderabad,1,iOS,0
46827.77,Bill Payment,Hyderabad,21,Android,0
33732.65,Send Money,Delhi,9,iOS,1
31407.85,Send Money,Delhi,18,iOS,1
37776.0,Bill Payment,Bangalore,10,Android,0
25701.35,Bill Payment,Hyderabad,22,Android,0
42410.76,Bill Payment,Mumbai,22,iOS,0
20755.46,Merchant Payment,Bangalore,11,Android,0
38456.0,Bill Payment,Hyderabad,10,iOS,0
39571.17,Merchant Payment,Chennai,18,Android,0
45264.55,Merchant Payment,Kolkata,4,iOS,1
31458.76,Send Money,Delhi,19,Android,0
46492.82,Send Money,Hyderabad,14,iOS,0
47915.2,Bill Payment,Bangalore,18,iOS,0
40998.08,Send Money,Delhi,2,Android,0
40929.37,Send Money,Bangalore,3,iOS,1
29984.73,Send Money,Mumbai,3,iOS,1
18868.83,Send Money,Mumbai,11,iOS,0
36284.14,Send Money,Mumbai,7,iOS,0
12233.55,Send Money,Chennai,14,Android,0
28871.61,Merchant Payment,Delhi,23,iOS,0
41635.77,Merchant Payment,Hyderabad,9,iOS,0
44714.64,Bill Payment,Hyderabad,7,iOS,0
20794.11,Bill Payment,Hyderabad,21,Android,0
35078.0,Send Money,Delhi,1,iOS,1
18524.76,Bill Payment,Kolkata,6,iOS,0
19558.03,Merchant Payment,Delhi,8,Android,0
34327.24,Merchant Payment,Chennai,16,Android,0
27599.95,Merchant Payment,Chennai,12,iOS,0
13824.6,Merchant Payment,Chennai,0,iOS,0
15181.8,Merchant Payment,Bangalore,9,iOS,0
2836.26,Bill Payment,Bangalore,23,Android,0
7660.31,Send Money,Bangalore,22,iOS,0
29923.08,Merchant Payment,Bangalore,8,iOS,0
35967.43,Merchant Payment,Chennai,1,Android,0
19753.98,Send Money,Hyderabad,23,Android,0
24998.76,Send Money,Chennai,6,Android,0
16651.28,Send Money,Mumbai,17,Android,0
24736.17,Bill Payment,Bangalore,7,iOS,0
19042.72,Merchant Payment,Mumbai,6,Android,0
4631.46,Send Money,Bangalore,11,iOS,0
16040.63,Merchant Payment,Hyderabad,6,Android,0
48445.38,Bill Payment,Hyderabad,5,Android,0
3160.3,Merchant Payment,Hyderabad,12,Android,0
23810.71,Send Money,Delhi,3,Android,0
47014.9,Send Money,Mumbai,19,iOS,0
43253.85,Merchant Payment,Delhi,2,iOS,1
24058.48,Bill Payment,Bangalore,10,iOS,0
25316.6,Send Money,Kolkata,0,iOS,0
41873.27,Bill Payment,Delhi,3,iOS,1
13656.53,Bill Payment,Delhi,10,iOS,0
39018.13,Merchant Payment,Chennai,14,iOS,0
24918.0,Bill Payment,Hyderabad,12,iOS,0
18356.15,Bill Payment,Hyderabad,21,iOS,0
41882.1,Send Money,Kolkata,3,iOS,0
24499.01,Bill Payment,Chennai,20,iOS,0
24369.92,Merchant Payment,Bangalore,17,iOS,0
7791.01,Send Money,Delhi,6,Android,0
2937.44,Merchant Payment,Bangalore,3,iOS,0
38878.5,Send Money,Delhi,12,Android,0
26942.65,Merchant Payment,Kolkata,15,iOS,0
5700.61,Merchant Payment,Mumbai,19,iOS,0
39700.48,Bill Payment,Kolkata,14,Android,0
16059.93,Merchant Payment,Mumbai,13,iOS,0
21381.33,Send Money,Delhi,12,iOS,0
48653.3,Send Money,Chennai,18,Android,0
46048.91,Send Money,Bangalore,14,iOS,0
22293.01,Merchant Payment,Hyderabad,13,iOS,0
2840.19,Send Money,Hyderabad,4,iOS,0
30501.54,Bill Payment,Mumbai,16,Android,0
36946.74,Send Money,Kolkata,1,iOS,1
47502.46,Send Money,Chennai,19,Android,0
27040.67,Bill Payment,Bangalore,6,Android,0
31037.59,Merchant Payment,Delhi,23,iOS,0
45701.27,Merchant Payment,Hyderabad,22,iOS,0
35849.56,Merchant Payment,Hyderabad,20,Android,0
22537.27,Send Money,Chennai,4,iOS,0
7844.39,Bill Payment,Bangalore,9,Android,0
44172.44,Bill Payment,Bangalore,11,iOS,0
44186.34,Send Money,Delhi,11,Android,0
47864.53,Bill Payment,Bangalore,18,iOS,0
23582.02,Send Money,Delhi,19,iOS,0
1757.71,Send Money,Delhi,16,iOS,0
4203.45,Bill Payment,Bangalore,6,iOS,0
28919.13,Merchant Payment,Chennai,22,iOS,0
31799.12,Send Money,Delhi,2,Android,1
11644.33,Bill Payment,Kolkata,1,Android,0
6171.95,Bill Payment,Hyderabad,9,iOS,0
30016.55,Send Money,Hyderabad,17,Android,0
19425.77,Send Money,Delhi,15,iOS,0
297.06,Merchant Payment,Hyderabad,2,iOS,0
38813.09,Send Money,Hyderabad,12,iOS,0
7957.2,Send Money,Delhi,22,iOS,0
38822.2,Merchant Payment,Delhi,0,iOS,1
31950.23,Bill Payment,Kolkata,21,iOS,0
21697.04,Send Money,Mumbai,19,iOS,0
27697.99,Bill Payment,Chennai,19,iOS,0
32070.51,Bill Payment,Bangalore,18,Android,0
34031.0,Bill Payment,Chennai,16,Android,0
10979.96,Bill Payment,Chennai,14,Android,0
6303.26,Send Money,Chennai,16,iOS,0
44092.85,Send Money,Chennai,18,iOS,0
17429.37,Send Money,Mumbai,3,Android,0
29975.14,Merchant Payment,Delhi,19,iOS,0
46127.65,Bill Payment,Chennai,17,Android,0
22119.67,Send Money,Bangalore,16,Android,0
16951.31,Merchant Payment,Bangalore,17,iOS,0
38688.85,Send Money,Chennai,19,iOS,0
10699.07,Bill Payment,Mumbai,21,Android,0
16845.21,Merchant Payment,Hyderabad,15,iOS,0
39698.82,Merchant Payment,Bangalore,0,Android,0
10854.9,Send Money,Mumbai,14,Android,0
33308.08,Bill Payment,Kolkata,18,iOS,0
33205.14,Send Money,Hyderabad,11,Android,1
16324.23,Send Money,Hyderabad,22,Android,0
39859.7,Bill Payment,Bangalore,13,iOS,0
39355.9,Merchant Payment,Delhi,16,iOS,0
33847.16,Send Money,Bangalore,9,iOS,0
38287.41,Merchant Payment,Bangalore,0,iOS,0
32071.73,Merchant Payment,Delhi,5,Android,1
5162.95,Merchant Payment,Mumbai,12,Android,0
33575.06,Merchant Payment,Bangalore,15,Android,0
47806.62,Merchant Payment,Mumbai,0,iOS,0
30381.59,Bill Payment,Bangalore,6,Android,0
15717.68,Send Money,Hyderabad,7,Android,1
31391.62,Merchant Payment,Hyderabad,14,iOS,0
10587.22,Send Money,Chennai,6,iOS,0
30674.25,Bill Payment,Hyderabad,7,iOS,0
39586.27,Merchant Payment,Kolkata,6,iOS,0
27707.59,Bill Payment,Hyderabad,17,Android,0
14707.81,Send Money,Mumbai,17,Android,0
33692.76,Send Money,Bangalore,17,iOS,0
25844.53,Merchant Payment,Chennai,16,iOS,0
26388.84,Bill Payment,Delhi,0,Android,1
48980.96,Send Money,Kolkata,14,Android,0
11196.09,Bill Payment,Kolkata,8,Android,0
38874.39,Send Money,Delhi,7,Android,1
15362.38,Merchant Payment,Mumbai,7,Android,0
46332.12,Merchant Payment,Hyderabad,10,iOS,0
32726.65,Send Money,Kolkata,15,Android,1
36077.49,Merchant Payment,Bangalore,21,iOS,0
42454.38,Send Money,Delhi,19,iOS,1
592.25,Send Money,Hyderabad,8,Android,0
2263.12,Bill Payment,Hyderabad,7,iOS,0
30546.52,Bill Payment,Mumbai,20,iOS,1
9325.77,Merchant Payment,Kolkata,15,iOS,0
10627.42,Send Money,Kolkata,19,iOS,0
32262.59,Merchant Payment,Hyderabad,22,iOS,0
32125.61,Merchant Payment,Bangalore,2,iOS,0
46130.49,Send Money,Bangalore,1,iOS,1
29919.06,Send Money,Chennai,16,Android,0
5581.99,Merchant Payment,Kolkata,20,Android,0
32304.53,Bill Payment,Hyderabad,8,iOS,0
24139.54,Send Money,Kolkata,6,iOS,0
23003.66,Send Money,Bangalore,15,iOS,0
4427.79,Bill Payment,Bangalore,20,iOS,0
43213.31,Merchant Payment,Hyderabad,7,iOS,0
46023.36,Send Money,Kolkata,20,iOS,1
45827.94,Send Money,Chennai,11,iOS,0
35037.48,Send Money,Hyderabad,5,iOS,0
48570.47,Bill Payment,Hyderabad,2,iOS,0
1338.01,Send Money,Bangalore,19,Android,0
8975.47,Bill Payment,Delhi,20,iOS,0
2289.0,Bill Payment,Kolkata,15,iOS,0
43899.07,Send Money,Delhi,20,iOS,0
37087.96,Bill Payment,Bangalore,21,Android,0
37256.59,Send Money,Kolkata,18,Android,0
13712.64,Merchant Payment,Chennai,2,iOS,0
30842.97,Bill Payment,Kolkata,3,iOS,1
40904.6,Bill Payment,Bangalore,18,Android,0
9567.37,Send Money,Hyderabad,3,Android,1
40118.99,Send Money,Kolkata,1,iOS,0
18887.66,Bill Payment,Mumbai,21,iOS,0
40180.29,Send Money,Kolkata,18,Android,0
13871.95,Merchant Payment,Bangalore,22,Android,0
4298.9,Merchant Payment,Bangalore,6,Android,0
27837.6,Bill Payment,Chennai,20,iOS,0
20783.64,Merchant Payment,Mumbai,11,iOS,0
38197.78,Merchant Payment,Hyderabad,3,iOS,0
32491.17,Bill Payment,Bangalore,18,Android,0
2909.68,Merchant Payment,Hyderabad,1,Android,0
36613.11,Bill Payment,Delhi,20,Android,0
46321.15,Send Money,Hyderabad,11,iOS,0
22575.9,Merchant Payment,Mumbai,12,iOS,0
2237.28,Bill Payment,Hyderabad,11,Android,0
38274.69,Merchant Payment,Mumbai,19,Android,0
21228.52,Bill Payment,Hyderabad,18,iOS,0
19857.45,Bill Payment,Delhi,0,Android,0
3272.35,Bill Payment,Kolkata,10,Android,0
8391.76,Send Money,Kolkata,18,Android,0
29882.71,Merchant Payment,Kolkata,1,iOS,0
30594.99,Bill Payment,Mumbai,18,Android,0
11898.67,Merchant Payment,Delhi,7,Android,0
6370.12,Bill Payment,Chennai,13,Android,0
27628.42,Merchant Payment,Bangalore,13,iOS,0
34921.15,Merchant Payment,Hyderabad,6,Android,0
533.85,Merchant Payment,Hyderabad,7,Android,0
34479.19,Bill Payment,Delhi,0,iOS,0
49814.97,Bill Payment,Hyderabad,10,Android,0
43726.24,Send Money,Mumbai,4,Android,0
41594.89,Bill Payment,Delhi,23,Android,0
32177.16,Bill Payment,Delhi,17,Android,0
12950.47,Bill Payment,Mumbai,11,iOS,0
11138.57,Merchant Payment,Mumbai,16,Android,0
23651.33,Merchant Payment,Delhi,21,Android,0
33598.77,Bill Payment,Chennai,9,iOS,0
14949.62,Send Money,Hyderabad,4,iOS,0
1355.19,Bill Payment,Kolkata,1,Android,0
28300.47,Merchant Payment,Mumbai,4,iOS,0
22079.57,Send Money,Bangalore,6,Android,0
37923.82,Merchant Payment,Mumbai,13,Android,0
18452.23,Send Money,Chennai,20,Android,0
11755.68,Send Money,Kolkata,10,Android,0
36484.93,Merchant Payment,Mumbai,23,Android,1
37090.67,Merchant Payment,Hyderabad,11,Android,0
37486.69,Bill Payment,Chennai,20,iOS,0
1288.82,Merchant Payment,Delhi,10,iOS,0
41266.53,Merchant Payment,Mumbai,17,Android,0
45520.82,Send Money,Hyderabad,0,Android,1
43750.31,Bill Payment,Kolkata,3,Android,1
17384.27,Send Money,Mumbai,20,Android,0
8586.92,Send Money,Delhi,21,iOS,0
7661.95,Send Money,Bangalore,4,iOS,0
44683.68,Bill Payment,Delhi,19,iOS,0
42754.87,Merchant Payment,Kolkata,2,iOS,1
35380.83,Send Money,Chennai,9,Android,0
44256.03,Bill Payment,Chennai,20,Android,0
445.96,Merchant Payment,Chennai,17,Android,0
20386.69,Merchant Payment,Mumbai,7,Android,0
44544.52,Send Money,Chennai,10,Android,1
42415.23,Merchant Payment,Kolkata,5,iOS,1
43482.58,Merchant Payment,Bangalore,2,iOS,0
14639.04,Merchant Payment,Chennai,12,iOS,0
32292.75,Merchant Payment,Kolkata,20,iOS,0
1038.25,Merchant Payment,Kolkata,21,Android,0
31280.22,Bill Payment,Chennai,2,iOS,0
18344.73,Bill Payment,Kolkata,13,Android,0
41435.92,Send Money,Bangalore,20,iOS,0
16033.01,Bill Payment,Chennai,3,Android,0
47864.08,Merchant Payment,Kolkata,22,iOS,0
31640.8,Bill Payment,Bangalore,5,iOS,0
32588.58,Bill Payment,Kolkata,6,Android,0
10349.88,Bill Payment,Kolkata,18,iOS,0
26521.3,Send Money,Chennai,1,iOS,0
13654.57,Bill Payment,Delhi,3,Android,0
28327.48,Merchant Payment,Chennai,11,Android,0
39308.55,Send Money,Bangalore,16,iOS,0
28223.65,Send Money,Chennai,16,Android,0
28030.24,Merchant Payment,Hyderabad,14,Android,0
5331.41,Merchant Payment,Bangalore,3,iOS,0
1768.33,Merchant Payment,Mumbai,6,iOS,0
39916.99,Send Money,Kolkata,1,Android,0
5919.35,Send Money,Mumbai,21,iOS,0
9780.57,Send Money,Mumbai,5,iOS,0
20041.09,Merchant Payment,Chennai,17,Android,0
44665.93,Send Money,Hyderabad,22,Android,0
22965.56,Merchant Payment,Chennai,3,iOS,1
23192.92,Send Money,Kolkata,9,iOS,0
3509.8,Send Money,Chennai,6,Android,0
37579.59,Merchant Payment,Mumbai,20,Android,0
4915.8,Bill Payment,Kolkata,23,iOS,0
33402.6,Bill Payment,Bangalore,7,iOS,0
37602.47,Send Money,Chennai,5,iOS,0
22595.48,Bill Payment,Delhi,21,iOS,0
9225.2,Bill Payment,Chennai,11,iOS,0
15759.76,Send Money,Chennai,16,iOS,0
32754.11,Merchant Payment,Delhi,17,Android,0
45626.2,Merchant Payment,Delhi,14,iOS,0
30196.97,Merchant Payment,Mumbai,20,Android,0
48151.31,Merchant Payment,Kolkata,1,Android,0
37710.79,Send Money,Kolkata,19,iOS,0
3554.51,Merchant Payment,Delhi,11,Android,0
15296.7,Merchant Payment,Delhi,4,Android,0
954.88,Bill Payment,Bangalore,10,Android,0
15932.89,Merchant Payment,Mumbai,10,Android,0
44100.69,Send Money,Mumbai,6,iOS,1
40429.38,Send Money,Chennai,19,iOS,0
8268.22,Merchant Payment,Mumbai,11,Android,0
36193.03,Send Money,Hyderabad,21,iOS,0
9428.04,Send Money,Chennai,12,Android,1
6151.6,Send Money,Hyderabad,16,iOS,0
33618.77,Bill Payment,Mumbai,12,iOS,0
29900.18,Merchant Payment,Hyderabad,18,Android,0
27158.24,Merchant Payment,Delhi,11,Android,0
36253.03,Bill Payment,Bangalore,6,Android,0
15757.04,Send Money,Chennai,23,Android,0
42144.23,Merchant Payment,Bangalore,11,Android,0
778.2,Bill Payment,Hyderabad,5,Android,0
10467.16,Merchant Payment,Chennai,1,iOS,0
47967.86,Bill Payment,Mumbai,2,Android,0
8097.56,Bill Payment,Kolkata,17,iOS,0
20048.44,Send Money,Hyderabad,23,Android,0
42029.51,Bill Payment,Kolkata,18,iOS,0
44867.34,Merchant Payment,Chennai,17,iOS,0
43767.8,Send Money,Chennai,11,iOS,0
16508.19,Merchant Payment,Chennai,23,Android,0
13710.09,Send Money,Delhi,2,iOS,0
29013.19,Send Money,Bangalore,0,Android,0
23494.25,Send Money,Mumbai,6,iOS,0
46324.02,Merchant Payment,Delhi,2,Android,0
14639.23,Bill Payment,Mumbai,4,Android,0
44724.18,Send Money,Chennai,13,Android,0
47308.09,Merchant Payment,Mumbai,16,iOS,0
7041.43,Bill Payment,Chennai,19,iOS,0
33006.43,Send Money,Hyderabad,10,iOS,0
19686.49,Merchant Payment,Bangalore,2,iOS,0
39563.46,Bill Payment,Kolkata,22,iOS,0
19083.48,Bill Payment,Mumbai,11,iOS,0
15653.82,Merchant Payment,Mumbai,23,iOS,0
17217.2,Bill Payment,Chennai,11,Android,0
16672.0,Bill Payment,Mumbai,13,iOS,0
47402.24,Merchant Payment,Bangalore,16,Android,0
33693.24,Bill Payment,Chennai,4,iOS,0
2911.99,Merchant Payment,Delhi,14,Android,0
11160.31,Bill Payment,Hyderabad,13,iOS,0
26629.16,Send Money,Kolkata,3,iOS,0
4858.1,Send Money,Mumbai,6,iOS,0
41297.28,Send Money,Mumbai,7,iOS,0
35380.43,Send Money,Delhi,17,iOS,0
33642.37,Merchant Payment,Mumbai,1,Android,0
29676.24,Merchant Payment,Bangalore,7,Android,0
39807.01,Merchant Payment,Hyderabad,10,iOS,0
4292.43,Bill Payment,Kolkata,18,iOS,0
13439.32,Bill Payment,Mumbai,6,iOS,0
4409.73,Bill Payment,Chennai,13,Android,0
33655.74,Bill Payment,Mumbai,7,iOS,0
47680.53,Merchant Payment,Mumbai,2,Android,0
5341.14,Bill Payment,Chennai,14,Android,0
18416.8,Bill Payment,Hyderabad,11,Android,0
10770.76,Bill Payment,Kolkata,9,Android,0
34942.49,Bill Payment,Bangalore,16,iOS,0
28767.07,Merchant Payment,Delhi,14,Android,0
3046.08,Merchant Payment,Mumbai,8,iOS,0
41052.23,Merchant Payment,Chennai,12,iOS,0
12552.75,Merchant Payment,Kolkata,19,Android,0
15432.63,Merchant Payment,Delhi,13,Android,0
3835.56,Send Money,Bangalore,4,iOS,0
31256.8,Send Money,Hyderabad,13,Android,0
26652.65,Send Money,Chennai,15,iOS,0
1751.85,Send Money,Hyderabad,18,Android,0
13920.4,Send Money,Chennai,14,iOS,0
21210.69,Send Money,Kolkata,22,iOS,0
7457.2,Bill Payment,Mumbai,15,iOS,0
37518.26,Merchant Payment,Chennai,20,Android,0
44539.29,Bill Payment,Delhi,4,Android,0
27445.24,Bill Payment,Chennai,15,iOS,0
31824.5,Bill Payment,Bangalore,13,Android,0
46083.49,Merchant Payment,Mumbai,5,Android,0
1800.74,Bill Payment,Bangalore,11,Android,0
7202.28,Bill Payment,Delhi,18,iOS,0
30914.37,Merchant Payment,Hyderabad,5,iOS,0
30401.33,Send Money,Delhi,12,iOS,0
48376.88,Bill Payment,Bangalore,2,iOS,0
39967.42,Merchant Payment,Hyderabad,6,iOS,0
41076.34,Send Money,Kolkata,19,iOS,0
8264.43,Merchant Payment,Bangalore,13,Android,0
32487.5,Bill Payment,Hyderabad,1,Android,0
14046.57,Merchant Payment,Chennai,23,Android,0
4305.75,Send Money,Chennai,21,Android,0
37784.23,Merchant Payment,Hyderabad,21,Android,0
45519.03,Merchant Payment,Chennai,7,Android,0
5033.43,Bill Payment,Mumbai,9,iOS,0
48839.82,Bill Payment,Hyderabad,0,Android,0
15106.31,Send Money,Mumbai,3,iOS,0
43026.63,Send Money,Mumbai,10,iOS,1
11687.2,Send Money,Hyderabad,18,iOS,1
20842.72,Bill Payment,Mumbai,6,Android,0
39934.48,Bill Payment,Kolkata,18,iOS,0
27734.31,Bill Payment,Hyderabad,21,iOS,0
9000.78,Bill Payment,Mumbai,8,iOS,0
2566.22,Merchant Payment,Mumbai,4,Android,0
13274.62,Send Money,Hyderabad,13,Android,0
14935.08,Merchant Payment,Hyderabad,6,Android,0
14516.65,Send Money,Bangalore,10,iOS,0
47933.25,Send Money,Kolkata,12,iOS,0
42340.64,Send Money,Delhi,4,iOS,0
985.32,Bill Payment,Mumbai,5,Android,0
649.34,Merchant Payment,Bangalore,8,Android,0
35641.79,Merchant Payment,Chennai,9,iOS,0
34343.98,Send Money,Mumbai,11,iOS,0
35911.29,Bill Payment,Delhi,15,Android,0
40366.57,Merchant Payment,Mumbai,16,Android,0
32764.33,Bill Payment,Chennai,1,Android,0
38838.24,Bill Payment,Delhi,10,Android,0
38581.06,Send Money,Bangalore,12,iOS,0
30782.94,Bill Payment,Kolkata,12,iOS,0
39982.16,Bill Payment,Chennai,1,iOS,0
36720.79,Send Money,Mumbai,4,iOS,1
26648.31,Bill Payment,Mumbai,18,Android,0
16466.03,Send Money,Mumbai,16,Android,1
17478.12,Send Money,Delhi,22,iOS,0
45061.82,Merchant Payment,Mumbai,21,Android,1
18670.89,Merchant Payment,Mumbai,6,Android,0
4834.06,Bill Payment,Hyderabad,9,Android,0
11617.79,Merchant Payment,Chennai,11,Android,0
32711.14,Merchant Payment,Kolkata,8,iOS,0
1608.94,Bill Payment,Kolkata,23,Android,0
30724.57,Merchant Payment,Bangalore,11,Android,0
17357.41,Bill Payment,Kolkata,20,Android,0
41427.01,Send Money,Bangalore,3,Android,0
6885.31,Send Money,Chennai,14,iOS,0
42.41,Bill Payment,Mumbai,21,Android,0
47147.61,Bill Payment,Kolkata,16,Android,1
2967.36,Merchant Payment,Bangalore,7,Android,0
102.45,Merchant Payment,Chennai,10,Android,0
43140.17,Merchant Payment,Kolkata,1,iOS,0
31787.79,Bill Payment,Bangalore,13,Android,0
117.02,Merchant Payment,Delhi,2,iOS,0
20236.24,Bill Payment,Mumbai,23,Android,0
10464.3,Send Money,Chennai,16,Android,0
28489.8,Send Money,Chennai,1,iOS,0
44411.52,Merchant Payment,Mumbai,6,iOS,0
37649.92,Bill Payment,Hyderabad,8,iOS,0
40039.37,Bill Payment,Chennai,10,Android,0
14887.83,Merchant Payment,Mumbai,5,iOS,0
31331.08,Bill Payment,Mumbai,8,iOS,1
1682.21,Send Money,Delhi,23,iOS,0
7707.29,Merchant Payment,Delhi,21,iOS,0
10433.06,Merchant Payment,Bangalore,17,Android,0
28908.44,Merchant Payment,Kolkata,15,Android,0
33041.47,Bill Payment,Chennai,21,Android,0
47971.92,Merchant Payment,Bangalore,19,Android,0
17633.37,Bill Payment,Hyderabad,10,iOS,0
10512.31,Send Money,Kolkata,17,iOS,1
9058.96,Merchant Payment,Delhi,22,iOS,0
49722.1,Merchant Payment,Delhi,6,iOS,0
45882.64,Merchant Payment,Kolkata,9,Android,0
42764.53,Send Money,Delhi,16,Android,0
48061.87,Bill Payment,Chennai,12,Android,0
31703.98,Bill Payment,Delhi,21,Android,0
35908.42,Bill Payment,Hyderabad,7,iOS,0
48028.0,Merchant Payment,Bangalore,7,iOS,0
25372.45,Send Money,Chennai,19,iOS,0
47411.93,Send Money,Delhi,10,iOS,0
2032.75,Bill Payment,Delhi,20,Android,0
24272.29,Send Money,Chennai,2,Android,0
10423.25,Merchant Payment,Bangalore,1,iOS,0
26779.43,Send Money,Chennai,8,Android,0
12512.5,Merchant Payment,Mumbai,22,Android,0
15307.28,Bill Payment,Hyderabad,0,Android,1
34704.05,Bill Payment,Mumbai,14,Android,0
12729.96,Send Money,Mumbai,17,iOS,0
42072.51,Bill Payment,Kolkata,4,iOS,0
20610.79,Send Money,Mumbai,0,iOS,0
14801.03,Merchant Payment,Bangalore,16,Android,0
39652.41,Merchant Payment,Mumbai,20,Android,0
1358.42,Merchant Payment,Chennai,14,Android,0
35531.06,Merchant Payment,Chennai,1,Android,1
27549.14,Bill Payment,Kolkata,8,Android,0
10902.09,Send Money,Mumbai,23,Android,0
11490.27,Send Money,Kolkata,12,Android,0
41462.21,Send Money,Mumbai,15,iOS,1
9057.35,Send Money,Bangalore,0,iOS,0
3694.12,Bill Payment,Chennai,8,iOS,0
39598.86,Send Money,Hyderabad,18,Android,1
37142.68,Merchant Payment,Mumbai,2,iOS,1
46139.61,Merchant Payment,Bangalore,0,Android,0
6915.34,Bill Payment,Hyderabad,12,iOS,0
13783.64,Send Money,Kolkata,14,iOS,0
28782.51,Bill Payment,Mumbai,7,Android,0
12365.21,Bill Payment,Hyderabad,13,Android,0
26617.87,Merchant Payment,Bangalore,12,Android,0
36848.81,Bill Payment,Hyderabad,22,Android,0
33138.41,Bill Payment,Chennai,19,Android,0
11952.36,Bill Payment,Hyderabad,7,iOS,0
21809.91,Merchant Payment,Bangalore,3,iOS,0
6906.95,Merchant Payment,Hyderabad,23,Android,1
4861.48,Merchant Payment,Bangalore,8,Android,0
27466.08,Merchant Payment,Hyderabad,16,iOS,0
16852.71,Bill Payment,Kolkata,9,Android,0
8667.82,Merchant Payment,Chennai,18,Android,0
7060.13,Bill Payment,Bangalore,16,Android,0
4012.3,Merchant Payment,Kolkata,15,iOS,0
13980.31,Bill Payment,Kolkata,9,Android,0
48917.29,Merchant Payment,Mumbai,5,Android,0
6287.63,Send Money,Kolkata,4,iOS,0
49211.66,Merchant Payment,Bangalore,11,Android,0
33804.84,Bill Payment,Delhi,19,iOS,0
17018.94,Send Money,Hyderabad,17,Android,0
21295.86,Send Money,Chennai,19,iOS,0
9518.34,Merchant Payment,Kolkata,10,Android,0
37976.4,Bill Payment,Hyderabad,3,Android,1
35241.5,Merchant Payment,Hyderabad,9,iOS,0
49866.97,Merchant Payment,Hyderabad,15,iOS,0
40212.47,Bill Payment,Delhi,5,Android,0
24848.77,Bill Payment,Bangalore,2,iOS,0
12942.82,Bill Payment,Delhi,19,iOS,0
16518.31,Send Money,Delhi,20,iOS,0
26753.09,Merchant Payment,Mumbai,15,Android,0
2014.37,Bill Payment,Bangalore,5,iOS,0
1016.15,Bill Payment,Hyderabad,22,Android,0
20222.12,Merchant Payment,Delhi,10,Android,0
10015.86,Send Money,Bangalore,22,iOS,0
1874.56,Bill Payment,Chennai,23,iOS,0
18462.82,Bill Payment,Chennai,6,iOS,0
40845.57,Send Money,Bangalore,12,Android,0
49941.2,Send Money,Kolkata,6,iOS,0
17579.63,Send Money,Hyderabad,0,Android,0
42218.26,Merchant Payment,Mumbai,0,Android,0
13824.2,Bill Payment,Delhi,6,iOS,0
44813.57,Send Money,Kolkata,22,iOS,0
14977.68,Send Money,Mumbai,14,Android,0
7700.15,Merchant Payment,Kolkata,2,iOS,0
32724.56,Bill Payment,Delhi,11,iOS,0
49334.29,Merchant Payment,Kolkata,17,iOS,0
6347.48,Send Money,Bangalore,19,Android,0
37797.11,Send Money,Bangalore,20,iOS,0
35446.11,Bill Payment,Bangalore,0,iOS,0
14735.31,Merchant Payment,Delhi,17,Android,0
32173.41,Bill Payment,Mumbai,23,Android,0
38334.92,Merchant Payment,Hyderabad,11,Android,0
35800.15,Merchant Payment,Chennai,5,iOS,0
12734.15,Merchant Payment,Kolkata,11,Android,0
38017.4,Merchant Payment,Chennai,4,iOS,0
18916.6,Merchant Payment,Hyderabad,22,Android,0
39159.42,Merchant Payment,Chennai,9,Android,0
40548.29,Merchant Payment,Delhi,2,iOS,1
47349.52,Bill Payment,Hyderabad,8,iOS,0
23030.55,Send Money,Hyderabad,18,iOS,0
12787.32,Merchant Payment,Bangalore,4,iOS,0
42073.56,Send Money,Kolkata,17,Android,0
39698.24,Send Money,Kolkata,23,Android,0
13944.67,Send Money,Kolkata,14,Android,0
30597.33,Bill Payment,Delhi,12,iOS,0
42592.01,Send Money,Delhi,11,iOS,0
25578.16,Send Money,Kolkata,22,Android,0
28683.92,Send Money,Kolkata,16,iOS,0
8231.68,Bill Payment,Hyderabad,20,iOS,0
49233.56,Bill Payment,Kolkata,12,Android,0
24845.26,Send Money,Kolkata,11,Android,0
11479.26,Bill Payment,Delhi,7,iOS,0
4315.88,Send Money,Mumbai,16,iOS,0
37742.0,Bill Payment,Hyderabad,0,Android,1
33930.15,Send Money,Mumbai,2,iOS,0
31898.28,Merchant Payment,Hyderabad,14,iOS,0
16120.34,Send Money,Kolkata,7,Android,0
38979.83,Merchant Payment,Bangalore,6,Android,1
1528.1,Merchant Payment,Mumbai,7,iOS,0
44242.3,Merchant Payment,Bangalore,17,Android,0
18655.8,Send Money,Kolkata,14,Android,0
16572.76,Send Money,Chennai,17,Android,0
5449.77,Merchant Payment,Hyderabad,4,Android,0
18385.69,Bill Payment,Bangalore,0,Android,0
41151.5,Bill Payment,Chennai,8,iOS,0
34830.0,Bill Payment,Mumbai,5,iOS,0
34934.91,Send Money,Chennai,15,iOS,0
765.83,Send Money,Delhi,1,Android,0
20019.64,Merchant Payment,Hyderabad,3,iOS,0
21554.23,Bill Payment,Delhi,22,Android,0
17861.39,Merchant Payment,Kolkata,14,Android,0
14743.89,Merchant Payment,Delhi,16,iOS,0
39311.23,Bill Payment,Hyderabad,0,Android,0
4387.75,Merchant Payment,Delhi,17,Android,0
5763.32,Merchant Payment,Hyderabad,11,iOS,0
47740.2,Merchant Payment,Chennai,1,Android,0
45999.59,Merchant Payment,Chennai,2,Android,0
13566.93,Bill Payment,Hyderabad,3,Android,0
39790.5,Merchant Payment,Mumbai,20,Android,0
7934.37,Merchant Payment,Chennai,16,iOS,0
21340.8,Send Money,Hyderabad,14,Android,0
18918.71,Send Money,Kolkata,10,Android,0
21312.31,Bill Payment,Kolkata,8,Android,0
8220.43,Bill Payment,Kolkata,23,Android,0
7684.82,Bill Payment,Kolkata,20,Android,0
11044.53,Bill Payment,Chennai,3,Android,0
21593.62,Merchant Payment,Kolkata,15,Android,0
5204.75,Bill Payment,Delhi,14,iOS,0
47192.67,Merchant Payment,Delhi,22,iOS,0
36284.36,Bill Payment,Bangalore,15,iOS,0
29132.35,Send Money,Delhi,22,iOS,0
9899.08,Bill Payment,Delhi,13,Android,0
24970.36,Send Money,Delhi,13,iOS,0
44717.92,Merchant Payment,Mumbai,9,Android,0
49600.69,Send Money,Chennai,2,iOS,0
49905.08,Merchant Payment,Bangalore,14,iOS,0
44789.75,Merchant Payment,Kolkata,5,Android,0
30579.74,Merchant Payment,Hyderabad,2,Android,0
28052.61,Bill Payment,Mumbai,11,Android,0
32232.42,Bill Payment,Mumbai,14,Android,0
28616.49,Bill Payment,Delhi,13,Android,0
22609.37,Bill Payment,Kolkata,17,Android,0
45436.43,Bill Payment,Hyderabad,7,Android,0
46488.94,Merchant Payment,Chennai,1,iOS,1
32493.91,Merchant Payment,Bangalore,0,Android,0
15170.66,Merchant Payment,Kolkata,17,iOS,0
27621.4,Merchant Payment,Hyderabad,13,Android,0
13745.24,Merchant Payment,Hyderabad,7,Android,0
24278.99,Bill Payment,Mumbai,22,Android,0
15250.61,Bill Payment,Chennai,2,Android,0
8225.15,Send Money,Bangalore,16,Android,0
38796.06,Bill Payment,Delhi,14,Android,0
19679.46,Send Money,Chennai,0,iOS,0
40214.94,Merchant Payment,Hyderabad,15,Android,0
23768.39,Bill Payment,Delhi,6,iOS,0
47254.71,Merchant Payment,Delhi,16,Android,0
2857.45,Merchant Payment,Delhi,22,Android,0
10788.64,Send Money,Chennai,21,iOS,0
13064.67,Merchant Payment,Mumbai,14,iOS,0
7813.19,Send Money,Delhi,22,Android,0
38426.64,Merchant Payment,Chennai,9,iOS,0
6678.07,Send Money,Mumbai,12,iOS,0
9955.08,Bill Payment,Kolkata,5,iOS,0
23131.69,Bill Payment,Bangalore,13,Android,0
21593.59,Send Money,Kolkata,1,Android,0
8241.12,Merchant Payment,Delhi,12,iOS,0
49716.09,Merchant Payment,Chennai,14,Android,0
44781.38,Send Money,Delhi,19,Android,0
29790.67,Merchant Payment,Delhi,21,iOS,0
42949.68,Bill Payment,Hyderabad,1,Android,1
42287.83,Merchant Payment,Delhi,14,Android,0
43689.26,Merchant Payment,Chennai,9,iOS,0
7122.66,Send Money,Chennai,1,Android,0
45776.72,Merchant Payment,Chennai,17,Android,0
36660.59,Bill Payment,Chennai,8,Android,0
38042.23,Merchant Payment,Delhi,10,iOS,1
7482.54,Send Money,Bangalore,23,iOS,1
41250.56,Send Money,Delhi,5,Android,1
24366.19,Send Money,Kolkata,5,Android,0
20715.74,Send Money,Chennai,19,iOS,0
1000.96,Merchant Payment,Kolkata,4,iOS,0
29751.43,Send Money,Delhi,2,Android,0
9580.2,Merchant Payment,Chennai,22,Android,0
2904.63,Send Money,Chennai,20,iOS,0
1085.76,Merchant Payment,Kolkata,18,Android,0
31047.23,Send Money,Bangalore,17,Android,0
709.06,Merchant Payment,Mumbai,0,Android,0
37297.89,Send Money,Kolkata,11,iOS,0
37680.61,Merchant Payment,Mumbai,3,Android,0
22726.28,Merchant Payment,Hyderabad,23,Android,0
49735.61,Send Money,Kolkata,22,iOS,0
25505.99,Send Money,Chennai,22,iOS,0
10036.26,Merchant Payment,Bangalore,13,iOS,0
49134.36,Send Money,Mumbai,18,iOS,0
14628.5,Send Money,Delhi,8,Android,0
49729.39,Send Money,Hyderabad,18,Android,0
27393.89,Send Money,Kolkata,22,iOS,0
39922.93,Bill Payment,Hyderabad,8,Android,0
18761.78,Bill Payment,Mumbai,22,Android,0
4642.46,Merchant Payment,Mumbai,10,iOS,0
37186.71,Send Money,Delhi,19,iOS,1
14061.06,Bill Payment,Mumbai,5,iOS,0
25186.06,Merchant Payment,Hyderabad,17,Android,0
26329.25,Merchant Payment,Hyderabad,4,Android,0
41213.23,Bill Payment,Delhi,14,Android,0
17397.32,Send Money,Delhi,12,iOS,0
47414.07,Send Money,Kolkata,18,iOS,0
46810.11,Send Money,Kolkata,4,iOS,0
46046.97,Bill Payment,Mumbai,6,Android,0
43723.36,Send Money,Mumbai,22,iOS,0
46790.5,Merchant Payment,Mumbai,3,Android,0
43682.46,Send Money,Hyderabad,15,iOS,1
25446.08,Bill Payment,Mumbai,7,iOS,0
39811.14,Bill Payment,Mumbai,0,Android,0
35016.14,Send Money,Chennai,14,Android,0
34549.84,Merchant Payment,Hyderabad,11,Android,0
17966.24,Bill Payment,Bangalore,12,iOS,0
36330.31,Send Money,Mumbai,9,iOS,0
27438.19,Send Money,Chennai,19,iOS,0
32216.54,Bill Payment,Kolkata,4,Android,0
43389.53,Bill Payment,Hyderabad,14,Android,0
44343.19,Send Money,Delhi,6,iOS,0
43211.74,Merchant Payment,Bangalore,6,Android,0
38787.76,Merchant Payment,Hyderabad,17,iOS,0
25253.21,Send Money,Mumbai,16,iOS,0
38676.15,Send Money,Bangalore,8,Android,0
14346.27,Bill Payment,Mumbai,9,iOS,0
9272.23,Merchant Payment,Delhi,8,iOS,0
3500.05,Merchant Payment,Mumbai,16,iOS,0
11560.14,Bill Payment,Bangalore,5,Android,0
15915.74,Send Money,Delhi,16,Android,0
31717.59,Merchant Payment,Mumbai,4,iOS,0
23331.17,Bill Payment,Bangalore,1,Android,0
31043.94,Send Money,Delhi,12,Android,1
27935.5,Send Money,Delhi,2,Android,1
530.41,Bill Payment,Bangalore,3,Android,0
31074.55,Merchant Payment,Bangalore,14,Android,0
2879.18,Merchant Payment,Mumbai,10,iOS,0
8706.26,Bill Payment,Hyderabad,22,iOS,0
31380.83,Send Money,Hyderabad,16,iOS,0
47214.79,Bill Payment,Delhi,0,Android,0
13235.76,Bill Payment,Mumbai,19,iOS,0
45567.38,Send Money,Bangalore,23,iOS,1
35319.48,Send Money,Chennai,19,Android,0
44524.46,Merchant Payment,Mumbai,7,Android,0
988.94,Merchant Payment,Kolkata,5,iOS,0
27355.19,Merchant Payment,Kolkata,4,iOS,0
18803.41,Send Money,Hyderabad,10,Android,0
41468.92,Merchant Payment,Delhi,4,iOS,0
28420.2,Bill Payment,Kolkata,6,Android,0
13827.88,Bill Payment,Bangalore,2,Android,0
13529.26,Bill Payment,Bangalore,15,iOS,0
49946.23,Bill Payment,Chennai,21,iOS,0
47300.51,Send Money,Bangalore,4,Android,1
2287.69,Merchant Payment,Mumbai,13,Android,0
23533.47,Bill Payment,Kolkata,5,iOS,0
36516.55,Merchant Payment,Mumbai,19,iOS,0
45011.79,Bill Payment,Kolkata,5,iOS,0
2359.14,Merchant Payment,Bangalore,3,iOS,1
27274.7,Bill Payment,Hyderabad,11,iOS,0
45122.49,Send Money,Bangalore,16,iOS,0
42343.06,Merchant Payment,Mumbai,8,Android,0
30617.62,Send Money,Hyderabad,4,Android,1
36806.34,Merchant Payment,Hyderabad,1,Android,0
21919.19,Send Money,Delhi,1,iOS,0
28127.59,Bill Payment,Kolkata,5,Android,0
46460.95,Bill Payment,Delhi,2,Android,0
9132.45,Send Money,Kolkata,17,Android,0
41822.88,Bill Payment,Bangalore,11,Android,0
2750.56,Send Money,Hyderabad,17,iOS,0
20520.46,Bill Payment,Bangalore,8,Android,0
16411.43,Send Money,Chennai,2,iOS,0
46071.77,Merchant Payment,Hyderabad,19,iOS,0
40434.28,Send Money,Kolkata,8,iOS,0
27270.77,Send Money,Hyderabad,13,Android,0
48143.24,Send Money,Mumbai,11,iOS,0
32771.47,Merchant Payment,Mumbai,19,iOS,0
20103.78,Send Money,Chennai,23,Android,1
1296.77,Bill Payment,Bangalore,6,Android,0
36775.3,Merchant Payment,Delhi,23,iOS,0
13096.31,Merchant Payment,Delhi,6,iOS,0
22766.46,Merchant Payment,Mumbai,16,Android,0
32320.55,Bill Payment,Mumbai,6,Android,0
40908.76,Send Money,Bangalore,10,iOS,0
13378.22,Bill Payment,Hyderabad,15,Android,0
23155.7,Bill Payment,Chennai,7,iOS,0
20172.2,Merchant Payment,Chennai,20,iOS,0
33834.63,Merchant Payment,Delhi,0,Android,0
38036.99,Merchant Payment,Chennai,6,Android,0
47351.96,Send Money,Chennai,2,Android,1
6829.58,Send Money,Delhi,12,iOS,0
19427.75,Send Money,Kolkata,10,Android,0
3001.07,Merchant Payment,Bangalore,17,iOS,0
4693.01,Merchant Payment,Mumbai,16,iOS,0
18580.36,Send Money,Mumbai,18,Android,0
23509.64,Send Money,Hyderabad,2,iOS,0
26487.77,Merchant Payment,Kolkata,19,Android,0
9686.37,Merchant Payment,Kolkata,0,Android,0
49888.32,Merchant Payment,Chennai,20,Android,0
35791.91,Bill Payment,Mumbai,5,Android,0
17066.32,Send Money,Chennai,20,iOS,0
27238.41,Send Money,Delhi,15,Android,0
25411.25,Merchant Payment,Hyderabad,1,Android,0
1770.86,Bill Payment,Bangalore,0,Android,0
33325.95,Merchant Payment,Hyderabad,1,Android,0
3544.04,Send Money,Bangalore,17,iOS,0
35494.27,Bill Payment,Kolkata,15,iOS,0
27836.41,Merchant Payment,Hyderabad,20,Android,1
33260.36,Send Money,Bangalore,15,Android,1
37436.46,Merchant Payment,Delhi,6,iOS,0
9148.66,Bill Payment,Kolkata,10,Android,0
2679.84,Merchant Payment,Hyderabad,18,Android,0
36749.6,Bill Payment,Bangalore,19,Android,0
17675.48,Send Money,Hyderabad,12,Android,0
11165.67,Bill Payment,Kolkata,4,Android,0
29430.22,Bill Payment,Bangalore,10,Android,0
15881.89,Merchant Payment,Delhi,11,iOS,0
46428.52,Bill Payment,Kolkata,8,Android,0
22462.94,Send Money,Hyderabad,11,Android,0
296.83,Send Money,Mumbai,8,iOS,0
45894.62,Bill Payment,Mumbai,1,iOS,0
38733.85,Merchant Payment,Bangalore,21,Android,0
20185.32,Bill Payment,Mumbai,12,Android,0
47668.8,Bill Payment,Delhi,21,iOS,0
33709.63,Bill Payment,Mumbai,19,iOS,0
35102.64,Send Money,Kolkata,4,iOS,0
34677.49,Send Money,Delhi,7,iOS,0
20076.9,Send Money,Mumbai,9,iOS,0
49529.73,Send Money,Hyderabad,3,iOS,0
8986.94,Merchant Payment,Hyderabad,2,Android,0
31747.06,Merchant Payment,Hyderabad,12,iOS,0
23112.13,Bill Payment,Bangalore,22,iOS,0
38913.41,Bill Payment,Bangalore,11,iOS,0
31441.27,Bill Payment,Bangalore,1,iOS,0
16493.98,Bill Payment,Hyderabad,4,iOS,0
45403.21,Bill Payment,Hyderabad,16,iOS,0
13490.83,Bill Payment,Delhi,5,Android,0
10609.41,Merchant Payment,Chennai,6,Android,0
11061.04,Bill Payment,Chennai,10,Android,0
43677.65,Send Money,Hyderabad,10,Android,0
25620.96,Merchant Payment,Delhi,5,Android,0
28979.24,Merchant Payment,Hyderabad,13,Android,0
49976.33,Send Money,Kolkata,2,iOS,1
43064.01,Merchant Payment,Hyderabad,12,Android,0
28978.67,Bill Payment,Delhi,0,Android,0
33269.42,Send Money,Hyderabad,21,Android,0
44803.24,Send Money,Mumbai,5,Android,0
34227.83,Send Money,Delhi,1,iOS,1
41514.1,Send Money,Hyderabad,13,Android,0
3745.25,Bill Payment,Hyderabad,1,iOS,0
18206.85,Merchant Payment,Hyderabad,3,Android,0
23546.48,Bill Payment,Hyderabad,0,Android,0
14595.34,Merchant Payment,Delhi,3,iOS,0
43976.97,Merchant Payment,Delhi,17,Android,0
29940.3,Send Money,Mumbai,15,Android,0
45630.11,Merchant Payment,Hyderabad,17,Android,0
4732.18,Send Money,Hyderabad,2,iOS,0
21659.29,Send Money,Kolkata,12,iOS,0
23972.41,Merchant Payment,Hyderabad,11,iOS,0
7053.87,Bill Payment,Chennai,10,iOS,0
47217.42,Merchant Payment,Mumbai,23,Android,0
24615.86,Bill Payment,Bangalore,22,iOS,0
293.65,Bill Payment,Chennai,2,iOS,0
37694.22,Merchant Payment,Chennai,3,Android,0
20878.33,Bill Payment,Delhi,19,Android,0
12004.84,Merchant Payment,Chennai,1,iOS,0
20791.7,Bill Payment,Bangalore,5,iOS,0
20643.06,Bill Payment,Mumbai,8,Android,0
24718.41,Send Money,Bangalore,8,iOS,0
26423.65,Send Money,Mumbai,5,Android,0
41427.42,Bill Payment,Mumbai,3,iOS,1
48260.71,Merchant Payment,Kolkata,18,Android,1
11476.95,Merchant Payment,Kolkata,7,iOS,0
25340.19,Merchant Payment,Bangalore,7,Android,0
37829.69,Merchant Payment,Delhi,20,iOS,0
40464.91,Bill Payment,Chennai,3,Android,1
44359.43,Bill Payment,Chennai,9,iOS,0
49055.49,Bill Payment,Kolkata,10,iOS,0
16340.35,Send Money,Kolkata,7,Android,0
127.31,Send Money,Hyderabad,20,iOS,0
4105.99,Bill Payment,Kolkata,4,iOS,0
6844.56,Merchant Payment,Hyderabad,8,iOS,0
38129.65,Merchant Payment,Delhi,12,Android,0
38162.29,Merchant Payment,Mumbai,5,Android,0
29934.03,Merchant Payment,Bangalore,11,Android,0
44488.99,Merchant Payment,Bangalore,14,Android,0
46513.17,Bill Payment,Mumbai,13,Android,0
13631.73,Merchant Payment,Bangalore,16,Android,0
37.7,Bill Payment,Hyderabad,7,iOS,0
4715.53,Merchant Payment,Hyderabad,17,iOS,0
6054.46,Send Money,Kolkata,11,iOS,0
46450.31,Send Money,Delhi,20,iOS,0
9291.96,Send Money,Kolkata,6,Android,0
37240.4,Send Money,Kolkata,23,iOS,1
36348.67,Send Money,Kolkata,6,iOS,0
35754.24,Merchant Payment,Delhi,15,Android,0
40453.87,Bill Payment,Kolkata,11,Android,1
44618.78,Bill Payment,Chennai,17,iOS,0
8085.18,Send Money,Delhi,6,iOS,0
37719.22,Bill Payment,Bangalore,6,Android,0
6325.3,Send Money,Mumbai,17,iOS,0
19173.81,Bill Payment,Hyderabad,22,Android,0
32585.8,Send Money,Hyderabad,7,Android,0
36230.32,Merchant Payment,Bangalore,8,iOS,0
2838.55,Send Money,Mumbai,13,Android,0
34604.78,Send Money,Mumbai,19,iOS,0
25508.99,Send Money,Delhi,13,Android,0
28108.21,Send Money,Delhi,5,Android,1
8770.33,Send Money,Delhi,8,iOS,0
31721.6,Bill Payment,Delhi,22,iOS,0
13961.53,Merchant Payment,Kolkata,6,iOS,0
35909.19,Send Money,Hyderabad,22,Android,0
15138.02,Merchant Payment,Delhi,1,iOS,0
39288.53,Merchant Payment,Bangalore,3,iOS,0
773.47,Merchant Payment,Kolkata,13,iOS,0
36790.7,Merchant Payment,Hyderabad,8,iOS,0
1557.77,Send Money,Chennai,0,Android,1
20225.44,Send Money,Kolkata,23,iOS,0
6998.89,Bill Payment,Mumbai,12,iOS,0
46609.27,Send Money,Hyderabad,22,Android,0
20420.44,Send Money,Bangalore,3,Android,0
41205.51,Send Money,Chennai,13,Android,0
17770.88,Merchant Payment,Kolkata,0,iOS,0
7948.44,Merchant Payment,Hyderabad,13,Android,0
43748.7,Merchant Payment,Delhi,6,Android,0
33595.56,Merchant Payment,Chennai,20,Android,0
39752.34,Send Money,Chennai,22,Android,0
3981.75,Bill Payment,Mumbai,3,iOS,0
34704.09,Bill Payment,Hyderabad,10,iOS,0
22096.87,Send Money,Delhi,20,Android,0
39215.24,Merchant Payment,Mumbai,1,iOS,0
13108.99,Send Money,Mumbai,17,iOS,0
15222.45,Bill Payment,Delhi,13,iOS,0
34606.73,Merchant Payment,Chennai,15,iOS,0
35829.56,Bill Payment,Chennai,18,Android,0
3855.47,Merchant Payment,Mumbai,6,Android,0
14540.0,Send Money,Delhi,5,iOS,0
5069.29,Send Money,Bangalore,9,iOS,0
23090.58,Bill Payment,Bangalore,9,iOS,0
24265.57,Bill Payment,Delhi,2,iOS,1
46818.46,Send Money,Hyderabad,7,Android,0
36600.26,Send Money,Delhi,15,Android,1
36974.04,Bill Payment,Delhi,2,Android,0
13858.1,Send Money,Delhi,4,iOS,0
34625.81,Send Money,Mumbai,10,iOS,0
44230.42,Bill Payment,Bangalore,16,iOS,0
32762.92,Bill Payment,Delhi,19,iOS,0
4118.72,Merchant Payment,Mumbai,23,Android,0
23757.88,Send Money,Mumbai,4,iOS,0
18352.71,Merchant Payment,Kolkata,0,Android,0
13470.79,Bill Payment,Delhi,19,iOS,0
20321.24,Merchant Payment,Delhi,11,iOS,0
213.03,Send Money,Kolkata,9,Android,0
30140.95,Bill Payment,Chennai,10,Android,0
18867.51,Merchant Payment,Bangalore,15,iOS,0
33548.2,Send Money,Bangalore,6,iOS,0
27032.9,Merchant Payment,Chennai,11,Android,0
6956.61,Send Money,Delhi,2,Android,0
13589.44,Merchant Payment,Delhi,14,Android,0
4930.77,Send Money,Mumbai,9,Android,0
41825.2,Bill Payment,Kolkata,6,Android,0
37245.15,Bill Payment,Mumbai,8,Android,0
36116.18,Bill Payment,Kolkata,23,Android,0
40174.38,Bill Payment,Hyderabad,8,iOS,0
25005.28,Send Money,Bangalore,6,iOS,0
45867.74,Send Money,Delhi,6,iOS,0
4890.84,Merchant Payment,Hyderabad,17,iOS,0
31744.06,Bill Payment,Bangalore,0,iOS,1
30557.23,Send Money,Kolkata,6,iOS,0
49852.92,Send Money,Kolkata,2,Android,1
3046.93,Bill Payment,Kolkata,4,Android,0
6865.1,Merchant Payment,Bangalore,12,iOS,0
46509.96,Merchant Payment,Bangalore,23,Android,0
13589.98,Bill Payment,Bangalore,13,Android,0
24248.52,Send Money,Delhi,20,Android,0
22101.71,Merchant Payment,Delhi,9,iOS,0
11965.44,Merchant Payment,Mumbai,17,iOS,0
31849.68,Bill Payment,Hyderabad,6,Android,0
17474.77,Merchant Payment,Hyderabad,0,Android,0
14469.6,Merchant Payment,Delhi,12,Android,0
34792.81,Send Money,Hyderabad,0,iOS,1
18112.45,Merchant Payment,Chennai,3,iOS,0
33236.15,Merchant Payment,Delhi,23,Android,1
28677.11,Bill Payment,Mumbai,11,iOS,0
37996.58,Merchant Payment,Mumbai,9,iOS,0
19888.62,Send Money,Mumbai,16,iOS,0
20075.74,Send Money,Delhi,7,Android,0
48299.82,Merchant Payment,Mumbai,2,Android,0
3384.55,Send Money,Chennai,4,iOS,0
35961.63,Merchant Payment,Chennai,5,iOS,0
32071.7,Send Money,Chennai,19,iOS,0
33759.83,Bill Payment,Hyderabad,4,Android,0
41913.18,Bill Payment,Bangalore,14,Android,0
20548.59,Merchant Payment,Kolkata,17,Android,0
30049.81,Bill Payment,Kolkata,23,Android,0
38121.77,Bill Payment,Bangalore,7,Android,0
25540.45,Bill Payment,Kolkata,7,Android,0
11242.4,Merchant Payment,Delhi,9,Android,0
14838.25,Send Money,Hyderabad,3,Android,0
16361.23,Send Money,Kolkata,7,Android,0
3567.41,Send Money,Mumbai,0,Android,0
46111.79,Send Money,Delhi,11,Android,0
2372.23,Merchant Payment,Hyderabad,21,iOS,0
29216.57,Merchant Payment,Hyderabad,6,Android,0
16284.31,Send Money,Delhi,8,iOS,0
9358.36,Merchant Payment,Delhi,12,Android,0
16582.71,Bill Payment,Kolkata,11,Android,0
11395.64,Merchant Payment,Mumbai,10,iOS,0
39469.86,Merchant Payment,Bangalore,16,iOS,1
8965.82,Send Money,Chennai,17,iOS,0
19591.16,Bill Payment,Chennai,4,iOS,0
33395.36,Merchant Payment,Delhi,15,iOS,0
30481.44,Merchant Payment,Delhi,16,Android,0
28852.08,Send Money,Delhi,17,iOS,0
25041.95,Send Money,Kolkata,20,iOS,0
47218.43,Bill Payment,Mumbai,4,Android,1
1187.68,Bill Payment,Kolkata,1,Android,0
46850.1,Merchant Payment,Kolkata,20,Android,0
11622.83,Send Money,Mumbai,21,iOS,0
14002.96,Send Money,Delhi,15,iOS,0
40332.12,Send Money,Delhi,17,iOS,0
27799.56,Merchant Payment,Kolkata,4,iOS,0
21445.31,Bill Payment,Chennai,2,Android,0
24688.26,Bill Payment,Mumbai,11,Android,0
44582.67,Bill Payment,Hyderabad,11,Android,0
46927.36,Merchant Payment,Bangalore,8,iOS,0
35111.82,Merchant Payment,Kolkata,15,Android,0
44867.85,Send Money,Delhi,2,iOS,1
251.7,Send Money,Delhi,10,iOS,0
38149.47,Send Money,Chennai,13,Android,0
45595.25,Bill Payment,Hyderabad,4,Android,0
16855.95,Merchant Payment,Bangalore,3,iOS,0
32164.99,Bill Payment,Bangalore,7,Android,0
26277.29,Send Money,Bangalore,13,iOS,0
26357.34,Send Money,Mumbai,9,iOS,0
23777.78,Bill Payment,Delhi,21,Android,0
21001.97,Send Money,Kolkata,22,Android,0
29042.14,Merchant Payment,Hyderabad,15,Android,0
7848.32,Merchant Payment,Hyderabad,9,Android,0
24538.62,Merchant Payment,Chennai,13,iOS,0
49845.34,Send Money,Chennai,20,Android,0
10499.72,Send Money,Delhi,12,Android,0
27127.13,Merchant Payment,Delhi,21,Android,0
37826.34,Merchant Payment,Delhi,16,iOS,0
45452.39,Merchant Payment,Mumbai,20,Android,0
13750.34,Bill Payment,Mumbai,8,iOS,0
27488.61,Bill Payment,Kolkata,19,Android,0
43871.48,Merchant Payment,Hyderabad,15,iOS,0
36223.85,Send Money,Mumbai,0,iOS,0
34299.25,Bill Payment,Kolkata,21,Android,0
22219.24,Merchant Payment,Mumbai,11,iOS,0
14817.58,Bill Payment,Mumbai,22,iOS,0
24798.73,Bill Payment,Kolkata,15,iOS,0
35593.78,Send Money,Delhi,5,iOS,1
6347.41,Send Money,Hyderabad,6,iOS,0
20019.97,Send Money,Chennai,9,iOS,0
27183.7,Send Money,Delhi,2,Android,0
16956.35,Bill Payment,Delhi,0,Android,0
35751.2,Bill Payment,Hyderabad,12,Android,0
3303.04,Bill Payment,Bangalore,15,iOS,0
20745.79,Merchant Payment,Hyderabad,7,iOS,0
35216.65,Send Money,Kolkata,17,Android,0
41123.47,Send Money,Kolkata,17,Android,0
4035.72,Bill Payment,Hyderabad,18,iOS,0
6764.38,Bill Payment,Chennai,5,iOS,0
46430.2,Send Money,Bangalore,19,iOS,0
9779.84,Merchant Payment,Mumbai,16,iOS,0
43663.81,Bill Payment,Mumbai,1,iOS,0
34096.36,Send Money,Bangalore,23,iOS,1
19281.54,Send Money,Delhi,19,Android,0
41435.8,Merchant Payment,Hyderabad,22,Android,0
44562.78,Bill Payment,Bangalore,4,iOS,0
39101.42,Bill Payment,Mumbai,0,Android,0
7599.13,Send Money,Mumbai,1,iOS,0
48519.76,Merchant Payment,Chennai,22,iOS,0
22326.71,Send Money,Bangalore,17,Android,0
9685.71,Send Money,Hyderabad,16,iOS,0
20855.84,Bill Payment,Bangalore,11,Android,0
23777.3,Send Money,Chennai,0,Android,0
27321.43,Bill Payment,Delhi,10,iOS,0
44429.12,Bill Payment,Chennai,0,Android,0
581.63,Merchant Payment,Hyderabad,14,iOS,0
38526.55,Merchant Payment,Kolkata,12,iOS,0
4662.97,Merchant Payment,Bangalore,3,iOS,0
24685.56,Bill Payment,Chennai,13,Android,0
42902.25,Bill Payment,Bangalore,5,iOS,0
25429.66,Send Money,Kolkata,21,Android,0
33167.01,Merchant Payment,Kolkata,9,iOS,1
32677.03,Send Money,Bangalore,14,Android,0
28082.97,Send Money,Hyderabad,8,iOS,0
42055.81,Bill Payment,Mumbai,10,Android,0
21151.95,Send Money,Chennai,18,iOS,0
26848.1,Bill Payment,Mumbai,14,Android,0
22271.95,Merchant Payment,Mumbai,0,Android,0
34966.12,Bill Payment,Kolkata,6,iOS,0
24729.02,Merchant Payment,Mumbai,17,iOS,0
188.4,Bill Payment,Bangalore,14,iOS,0
29077.16,Send Money,Delhi,10,iOS,0
17420.18,Bill Payment,Bangalore,8,iOS,0
42300.19,Bill Payment,Kolkata,17,Android,0
24308.28,Bill Payment,Mumbai,12,Android,0
2546.27,Bill Payment,Bangalore,0,iOS,0
5953.27,Bill Payment,Kolkata,10,iOS,0
6025.91,Bill Payment,Mumbai,0,iOS,0
3573.89,Merchant Payment,Kolkata,8,Android,0
15746.56,Send Money,Delhi,15,iOS,0
41816.15,Send Money,Kolkata,8,Android,0
20565.95,Merchant Payment,Kolkata,14,iOS,0
39623.02,Merchant Payment,Bangalore,11,iOS,0
35199.89,Merchant Payment,Delhi,12,Android,0
43937.56,Merchant Payment,Hyderabad,6,iOS,0
18173.97,Merchant Payment,Hyderabad,3,Android,1
44751.79,Merchant Payment,Hyderabad,19,iOS,0
26600.3,Merchant Payment,Kolkata,7,Android,0
24634.78,Merchant Payment,Mumbai,2,Android,0
39137.1,Merchant Payment,Kolkata,5,Android,1
11558.05,Merchant Payment,Kolkata,1,Android,0
29707.33,Bill Payment,Mumbai,19,Android,0
34029.66,Merchant Payment,Kolkata,8,iOS,0
46872.06,Bill Payment,Kolkata,23,Android,1
23951.06,Send Money,Kolkata,16,iOS,0
37396.46,Bill Payment,Hyderabad,3,Android,0
39343.41,Send Money,Delhi,4,iOS,1
37960.65,Send Money,Mumbai,2,iOS,0
45476.81,Merchant Payment,Chennai,9,iOS,0
11624.51,Send Money,Kolkata,19,Android,0
28985.22,Send Money,Bangalore,3,Android,0
35744.72,Merchant Payment,Kolkata,1,iOS,1
1743.53,Merchant Payment,Hyderabad,15,Android,0
35616.49,Merchant Payment,Mumbai,15,iOS,0
5861.78,Send Money,Mumbai,13,iOS,0
21470.5,Send Money,Mumbai,0,iOS,0
229.59,Send Money,Bangalore,12,iOS,0
25617.63,Bill Payment,Kolkata,20,iOS,0
46068.6,Merchant Payment,Kolkata,0,Android,0
2370.31,Send Money,Delhi,15,iOS,0
426.68,Send Money,Hyderabad,19,Android,0
22900.98,Bill Payment,Kolkata,8,iOS,0
42717.67,Merchant Payment,Bangalore,10,Android,0
1880.69,Merchant Payment,Bangalore,19,iOS,0
13985.42,Send Money,Mumbai,17,iOS,0
35973.34,Merchant Payment,Bangalore,14,iOS,1
15591.7,Send Money,Hyderabad,3,Android,0
4401.0,Merchant Payment,Mumbai,15,iOS,0
7691.33,Bill Payment,Kolkata,18,Android,0
12372.84,Bill Payment,Bangalore,18,iOS,0
304.82,Merchant Payment,Mumbai,0,Android,1
36407.49,Bill Payment,Mumbai,20,iOS,0
7751.85,Merchant Payment,Kolkata,9,iOS,0
32572.35,Bill Payment,Delhi,6,Android,0
21750.67,Merchant Payment,Delhi,11,Android,0
11434.19,Send Money,Kolkata,15,iOS,1
469.03,Send Money,Chennai,8,Android,0
42423.24,Merchant Payment,Mumbai,17,iOS,0
43314.39,Send Money,Bangalore,2,iOS,1
30203.75,Merchant Payment,Bangalore,11,iOS,0
24205.08,Bill Payment,Kolkata,1,iOS,0
1869.61,Merchant Payment,Mumbai,22,Android,0
44694.72,Bill Payment,Chennai,17,Android,0
15176.87,Send Money,Bangalore,11,Android,0
35157.68,Bill Payment,Mumbai,13,Android,0
32767.73,Merchant Payment,Delhi,1,iOS,0
42478.06,Merchant Payment,Chennai,18,Android,0
40167.34,Send Money,Mumbai,8,Android,0
33978.17,Bill Payment,Kolkata,0,Android,1
43311.33,Merchant Payment,Chennai,15,iOS,0
4844.21,Merchant Payment,Chennai,20,iOS,0
16940.87,Merchant Payment,Hyderabad,2,iOS,0
38112.98,Bill Payment,Delhi,13,iOS,0
1468.33,Send Money,Kolkata,21,Android,0
27883.03,Send Money,Mumbai,23,Android,1
40573.82,Send Money,Hyderabad,9,iOS,0
44686.74,Bill Payment,Hyderabad,10,iOS,0
4754.91,Merchant Payment,Mumbai,19,Android,0
48348.4,Send Money,Bangalore,10,iOS,0
19192.56,Merchant Payment,Chennai,4,Android,0
43018.65,Merchant Payment,Delhi,15,iOS,0
39444.56,Send Money,Hyderabad,22,iOS,0
43530.13,Merchant Payment,Kolkata,3,iOS,1
22522.59,Merchant Payment,Kolkata,7,Android,0
24838.03,Send Money,Mumbai,7,iOS,0
45822.83,Send Money,Hyderabad,2,iOS,1
26266.91,Merchant Payment,Delhi,19,iOS,0
16663.73,Bill Payment,Kolkata,20,Android,0
12547.08,Send Money,Hyderabad,21,Android,0
9766.28,Merchant Payment,Bangalore,13,Android,0
38643.53,Send Money,Hyderabad,3,iOS,1
13312.58,Merchant Payment,Delhi,8,iOS,0
42776.31,Merchant Payment,Mumbai,8,Android,0
1735.31,Merchant Payment,Delhi,9,iOS,0
43787.31,Bill Payment,Hyderabad,10,iOS,0
37024.45,Send Money,Delhi,4,iOS,0
11670.38,Send Money,Kolkata,10,iOS,0
2858.73,Merchant Payment,Hyderabad,16,Android,0
29585.7,Merchant Payment,Bangalore,2,Android,0
49292.89,Merchant Payment,Kolkata,21,iOS,0
5584.5,Merchant Payment,Bangalore,4,iOS,0
10813.18,Bill Payment,Kolkata,7,Android,0
29994.55,Send Money,Mumbai,14,Android,0
1914.05,Merchant Payment,Kolkata,10,Android,0
42703.07,Bill Payment,Hyderabad,7,Android,0
21159.51,Merchant Payment,Bangalore,17,iOS,0
28350.21,Merchant Payment,Bangalore,15,iOS,0
7621.27,Merchant Payment,Mumbai,11,Android,0
13777.91,Merchant Payment,Delhi,14,Android,0
31776.37,Merchant Payment,Hyderabad,15,iOS,0
2537.81,Merchant Payment,Hyderabad,1,iOS,0
36461.93,Merchant Payment,Delhi,12,Android,0
40942.76,Merchant Payment,Delhi,14,iOS,0
13199.79,Bill Payment,Mumbai,10,Android,0
33574.5,Merchant Payment,Hyderabad,5,Android,0
20648.61,Send Money,Chennai,22,iOS,0
33779.88,Merchant Payment,Hyderabad,20,Android,0
22042.92,Merchant Payment,Kolkata,17,Android,0
15517.76,Merchant Payment,Hyderabad,11,Android,0
6424.41,Send Money,Bangalore,22,iOS,0
8384.55,Bill Payment,Bangalore,16,iOS,0
8113.53,Merchant Payment,Bangalore,21,iOS,0
3363.9,Bill Payment,Chennai,2,Android,0
31980.22,Merchant Payment,Mumbai,18,iOS,0
14003.96,Merchant Payment,Kolkata,11,Android,0
9635.55,Merchant Payment,Hyderabad,19,iOS,0
30653.98,Merchant Payment,Delhi,22,iOS,0
17719.18,Send Money,Delhi,10,iOS,0
12925.31,Merchant Payment,Bangalore,15,iOS,0
22801.88,Merchant Payment,Bangalore,17,Android,0
28622.64,Bill Payment,Bangalore,19,Android,0
30833.7,Send Money,Hyderabad,0,Android,1
29777.93,Bill Payment,Chennai,23,iOS,0
18843.36,Merchant Payment,Hyderabad,19,Android,0
31822.51,Bill Payment,Bangalore,10,Android,0
1596.01,Merchant Payment,Mumbai,23,Android,0
32118.42,Send Money,Delhi,6,Android,0
38526.16,Bill Payment,Kolkata,18,iOS,0
44753.29,Bill Payment,Chennai,10,Android,0
8617.88,Send Money,Hyderabad,8,iOS,0
8081.56,Send Money,Bangalore,20,Android,0
42354.12,Merchant Payment,Mumbai,10,Android,0
17451.81,Bill Payment,Chennai,20,iOS,0
6751.51,Bill Payment,Mumbai,9,iOS,0
9013.93,Merchant Payment,Mumbai,4,Android,0
27089.49,Bill Payment,Delhi,10,iOS,0
35172.34,Send Money,Hyderabad,15,iOS,0
19344.55,Merchant Payment,Kolkata,16,iOS,0
9714.98,Send Money,Mumbai,14,Android,0
46217.52,Send Money,Hyderabad,12,Android,0
29145.48,Merchant Payment,Delhi,3,Android,0
32502.53,Merchant Payment,Kolkata,6,iOS,0
37965.6,Merchant Payment,Delhi,20,Android,0
13445.23,Merchant Payment,Mumbai,18,iOS,0
17814.21,Merchant Payment,Delhi,16,iOS,0
31795.07,Merchant Payment,Delhi,2,Android,0
10005.97,Merchant Payment,Chennai,14,iOS,0
2812.91,Bill Payment,Hyderabad,6,iOS,0
24502.92,Merchant Payment,Delhi,20,Android,0
19474.29,Bill Payment,Delhi,9,iOS,0
36658.67,Merchant Payment,Delhi,20,iOS,0
5840.44,Send Money,Delhi,17,Android,0
4885.12,Send Money,Chennai,21,iOS,0
27244.43,Merchant Payment,Kolkata,14,iOS,0
41668.05,Merchant Payment,Kolkata,3,iOS,0
15997.56,Bill Payment,Chennai,7,iOS,0
49560.99,Bill Payment,Kolkata,11,Android,0
2403.06,Bill Payment,Chennai,23,Android,0
40994.5,Send Money,Delhi,1,iOS,1
3693.83,Merchant Payment,Chennai,0,iOS,0
31060.93,Bill Payment,Bangalore,9,iOS,1
49775.41,Bill Payment,Mumbai,5,Android,0
49098.36,Bill Payment,Bangalore,4,Android,0
49829.8,Merchant Payment,Kolkata,9,Android,0
32656.49,Merchant Payment,Chennai,13,Android,0
41342.53,Bill Payment,Mumbai,6,Android,0
47632.23,Send Money,Bangalore,12,Android,0
34714.63,Send Money,Mumbai,0,iOS,0
32354.02,Merchant Payment,Bangalore,17,Android,0
45066.92,Merchant Payment,Bangalore,19,iOS,0
18034.11,Merchant Payment,Chennai,3,Android,0
8894.7,Bill Payment,Chennai,22,iOS,0
21908.17,Merchant Payment,Chennai,10,iOS,0
26791.02,Send Money,Kolkata,10,iOS,0
40619.06,Bill Payment,Chennai,3,iOS,0
37041.23,Merchant Payment,Kolkata,4,Android,0
20765.57,Bill Payment,Mumbai,11,iOS,0
22036.4,Merchant Payment,Chennai,12,Android,0
11216.45,Bill Payment,Bangalore,19,Android,0
44015.32,Merchant Payment,Delhi,8,Android,0
16462.75,Bill Payment,Mumbai,7,Android,0
8845.39,Bill Payment,Delhi,23,iOS,0
23104.14,Bill Payment,Kolkata,7,Android,0
43963.78,Send Money,Hyderabad,8,iOS,0
30319.25,Merchant Payment,Kolkata,17,Android,0
14644.4,Bill Payment,Delhi,21,iOS,0
1888.89,Merchant Payment,Hyderabad,14,iOS,0
41101.37,Send Money,Chennai,3,Android,0
31172.9,Bill Payment,Hyderabad,10,iOS,0
11316.07,Merchant Payment,Chennai,10,Android,0
49357.31,Send Money,Hyderabad,7,iOS,0
35840.42,Bill Payment,Mumbai,21,iOS,1
27923.17,Merchant Payment,Kolkata,18,Android,0
37756.2,Merchant Payment,Bangalore,11,Android,0
2522.78,Merchant Payment,Kolkata,3,Android,0
3873.69,Merchant Payment,Delhi,20,Android,0
28309.69,Bill Payment,Hyderabad,23,iOS,0
45390.11,Bill Payment,Hyderabad,21,Android,0
18807.13,Bill Payment,Bangalore,4,Android,0
42780.91,Bill Payment,Bangalore,11,iOS,0
47388.08,Send Money,Mumbai,1,iOS,0
18335.68,Merchant Payment,Hyderabad,21,iOS,0
11222.31,Send Money,Hyderabad,5,Android,0
13528.56,Send Money,Chennai,13,iOS,0
36826.36,Bill Payment,Chennai,8,Android,0
23877.28,Bill Payment,Delhi,5,iOS,0
41469.71,Send Money,Mumbai,18,iOS,0
18517.87,Send Money,Mumbai,9,Android,0
38184.06,Send Money,Bangalore,10,Android,0
34011.99,Merchant Payment,Mumbai,21,iOS,0
45642.2,Merchant Payment,Chennai,23,iOS,0
6980.17,Merchant Payment,Hyderabad,19,iOS,0
41495.8,Send Money,Kolkata,22,Android,0
17002.08,Merchant Payment,Chennai,18,iOS,0
35289.94,Bill Payment,Mumbai,14,Android,0
14965.0,Send Money,Mumbai,4,iOS,0
39332.49,Merchant Payment,Delhi,3,iOS,0
45730.54,Merchant Payment,Chennai,9,Android,0
20097.53,Merchant Payment,Chennai,19,iOS,0
1988.53,Merchant Payment,Chennai,12,Android,0
41432.64,Merchant Payment,Bangalore,9,iOS,0
5761.59,Merchant Payment,Chennai,17,iOS,0
30755.65,Bill Payment,Bangalore,23,iOS,0
40424.69,Send Money,Hyderabad,17,Android,0
2662.29,Send Money,Mumbai,2,iOS,0
24109.17,Merchant Payment,Mumbai,16,Android,0
6089.19,Merchant Payment,Bangalore,14,Android,0
39379.04,Send Money,Delhi,3,Android,1
47277.81,Send Money,Bangalore,20,iOS,0
37535.93,Merchant Payment,Mumbai,13,Android,0
6316.11,Send Money,Delhi,4,Android,0
3076.47,Bill Payment,Chennai,1,iOS,0
16709.94,Merchant Payment,Chennai,20,iOS,0
41129.18,Bill Payment,Hyderabad,7,Android,0
12577.57,Send Money,Kolkata,12,iOS,0
47138.98,Merchant Payment,Hyderabad,12,Android,0
29686.79,Send Money,Kolkata,2,Android,0
1624.98,Send Money,Hyderabad,17,Android,0
20934.52,Merchant Payment,Hyderabad,22,iOS,0
13558.89,Merchant Payment,Hyderabad,14,iOS,0
40960.74,Send Money,Hyderabad,4,iOS,1
4576.15,Send Money,Hyderabad,10,Android,0
31443.73,Bill Payment,Kolkata,22,Android,0
19158.22,Merchant Payment,Kolkata,21,iOS,0
44588.97,Bill Payment,Mumbai,19,iOS,0
42173.72,Bill Payment,Delhi,20,Android,0
4544.92,Send Money,Hyderabad,22,iOS,0
980.49,Send Money,Hyderabad,18,iOS,0
41327.48,Send Money,Mumbai,7,Android,0
32896.98,Send Money,Mumbai,6,Android,0
14669.46,Merchant Payment,Mumbai,15,iOS,0
30980.93,Merchant Payment,Kolkata,13,Android,0
46767.85,Merchant Payment,Chennai,6,Android,0
26984.38,Merchant Payment,Bangalore,1,Android,0
49834.59,Send Money,Delhi,16,iOS,0
12326.03,Bill Payment,Bangalore,4,Android,0
45781.2,Bill Payment,Delhi,16,iOS,0
710.91,Send Money,Hyderabad,5,Android,0
34918.95,Merchant Payment,Mumbai,3,iOS,1
30403.03,Bill Payment,Delhi,20,iOS,0
32501.64,Merchant Payment,Delhi,22,iOS,0
14894.41,Merchant Payment,Hyderabad,20,iOS,0
25241.33,Merchant Payment,Mumbai,21,iOS,0
44018.17,Merchant Payment,Hyderabad,15,Android,0
20610.93,Send Money,Mumbai,20,Android,0
40738.02,Bill Payment,Chennai,15,Android,0
34681.88,Merchant Payment,Delhi,20,iOS,0
38835.47,Bill Payment,Hyderabad,11,iOS,0
35281.93,Merchant Payment,Delhi,13,Android,0
36800.59,Merchant Payment,Chennai,0,Android,1
37208.03,Merchant Payment,Mumbai,22,iOS,0
20597.07,Send Money,Chennai,16,Android,0
47272.34,Merchant Payment,Hyderabad,14,Android,0
8810.62,Bill Payment,Bangalore,7,Android,0
41749.71,Merchant Payment,Hyderabad,20,iOS,0
48556.18,Send Money,Delhi,1,Android,1
37321.73,Send Money,Mumbai,16,Android,0
9646.33,Send Money,Kolkata,20,iOS,0
14183.07,Send Money,Hyderabad,4,iOS,0
46420.0,Send Money,Hyderabad,20,Android,0
39560.99,Merchant Payment,Delhi,8,Android,1
29469.85,Send Money,Delhi,6,Android,0
22229.89,Bill Payment,Chennai,8,Android,0
2730.8,Bill Payment,Delhi,0,iOS,0
24746.6,Bill Payment,Mumbai,10,Android,1
4832.74,Bill Payment,Chennai,1,iOS,0
31921.51,Send Money,Chennai,9,iOS,0
49449.58,Merchant Payment,Hyderabad,4,iOS,0
6907.48,Bill Payment,Delhi,22,iOS,0
24606.68,Send Money,Bangalore,20,Android,0
1364.97,Send Money,Bangalore,19,iOS,0
6665.21,Bill Payment,Mumbai,17,Android,0
7908.5,Send Money,Kolkata,7,iOS,0
21578.0,Bill Payment,Mumbai,8,iOS,0
28807.16,Merchant Payment,Hyderabad,11,Android,0
31863.99,Merchant Payment,Kolkata,10,Android,0
30342.15,Bill Payment,Kolkata,21,Android,0
31197.57,Merchant Payment,Mumbai,9,Android,0
11559.6,Bill Payment,Delhi,8,iOS,0
17444.64,Bill Payment,Mumbai,5,iOS,0
1347.5,Send Money,Kolkata,23,iOS,1
16982.88,Bill Payment,Bangalore,16,Android,0
34693.63,Send Money,Delhi,3,Android,1
42228.61,Merchant Payment,Mumbai,4,iOS,0
3196.57,Merchant Payment,Hyderabad,6,iOS,0
10117.83,Bill Payment,Hyderabad,8,iOS,0
24426.44,Merchant Payment,Bangalore,23,Android,0
16457.51,Send Money,Mumbai,15,Android,0
42350.05,Merchant Payment,Kolkata,23,iOS,0
34915.92,Send Money,Hyderabad,5,iOS,0
33438.33,Merchant Payment,Kolkata,10,iOS,0
29550.16,Merchant Payment,Delhi,1,iOS,0
16775.52,Merchant Payment,Delhi,1,Android,0
46831.83,Send Money,Delhi,20,Android,0
27157.04,Bill Payment,Mumbai,18,Android,0
46455.63,Merchant Payment,Kolkata,20,iOS,0
41960.06,Bill Payment,Kolkata,8,Android,0
43497.16,Bill Payment,Mumbai,12,Android,0
3932.15,Bill Payment,Kolkata,6,iOS,0
13247.76,Bill Payment,Mumbai,20,Android,0
32473.44,Bill Payment,Chennai,2,Android,0
39905.49,Send Money,Bangalore,20,iOS,0
32796.19,Merchant Payment,Hyderabad,6,Android,0
24218.75,Merchant Payment,Bangalore,14,Android,0
49905.48,Send Money,Hyderabad,3,Android,1
26357.79,Merchant Payment,Hyderabad,14,Android,0
16069.03,Merchant Payment,Delhi,16,iOS,0
5364.87,Merchant Payment,Mumbai,11,Android,0
49196.92,Merchant Payment,Mumbai,12,Android,0
3912.53,Send Money,Chennai,2,iOS,0
44495.74,Bill Payment,Hyderabad,21,iOS,0
33990.25,Bill Payment,Mumbai,4,iOS,0
25500.19,Send Money,Bangalore,17,Android,0
33973.52,Bill Payment,Delhi,2,iOS,0
17778.54,Merchant Payment,Bangalore,17,Android,0
3247.06,Merchant Payment,Kolkata,14,iOS,0
49426.42,Bill Payment,Mumbai,21,iOS,0
33865.57,Merchant Payment,Mumbai,23,Android,0
49983.05,Merchant Payment,Hyderabad,11,iOS,0
25357.18,Send Money,Delhi,14,iOS,0
13756.8,Merchant Payment,Kolkata,18,iOS,0
18493.39,Send Money,Delhi,11,Android,0
35923.44,Merchant Payment,Mumbai,16,iOS,0
22384.58,Send Money,Hyderabad,16,Android,0
34253.62,Merchant Payment,Chennai,14,iOS,0
18899.3,Merchant Payment,Bangalore,23,iOS,0
25165.07,Send Money,Bangalore,19,Android,0
15980.64,Merchant Payment,Bangalore,9,Android,0
13498.39,Send Money,Chennai,22,Android,1
16830.96,Send Money,Bangalore,7,Android,0
20038.79,Merchant Payment,Hyderabad,17,iOS,0
23700.19,Send Money,Kolkata,21,iOS,0
16168.11,Bill Payment,Bangalore,20,Android,0
29778.76,Send Money,Chennai,13,Android,0
30940.32,Bill Payment,Kolkata,8,iOS,0
26667.62,Bill Payment,Kolkata,12,Android,0
2735.72,Merchant Payment,Hyderabad,4,iOS,0
257.48,Merchant Payment,Mumbai,18,Android,0
17560.28,Merchant Payment,Hyderabad,16,Android,0
29820.94,Send Money,Kolkata,15,iOS,0
45349.62,Bill Payment,Mumbai,15,iOS,0
39657.72,Merchant Payment,Bangalore,10,iOS,0
32619.56,Send Money,Kolkata,23,iOS,0
40270.66,Bill Payment,Bangalore,19,iOS,0
27337.03,Bill Payment,Delhi,19,iOS,0
49185.28,Merchant Payment,Chennai,6,iOS,0
45078.1,Send Money,Chennai,8,Android,1
25908.63,Send Money,Delhi,4,iOS,0
30920.69,Bill Payment,Kolkata,1,Android,0
47352.15,Bill Payment,Kolkata,2,Android,1
39810.64,Send Money,Mumbai,16,iOS,0
49865.83,Merchant Payment,Chennai,1,iOS,0
32167.55,Merchant Payment,Kolkata,0,Android,0
10825.48,Merchant Payment,Mumbai,20,Android,0
33179.43,Merchant Payment,Bangalore,21,iOS,0
18090.11,Merchant Payment,Kolkata,23,iOS,0
11588.81,Send Money,Kolkata,4,iOS,0
29963.79,Merchant Payment,Mumbai,7,iOS,0
15008.97,Bill Payment,Delhi,1,iOS,0
33436.16,Merchant Payment,Chennai,3,Android,0
20536.77,Merchant Payment,Bangalore,14,iOS,0
49256.1,Merchant Payment,Bangalore,21,Android,0
4498.62,Bill Payment,Mumbai,13,iOS,0
27128.89,Bill Payment,Chennai,14,iOS,0
38906.78,Bill Payment,Mumbai,15,iOS,0
26587.92,Send Money,Bangalore,17,iOS,0
17900.25,Merchant Payment,Chennai,6,Android,0
46527.38,Bill Payment,Chennai,22,Android,0
36267.01,Send Money,Chennai,18,Android,0
44531.13,Send Money,Mumbai,9,iOS,0
7169.99,Bill Payment,Hyderabad,16,Android,0
20544.12,Merchant Payment,Bangalore,19,Android,0
17331.8,Bill Payment,Chennai,22,Android,0
44839.74,Merchant Payment,Mumbai,19,iOS,0
4587.47,Merchant Payment,Delhi,2,Android,0
5268.49,Bill Payment,Bangalore,23,Android,0
1510.7,Merchant Payment,Bangalore,17,Android,0
4289.95,Bill Payment,Delhi,16,Android,0
10853.37,Bill Payment,Bangalore,19,Android,0
605.21,Send Money,Chennai,5,iOS,0
42184.44,Merchant Payment,Kolkata,8,iOS,0
41085.2,Bill Payment,Hyderabad,8,Android,0
26157.34,Send Money,Mumbai,16,iOS,0
22129.43,Merchant Payment,Bangalore,20,iOS,0
4497.73,Send Money,Chennai,18,Android,0
25763.6,Merchant Payment,Delhi,1,iOS,0
8578.72,Send Money,Bangalore,6,iOS,0
10611.27,Bill Payment,Chennai,7,Android,0
21247.12,Send Money,Mumbai,15,iOS,0
21637.14,Merchant Payment,Kolkata,4,Android,0
46170.49,Send Money,Delhi,6,iOS,0
29207.7,Send Money,Bangalore,5,iOS,0
16606.88,Merchant Payment,Hyderabad,10,iOS,0
45832.08,Merchant Payment,Bangalore,20,Android,0
22925.83,Send Money,Kolkata,22,iOS,0
5522.06,Send Money,Delhi,3,iOS,1
26866.59,Send Money,Chennai,2,iOS,0
34685.61,Send Money,Kolkata,5,Android,1
36589.15,Send Money,Bangalore,5,iOS,0
3420.58,Send Money,Bangalore,7,Android,0
3928.04,Bill Payment,Delhi,9,Android,0
6387.99,Send Money,Chennai,21,Android,0
26014.66,Bill Payment,Mumbai,18,Android,0
3391.37,Bill Payment,Mumbai,6,Android,0
37992.87,Merchant Payment,Kolkata,9,Android,0
11086.41,Bill Payment,Hyderabad,18,iOS,0
5986.31,Send Money,Bangalore,16,iOS,0
25239.2,Bill Payment,Bangalore,11,Android,0
21945.69,Merchant Payment,Chennai,21,Android,0
16571.62,Merchant Payment,Kolkata,18,iOS,0
42114.59,Send Money,Kolkata,11,Android,1
28235.19,Bill Payment,Delhi,4,iOS,0
6360.47,Merchant Payment,Hyderabad,3,iOS,0
43972.01,Bill Payment,Delhi,4,Android,0
33899.8,Bill Payment,Kolkata,7,Android,0
3709.84,Bill Payment,Delhi,6,iOS,0
10423.92,Merchant Payment,Delhi,11,Android,0
45476.8,Merchant Payment,Chennai,0,iOS,0
36067.79,Bill Payment,Kolkata,5,Android,1
39006.42,Bill Payment,Delhi,11,iOS,0
39567.15,Bill Payment,Kolkata,20,iOS,0
37129.59,Send Money,Hyderabad,0,iOS,1
44215.06,Bill Payment,Hyderabad,23,Android,0
42497.19,Send Money,Kolkata,12,iOS,1
24662.21,Bill Payment,Bangalore,23,iOS,0
4558.11,Bill Payment,Kolkata,17,iOS,0
1380.5,Merchant Payment,Delhi,9,iOS,0
8101.23,Merchant Payment,Bangalore,21,iOS,0
42945.1,Bill Payment,Mumbai,20,Android,1
27749.4,Bill Payment,Hyderabad,4,iOS,0
32071.71,Merchant Payment,Mumbai,6,Android,0
36279.3,Bill Payment,Chennai,16,Android,0
12762.84,Merchant Payment,Bangalore,4,iOS,0
15505.37,Merchant Payment,Bangalore,18,Android,0
9329.98,Send Money,Kolkata,20,Android,0
28309.59,Bill Payment,Kolkata,22,iOS,0
2382.08,Bill Payment,Chennai,20,iOS,0
49103.34,Merchant Payment,Chennai,5,iOS,0
29063.0,Bill Payment,Bangalore,3,iOS,1
49400.48,Bill Payment,Delhi,22,Android,0
28859.4,Send Money,Delhi,19,iOS,0
36582.64,Merchant Payment,Mumbai,3,Android,0
41839.65,Bill Payment,Delhi,3,Android,0
1972.82,Bill Payment,Kolkata,2,Android,0
43273.35,Send Money,Mumbai,14,iOS,0
6548.91,Send Money,Kolkata,8,iOS,0
41693.7,Merchant Payment,Delhi,15,iOS,0
3887.37,Merchant Payment,Mumbai,12,Android,0
9947.36,Merchant Payment,Bangalore,20,iOS,0
19096.3,Bill Payment,Bangalore,3,iOS,0
7184.53,Merchant Payment,Kolkata,13,Android,0
34270.0,Merchant Payment,Hyderabad,11,Android,0
31527.42,Merchant Payment,Mumbai,13,iOS,0
8338.91,Bill Payment,Mumbai,20,iOS,0
11937.75,Bill Payment,Kolkata,13,Android,0
13311.84,Bill Payment,Delhi,13,iOS,0
5258.22,Bill Payment,Chennai,12,iOS,0
48097.47,Bill Payment,Mumbai,3,iOS,0
26973.85,Merchant Payment,Bangalore,23,iOS,0
44575.73,Merchant Payment,Chennai,19,Android,0
32662.84,Bill Payment,Hyderabad,21,iOS,0
49857.32,Send Money,Mumbai,20,iOS,0
16953.94,Bill Payment,Delhi,6,Android,0
36248.86,Send Money,Chennai,0,Android,0
2420.13,Merchant Payment,Hyderabad,2,iOS,0
5649.88,Merchant Payment,Delhi,23,iOS,0
31436.88,Send Money,Mumbai,6,Android,0
10894.67,Merchant Payment,Hyderabad,23,Android,0
30698.92,Bill Payment,Kolkata,1,iOS,1
28442.68,Bill Payment,Mumbai,3,iOS,0
14006.4,Bill Payment,Delhi,4,iOS,0
22333.52,Merchant Payment,Mumbai,3,iOS,0
18315.62,Bill Payment,Hyderabad,10,Android,0
20811.62,Bill Payment,Kolkata,18,Android,0
17300.8,Bill Payment,Hyderabad,8,Android,0
18200.7,Bill Payment,Mumbai,18,iOS,0
40042.6,Bill Payment,Hyderabad,8,iOS,0
2155.99,Send Money,Delhi,7,iOS,0
14173.03,Send Money,Delhi,17,Android,0
38828.58,Send Money,Mumbai,5,Android,1
20333.15,Bill Payment,Kolkata,17,iOS,0
5752.52,Send Money,Bangalore,12,iOS,0
8112.05,Send Money,Kolkata,8,iOS,0
38637.78,Send Money,Bangalore,0,iOS,0
24373.47,Merchant Payment,Hyderabad,15,Android,0
39505.7,Bill Payment,Kolkata,21,Android,0
13848.27,Send Money,Mumbai,23,Android,0
23072.27,Merchant Payment,Delhi,0,iOS,0
9513.9,Bill Payment,Bangalore,16,iOS,0
17816.44,Bill Payment,Delhi,0,Android,0
43447.14,Merchant Payment,Chennai,23,Android,0
13876.34,Merchant Payment,Delhi,6,Android,0
48504.15,Merchant Payment,Mumbai,22,iOS,0
7452.96,Bill Payment,Delhi,17,iOS,0
36617.79,Send Money,Delhi,4,Android,0
8061.01,Merchant Payment,Hyderabad,2,iOS,0
12064.62,Merchant Payment,Chennai,2,iOS,0
39406.88,Merchant Payment,Delhi,21,iOS,0
24002.47,Send Money,Delhi,19,Android,0
44879.2,Bill Payment,Chennai,6,Android,0
565.7,Merchant Payment,Delhi,6,iOS,0
27192.3,Merchant Payment,Kolkata,1,iOS,0
30871.32,Send Money,Hyderabad,18,Android,1
21331.63,Merchant Payment,Kolkata,0,Android,0
46180.9,Bill Payment,Kolkata,12,iOS,0
47412.73,Bill Payment,Kolkata,22,iOS,0
45583.96,Merchant Payment,Chennai,5,Android,0
16757.44,Merchant Payment,Bangalore,2,Android,0
20242.17,Bill Payment,Chennai,15,Android,0
49595.8,Bill Payment,Hyderabad,11,Android,0
3109.65,Send Money,Hyderabad,19,Android,0
25905.09,Bill Payment,Hyderabad,0,iOS,0
41904.52,Send Money,Hyderabad,20,Android,1
27153.74,Bill Payment,Chennai,10,iOS,0
8263.33,Merchant Payment,Chennai,11,iOS,0
27665.64,Merchant Payment,Mumbai,18,iOS,0
37208.68,Send Money,Bangalore,17,Android,0
39818.85,Send Money,Hyderabad,20,iOS,0
43619.91,Send Money,Bangalore,2,iOS,1
1647.91,Bill Payment,Delhi,9,Android,0
9699.33,Send Money,Delhi,16,Android,0
2289.15,Merchant Payment,Hyderabad,0,iOS,0
24468.44,Bill Payment,Hyderabad,12,iOS,0
36343.19,Merchant Payment,Mumbai,2,iOS,0
37739.8,Send Money,Hyderabad,18,Android,0
45269.36,Merchant Payment,Bangalore,19,Android,0
41494.88,Merchant Payment,Chennai,7,Android,0
32857.9,Merchant Payment,Hyderabad,7,Android,0
6879.94,Merchant Payment,Bangalore,6,iOS,0
39961.7,Merchant Payment,Chennai,2,Android,0
45177.97,Merchant Payment,Hyderabad,16,Android,0
37117.45,Bill Payment,Mumbai,23,iOS,0
10405.8,Merchant Payment,Kolkata,14,iOS,0
6808.92,Merchant Payment,Mumbai,19,Android,0
38905.56,Send Money,Hyderabad,1,iOS,1
6367.25,Send Money,Hyderabad,19,iOS,0
23046.78,Send Money,Delhi,10,Android,0
32149.93,Bill Payment,Bangalore,0,Android,0
2575.08,Bill Payment,Bangalore,10,iOS,0
12693.82,Send Money,Kolkata,0,iOS,0
962.51,Bill Payment,Delhi,10,Android,0
19627.89,Bill Payment,Kolkata,9,iOS,0
40283.69,Send Money,Kolkata,13,Android,0
30008.29,Bill Payment,Hyderabad,11,Android,0
41313.87,Merchant Payment,Bangalore,17,iOS,0
9661.67,Send Money,Chennai,19,iOS,0
27322.22,Bill Payment,Hyderabad,3,iOS,0
12121.63,Merchant Payment,Hyderabad,13,Android,0
10150.37,Bill Payment,Bangalore,23,Android,0
21446.28,Send Money,Kolkata,1,Android,1
36470.41,Send Money,Chennai,10,Android,0
24014.07,Bill Payment,Hyderabad,18,iOS,0
7955.03,Send Money,Chennai,21,Android,0
3002.8,Send Money,Mumbai,14,iOS,0
19045.51,Bill Payment,Hyderabad,20,Android,0
24321.43,Bill Payment,Mumbai,1,Android,0
30867.43,Merchant Payment,Kolkata,17,iOS,0
22202.72,Bill Payment,Hyderabad,1,iOS,0
25496.49,Send Money,Hyderabad,7,Android,0
1340.83,Send Money,Mumbai,9,iOS,0
9255.41,Bill Payment,Chennai,2,Android,0
38985.03,Bill Payment,Mumbai,17,iOS,0
24460.03,Bill Payment,Delhi,17,iOS,0
19689.48,Send Money,Delhi,5,Android,0
3970.89,Bill Payment,Hyderabad,9,Android,0
40837.32,Send Money,Bangalore,1,Android,1
5946.04,Merchant Payment,Kolkata,6,iOS,0
16973.95,Send Money,Hyderabad,15,Android,0
23757.44,Merchant Payment,Chennai,10,iOS,0
20537.9,Send Money,Chennai,8,iOS,0
23515.81,Merchant Payment,Hyderabad,9,iOS,0
36115.72,Send Money,Delhi,7,iOS,0
23143.39,Send Money,Delhi,18,Android,0
32616.98,Merchant Payment,Chennai,0,iOS,0
28825.7,Send Money,Bangalore,13,iOS,0
41972.68,Send Money,Mumbai,16,iOS,0
40864.95,Bill Payment,Delhi,22,Android,0
24108.18,Merchant Payment,Mumbai,9,Android,0
11537.98,Bill Payment,Hyderabad,10,iOS,0
28840.05,Merchant Payment,Mumbai,16,iOS,0
9550.77,Send Money,Delhi,1,Android,0
45624.69,Bill Payment,Delhi,13,Android,0
5133.72,Merchant Payment,Bangalore,14,Android,0
26862.02,Merchant Payment,Hyderabad,20,iOS,0
12610.1,Merchant Payment,Kolkata,5,Android,0
41948.56,Merchant Payment,Bangalore,18,Android,0
11696.03,Send Money,Kolkata,6,Android,0
7247.93,Bill Payment,Mumbai,7,Android,0
15441.73,Bill Payment,Mumbai,6,iOS,0
47316.87,Bill Payment,Mumbai,23,iOS,0
3737.95,Merchant Payment,Mumbai,10,Android,0
47872.72,Bill Payment,Kolkata,3,iOS,1
2803.27,Send Money,Mumbai,9,Android,0
33942.83,Send Money,Delhi,8,Android,0
45270.63,Bill Payment,Delhi,0,Android,1
40553.87,Merchant Payment,Mumbai,16,Android,0
39784.02,Bill Payment,Delhi,13,iOS,0
11482.02,Merchant Payment,Mumbai,16,Android,0
33174.23,Merchant Payment,Delhi,21,Android,0
14836.62,Bill Payment,Delhi,13,Android,0
13855.9,Send Money,Kolkata,1,iOS,0
37876.77,Bill Payment,Mumbai,5,iOS,0
15657.76,Bill Payment,Hyderabad,0,Android,0
22262.9,Bill Payment,Hyderabad,3,Android,0
12793.09,Send Money,Kolkata,8,Android,0
28775.96,Merchant Payment,Mumbai,5,iOS,0
43214.25,Bill Payment,Bangalore,6,Android,0
25627.16,Merchant Payment,Kolkata,22,iOS,0
45175.37,Merchant Payment,Delhi,23,Android,0
8277.89,Send Money,Chennai,10,Android,0
45820.5,Bill Payment,Hyderabad,23,iOS,1
38241.94,Merchant Payment,Hyderabad,20,iOS,0
21607.24,Merchant Payment,Hyderabad,5,Android,0
5509.28,Merchant Payment,Hyderabad,20,Android,0
24521.87,Merchant Payment,Chennai,18,iOS,0
41847.47,Send Money,Hyderabad,21,Android,0
16805.45,Send Money,Mumbai,13,iOS,0
34097.0,Merchant Payment,Bangalore,11,iOS,0
11407.85,Merchant Payment,Mumbai,19,iOS,0
40826.03,Send Money,Delhi,18,iOS,0
49946.69,Merchant Payment,Mumbai,5,iOS,0
33864.0,Send Money,Bangalore,14,iOS,0
20605.26,Bill Payment,Delhi,8,Android,0
5896.11,Merchant Payment,Chennai,4,Android,0
42662.43,Merchant Payment,Delhi,20,iOS,0
7592.42,Bill Payment,Hyderabad,13,Android,0
15708.73,Merchant Payment,Kolkata,17,Android,0
25552.29,Merchant Payment,Delhi,0,Android,0
14070.58,Bill Payment,Bangalore,5,Android,0
5899.74,Send Money,Mumbai,20,Android,0
31937.12,Bill Payment,Mumbai,4,iOS,0
19900.59,Send Money,Chennai,8,Android,1
2117.92,Bill Payment,Chennai,10,iOS,0
13804.84,Merchant Payment,Delhi,18,iOS,0
7869.85,Merchant Payment,Kolkata,14,iOS,0
21872.51,Bill Payment,Hyderabad,17,iOS,0
37910.74,Merchant Payment,Delhi,23,iOS,0
21643.52,Merchant Payment,Bangalore,0,iOS,0
37425.24,Merchant Payment,Kolkata,17,Android,0
30314.06,Bill Payment,Mumbai,0,Android,0
42792.33,Merchant Payment,Kolkata,19,iOS,0
20865.18,Merchant Payment,Delhi,9,iOS,0
14090.88,Send Money,Kolkata,15,Android,0
2143.01,Merchant Payment,Delhi,22,iOS,0
11205.41,Send Money,Kolkata,23,iOS,0
11292.26,Bill Payment,Bangalore,5,Android,0
42983.77,Send Money,Kolkata,0,Android,1
32075.47,Bill Payment,Chennai,16,iOS,0
39644.66,Merchant Payment,Kolkata,1,Android,0
4518.67,Send Money,Chennai,2,Android,0
24758.12,Bill Payment,Hyderabad,19,Android,0
44976.74,Bill Payment,Chennai,11,iOS,0
11310.96,Send Money,Chennai,19,iOS,0
34693.17,Send Money,Chennai,19,iOS,1
38231.72,Bill Payment,Chennai,0,iOS,0
26681.12,Send Money,Delhi,19,Android,0
37788.11,Bill Payment,Delhi,7,iOS,0
21472.28,Merchant Payment,Mumbai,4,Android,0
11761.93,Bill Payment,Delhi,3,Android,0
8005.27,Merchant Payment,Mumbai,23,iOS,0
30097.91,Merchant Payment,Chennai,16,iOS,0
38439.53,Merchant Payment,Delhi,2,iOS,1
21962.02,Merchant Payment,Mumbai,0,Android,1
12684.4,Merchant Payment,Bangalore,4,iOS,0
36584.57,Send Money,Mumbai,19,Android,0
37926.1,Bill Payment,Mumbai,12,iOS,0
15601.21,Bill Payment,Bangalore,11,iOS,0
37766.54,Bill Payment,Delhi,11,Android,0
2627.16,Bill Payment,Kolkata,5,Android,0
24467.79,Bill Payment,Hyderabad,22,Android,0
31063.57,Bill Payment,Bangalore,8,iOS,0
2986.18,Merchant Payment,Kolkata,9,iOS,0
26315.14,Merchant Payment,Kolkata,11,iOS,0
4043.89,Bill Payment,Mumbai,4,Android,0
9575.24,Send Money,Mumbai,17,iOS,0
38970.09,Bill Payment,Chennai,5,Android,0
28071.97,Send Money,Chennai,13,iOS,0
31985.23,Send Money,Chennai,4,Android,1
35174.94,Bill Payment,Hyderabad,1,Android,0
28854.65,Send Money,Chennai,8,Android,0
202.62,Bill Payment,Mumbai,10,Android,0
26182.73,Merchant Payment,Delhi,20,Android,0
11695.38,Bill Payment,Bangalore,15,Android,0
42451.19,Bill Payment,Delhi,0,Android,0
49651.67,Merchant Payment,Mumbai,23,Android,0
40309.22,Send Money,Delhi,12,iOS,0
37543.36,Send Money,Bangalore,6,Android,0
35704.24,Bill Payment,Bangalore,9,iOS,0
43528.08,Bill Payment,Delhi,16,iOS,0
16561.34,Bill Payment,Hyderabad,12,Android,0
15093.54,Bill Payment,Chennai,18,Android,0
33787.72,Bill Payment,Hyderabad,20,Android,0
43854.06,Bill Payment,Hyderabad,11,iOS,0
35402.37,Merchant Payment,Delhi,21,iOS,0
24989.22,Bill Payment,Kolkata,18,Android,0
15783.26,Bill Payment,Delhi,2,Android,0
46063.88,Bill Payment,Kolkata,12,Android,0
30922.04,Merchant Payment,Delhi,3,Android,0
28732.8,Bill Payment,Mumbai,18,Android,0
19082.99,Merchant Payment,Delhi,14,Android,0
26594.38,Send Money,Bangalore,12,iOS,0
5485.47,Merchant Payment,Delhi,9,Android,0
28973.94,Send Money,Delhi,1,Android,0
26347.47,Bill Payment,Mumbai,22,iOS,0
25593.79,Bill Payment,Chennai,9,iOS,0
41834.66,Merchant Payment,Chennai,6,Android,0
28146.32,Bill Payment,Chennai,5,iOS,0
37483.49,Merchant Payment,Bangalore,3,iOS,0
33109.85,Merchant Payment,Delhi,22,iOS,0
14662.23,Send Money,Kolkata,20,Android,0
18664.07,Merchant Payment,Mumbai,1,iOS,0
9378.14,Send Money,Delhi,20,iOS,0
31879.19,Bill Payment,Hyderabad,8,Android,0
25923.69,Merchant Payment,Kolkata,22,Android,0
1850.02,Merchant Payment,Bangalore,13,iOS,0
11308.95,Merchant Payment,Chennai,19,Android,0
17497.81,Merchant Payment,Delhi,11,iOS,0
44186.41,Merchant Payment,Chennai,15,iOS,0
25863.52,Send Money,Kolkata,4,Android,0
15670.0,Bill Payment,Mumbai,4,Android,0
35877.17,Bill Payment,Mumbai,15,Android,0
39493.69,Merchant Payment,Mumbai,23,Android,1
14239.09,Merchant Payment,Bangalore,16,Android,0
11969.77,Merchant Payment,Delhi,16,iOS,0
33951.09,Merchant Payment,Kolkata,20,iOS,0
17540.9,Bill Payment,Mumbai,14,Android,0
19255.49,Send Money,Chennai,23,iOS,0
47257.15,Merchant Payment,Hyderabad,4,iOS,0
22872.25,Merchant Payment,Hyderabad,7,iOS,0
47422.29,Bill Payment,Delhi,19,iOS,0
40685.39,Send Money,Hyderabad,11,Android,0
23036.3,Merchant Payment,Kolkata,22,Android,0
26135.76,Send Money,Chennai,17,Android,0
28973.72,Send Money,Bangalore,12,iOS,0
16880.72,Send Money,Bangalore,6,Android,0
6950.07,Send Money,Kolkata,12,Android,0
27633.95,Bill Payment,Bangalore,21,Android,0
26745.81,Bill Payment,Delhi,6,Android,0
3322.83,Merchant Payment,Delhi,20,Android,0
46652.36,Send Money,Mumbai,5,iOS,0
18286.03,Send Money,Bangalore,12,iOS,0
2597.57,Merchant Payment,Chennai,22,iOS,0
16858.17,Bill Payment,Bangalore,18,Android,0
80.92,Send Money,Chennai,11,Android,0
21042.71,Bill Payment,Delhi,7,iOS,0
40956.22,Merchant Payment,Bangalore,1,iOS,0
29762.41,Merchant Payment,Mumbai,19,Android,0
26142.89,Send Money,Bangalore,7,Android,0
27253.35,Bill Payment,Delhi,13,Android,0
1457.9,Bill Payment,Kolkata,7,iOS,0
31529.27,Send Money,Kolkata,12,Android,0
45793.92,Merchant Payment,Delhi,15,iOS,0
44796.98,Send Money,Mumbai,0,Android,0
26283.37,Send Money,Hyderabad,17,iOS,0
19674.58,Send Money,Chennai,15,iOS,0
43923.65,Send Money,Delhi,13,Android,0
47282.6,Merchant Payment,Delhi,14,Android,0
11048.47,Send Money,Kolkata,2,iOS,0
24487.4,Send Money,Chennai,10,iOS,0
39044.05,Bill Payment,Delhi,3,iOS,0
14642.94,Send Money,Kolkata,23,iOS,0
48355.29,Merchant Payment,Chennai,2,Android,0
5127.95,Merchant Payment,Mumbai,14,iOS,0
11106.2,Bill Payment,Chennai,10,Android,0
45329.84,Send Money,Hyderabad,7,Android,0
18960.63,Merchant Payment,Bangalore,22,iOS,0
29300.07,Bill Payment,Delhi,14,Android,0
19533.22,Bill Payment,Bangalore,2,iOS,0
30929.38,Bill Payment,Mumbai,0,Android,0
38994.95,Merchant Payment,Bangalore,7,Android,0
49230.96,Merchant Payment,Bangalore,5,iOS,0
28663.5,Bill Payment,Chennai,12,Android,0
18946.14,Merchant Payment,Chennai,0,iOS,0
36729.14,Bill Payment,Chennai,14,Android,0
42686.44,Merchant Payment,Hyderabad,22,Android,0
7719.77,Bill Payment,Bangalore,6,iOS,0
25633.8,Send Money,Bangalore,13,Android,0
16695.13,Bill Payment,Mumbai,2,iOS,0
47344.31,Merchant Payment,Chennai,12,Android,0
47955.98,Bill Payment,Chennai,4,Android,0
12059.31,Send Money,Kolkata,14,Android,0
40081.5,Merchant Payment,Chennai,22,iOS,0
17552.55,Merchant Payment,Mumbai,2,Android,0
36638.58,Bill Payment,Bangalore,14,Android,0
6092.77,Bill Payment,Mumbai,11,iOS,0
11224.82,Merchant Payment,Kolkata,17,Android,0
43077.89,Send Money,Hyderabad,20,Android,0
13499.32,Bill Payment,Chennai,11,Android,0
13646.13,Bill Payment,Bangalore,1,iOS,0
16955.05,Bill Payment,Bangalore,18,iOS,0
45997.84,Send Money,Bangalore,4,Android,1
30845.23,Send Money,Mumbai,3,Android,1
14289.65,Send Money,Hyderabad,7,iOS,0
20330.49,Bill Payment,Mumbai,18,Android,0
3668.8,Send Money,Mumbai,18,Android,0
22948.99,Merchant Payment,Mumbai,17,Android,0
29208.2,Bill Payment,Mumbai,9,iOS,0
20426.39,Bill Payment,Kolkata,0,iOS,0
41465.05,Send Money,Delhi,5,iOS,0
6145.68,Merchant Payment,Delhi,21,Android,0
11785.9,Send Money,Kolkata,18,Android,0
8690.21,Merchant Payment,Kolkata,15,iOS,0
1561.48,Merchant Payment,Bangalore,2,iOS,0
47067.42,Bill Payment,Bangalore,21,iOS,0
46029.77,Merchant Payment,Mumbai,0,iOS,0
15755.67,Merchant Payment,Hyderabad,23,Android,0
35939.47,Bill Payment,Bangalore,5,iOS,0
40500.99,Merchant Payment,Mumbai,11,Android,0
3169.79,Bill Payment,Delhi,10,iOS,0
694.37,Merchant Payment,Kolkata,17,iOS,0
9525.87,Merchant Payment,Mumbai,6,iOS,0
27723.21,Bill Payment,Hyderabad,18,iOS,0
8710.17,Send Money,Mumbai,0,Android,0
17790.99,Merchant Payment,Kolkata,10,iOS,0
37971.02,Bill Payment,Mumbai,6,Android,0
18638.27,Merchant Payment,Delhi,12,Android,0
38691.35,Bill Payment,Delhi,1,iOS,0
5859.87,Merchant Payment,Mumbai,6,Android,0
23859.28,Send Money,Bangalore,23,iOS,0
25212.1,Send Money,Mumbai,23,Android,0
19536.61,Merchant Payment,Delhi,14,Android,0
6521.78,Merchant Payment,Bangalore,20,iOS,0
17980.08,Merchant Payment,Mumbai,18,Android,0
35301.29,Send Money,Delhi,12,iOS,0
44615.25,Send Money,Bangalore,10,iOS,0
34515.21,Send Money,Mumbai,8,Android,0
1890.49,Bill Payment,Kolkata,21,iOS,0
14985.13,Merchant Payment,Bangalore,20,iOS,0
41452.16,Merchant Payment,Hyderabad,12,Android,0
5402.53,Bill Payment,Delhi,5,Android,0
26923.26,Merchant Payment,Chennai,1,Android,0
32427.36,Merchant Payment,Hyderabad,1,Android,1
2220.83,Merchant Payment,Hyderabad,14,Android,0
20984.78,Send Money,Chennai,16,iOS,0
26908.3,Bill Payment,Mumbai,14,iOS,0
17439.38,Merchant Payment,Bangalore,18,Android,0
18250.49,Merchant Payment,Hyderabad,18,Android,0
42311.44,Bill Payment,Kolkata,18,iOS,0
8517.47,Send Money,Kolkata,22,iOS,0
5075.16,Send Money,Kolkata,14,iOS,0
12381.81,Send Money,Delhi,16,Android,0
38784.42,Send Money,Hyderabad,15,iOS,0
6554.55,Send Money,Delhi,1,Android,0
16496.13,Send Money,Delhi,16,iOS,0
17979.39,Send Money,Kolkata,11,Android,0
34917.51,Send Money,Chennai,1,Android,0
15790.09,Bill Payment,Kolkata,20,iOS,0
16083.15,Merchant Payment,Kolkata,17,Android,0
41831.02,Bill Payment,Delhi,21,iOS,0
12507.0,Send Money,Chennai,15,iOS,0
10211.19,Send Money,Mumbai,15,Android,0
4768.16,Merchant Payment,Bangalore,2,iOS,0
26471.13,Send Money,Mumbai,18,iOS,0
44800.16,Send Money,Hyderabad,14,Android,0
2994.24,Send Money,Kolkata,9,Android,0
18292.01,Bill Payment,Mumbai,12,Android,0
38744.59,Merchant Payment,Mumbai,5,Android,0
44008.98,Merchant Payment,Chennai,4,Android,0
24.64,Bill Payment,Bangalore,17,Android,0
29798.05,Bill Payment,Hyderabad,5,Android,1
22236.44,Merchant Payment,Delhi,11,Android,0
34434.24,Merchant Payment,Hyderabad,6,Android,0
39479.33,Send Money,Hyderabad,2,Android,1
47907.02,Send Money,Chennai,0,iOS,1
34604.48,Send Money,Chennai,4,iOS,0
10438.59,Merchant Payment,Hyderabad,12,Android,0
48590.1,Merchant Payment,Hyderabad,23,Android,0
14646.4,Merchant Payment,Kolkata,5,Android,0
912.53,Send Money,Bangalore,8,Android,0
49264.38,Merchant Payment,Mumbai,17,iOS,0
41797.08,Bill Payment,Bangalore,5,Android,0
694.59,Send Money,Bangalore,15,Android,0
28276.48,Send Money,Mumbai,18,iOS,0
31185.27,Bill Payment,Bangalore,2,Android,0
10329.09,Bill Payment,Delhi,23,Android,0
47192.59,Bill Payment,Bangalore,7,iOS,0
6571.01,Bill Payment,Delhi,4,Android,0
46432.16,Send Money,Delhi,22,iOS,1
37026.39,Send Money,Chennai,14,iOS,0
10270.82,Send Money,Bangalore,1,Android,0
44381.53,Send Money,Chennai,6,Android,0
20343.46,Merchant Payment,Hyderabad,10,iOS,0
38439.25,Send Money,Bangalore,17,iOS,0
1676.51,Merchant Payment,Kolkata,9,iOS,0
20077.29,Send Money,Hyderabad,6,iOS,0
421.07,Bill Payment,Hyderabad,16,iOS,0
3325.36,Merchant Payment,Hyderabad,0,Android,0
48768.46,Merchant Payment,Chennai,17,iOS,0
26938.85,Bill Payment,Mumbai,0,iOS,0
11059.36,Send Money,Mumbai,18,iOS,0
33662.4,Merchant Payment,Chennai,15,Android,0
46642.75,Send Money,Chennai,13,iOS,0
11032.4,Merchant Payment,Mumbai,14,Android,0
20728.91,Merchant Payment,Hyderabad,10,iOS,0
28978.9,Bill Payment,Bangalore,13,iOS,0
15931.25,Send Money,Delhi,15,iOS,0
39137.05,Send Money,Kolkata,17,Android,1
38310.19,Bill Payment,Hyderabad,9,iOS,0
3457.42,Send Money,Kolkata,9,iOS,0
26733.1,Merchant Payment,Mumbai,3,Android,1
10075.23,Bill Payment,Kolkata,0,Android,0
16514.34,Send Money,Mumbai,6,iOS,0
34619.23,Merchant Payment,Mumbai,19,Android,0
42862.18,Merchant Payment,Bangalore,14,Android,0
33424.41,Send Money,Mumbai,15,Android,0
48918.6,Send Money,Bangalore,2,iOS,1
43186.31,Bill Payment,Bangalore,23,Android,0
27649.06,Send Money,Chennai,18,iOS,0
41421.37,Bill Payment,Chennai,2,Android,1
9047.63,Send Money,Kolkata,6,Android,0
558.82,Send Money,Chennai,3,iOS,0
35282.21,Send Money,Bangalore,0,Android,1
33002.38,Bill Payment,Delhi,13,iOS,0
40810.15,Send Money,Hyderabad,3,iOS,0
32547.81,Bill Payment,Bangalore,19,iOS,0
35504.36,Send Money,Bangalore,1,iOS,0
16745.42,Merchant Payment,Chennai,16,Android,0
6527.16,Merchant Payment,Delhi,5,Android,0
1498.83,Merchant Payment,Hyderabad,2,Android,0
29559.78,Bill Payment,Hyderabad,14,Android,0
29600.65,Bill Payment,Delhi,3,Android,0
8457.89,Bill Payment,Kolkata,5,Android,0
23211.04,Bill Payment,Delhi,5,iOS,0
38097.88,Bill Payment,Chennai,6,iOS,0
29974.2,Send Money,Kolkata,18,Android,0
84.63,Bill Payment,Hyderabad,19,Android,0
20095.08,Bill Payment,Hyderabad,17,Android,1
1402.84,Bill Payment,Mumbai,14,iOS,0
35673.66,Merchant Payment,Chennai,18,Android,0
26124.41,Merchant Payment,Delhi,16,iOS,0
43343.33,Merchant Payment,Hyderabad,6,iOS,1
17901.59,Send Money,Delhi,6,Android,0
22647.78,Bill Payment,Kolkata,1,Android,0
26010.58,Send Money,Delhi,3,Android,0
25482.17,Merchant Payment,Delhi,3,iOS,0
3246.94,Send Money,Mumbai,15,Android,0
11531.21,Merchant Payment,Delhi,18,iOS,0
49432.73,Merchant Payment,Delhi,7,iOS,0
49643.57,Send Money,Chennai,14,Android,0
5527.95,Merchant Payment,Bangalore,14,iOS,0
28993.42,Merchant Payment,Mumbai,11,iOS,0
41701.26,Bill Payment,Delhi,1,iOS,0
24307.8,Merchant Payment,Hyderabad,4,Android,0
29278.62,Merchant Payment,Chennai,18,Android,0
5314.06,Send Money,Bangalore,5,iOS,0
1717.51,Send Money,Bangalore,8,Android,0
15618.09,Bill Payment,Bangalore,22,iOS,0
9872.75,Bill Payment,Hyderabad,5,iOS,0
34624.78,Bill Payment,Delhi,10,iOS,0
46704.37,Bill Payment,Bangalore,13,iOS,0
5689.08,Merchant Payment,Kolkata,11,Android,0
12862.52,Bill Payment,Hyderabad,7,Android,0
16756.34,Merchant Payment,Delhi,18,Android,0
35160.89,Bill Payment,Bangalore,0,iOS,1
7249.04,Bill Payment,Hyderabad,12,iOS,0
38646.25,Bill Payment,Kolkata,7,Android,0
15157.6,Send Money,Bangalore,14,iOS,0
48672.77,Send Money,Kolkata,4,iOS,1
49559.1,Merchant Payment,Kolkata,22,Android,0
47150.2,Send Money,Hyderabad,14,iOS,0
20416.81,Bill Payment,Bangalore,0,iOS,0
25304.64,Bill Payment,Hyderabad,10,iOS,0
10500.16,Send Money,Mumbai,4,iOS,0
18008.01,Bill Payment,Bangalore,9,iOS,0
3102.46,Merchant Payment,Delhi,13,Android,0
12989.12,Merchant Payment,Mumbai,9,Android,0
12140.85,Send Money,Mumbai,8,Android,0
857.85,Merchant Payment,Hyderabad,2,Android,0
37396.18,Bill Payment,Chennai,0,Android,0
29984.73,Bill Payment,Kolkata,16,Android,0
32138.69,Merchant Payment,Hyderabad,14,Android,0
29568.18,Merchant Payment,Hyderabad,20,iOS,0
31420.06,Send Money,Mumbai,5,iOS,0
11559.32,Merchant Payment,Chennai,6,iOS,0
45930.36,Merchant Payment,Chennai,17,Android,0
15674.54,Send Money,Delhi,11,iOS,0
26851.14,Send Money,Delhi,6,Android,0
17114.94,Send Money,Chennai,21,iOS,0
39331.78,Send Money,Kolkata,16,iOS,0
9150.73,Send Money,Hyderabad,3,Android,1
14296.51,Send Money,Mumbai,15,Android,0
44410.51,Send Money,Delhi,19,iOS,0
21293.1,Send Money,Delhi,3,iOS,1
37615.36,Merchant Payment,Chennai,13,iOS,0
34834.55,Send Money,Delhi,14,iOS,0
17113.28,Send Money,Chennai,2,iOS,0
6489.94,Merchant Payment,Kolkata,8,Android,0
13628.47,Send Money,Chennai,2,Android,0
7798.28,Merchant Payment,Kolkata,21,iOS,0
19578.13,Bill Payment,Chennai,5,iOS,0
7492.52,Send Money,Mumbai,22,iOS,0
49236.33,Bill Payment,Chennai,19,Android,0
5130.37,Merchant Payment,Hyderabad,0,iOS,0
38415.37,Send Money,Hyderabad,0,Android,1
33530.12,Merchant Payment,Delhi,11,iOS,0
45931.9,Bill Payment,Chennai,4,Android,0
47671.2,Bill Payment,Mumbai,12,iOS,0
28017.16,Merchant Payment,Chennai,6,Android,0
2009.88,Bill Payment,Bangalore,16,iOS,0
2557.54,Merchant Payment,Hyderabad,17,iOS,0
28082.91,Send Money,Chennai,3,Android,0
1243.97,Bill Payment,Hyderabad,1,iOS,0
22144.96,Bill Payment,Mumbai,17,iOS,0
42364.71,Send Money,Kolkata,13,Android,0
31849.99,Bill Payment,Hyderabad,4,iOS,0
26825.73,Merchant Payment,Kolkata,12,iOS,0
27407.43,Send Money,Delhi,13,iOS,0
37077.2,Merchant Payment,Bangalore,9,iOS,1
18544.3,Bill Payment,Chennai,9,iOS,0
48328.52,Send Money,Chennai,1,Android,1
35662.7,Merchant Payment,Bangalore,19,iOS,0
10452.42,Send Money,Bangalore,4,iOS,0
20592.67,Send Money,Bangalore,9,iOS,0
27342.28,Send Money,Bangalore,12,Android,0
27748.4,Bill Payment,Bangalore,3,iOS,0
33354.38,Send Money,Chennai,3,Android,0
14196.5,Send Money,Bangalore,8,iOS,0
36754.43,Merchant Payment,Mumbai,22,Android,0
46028.71,Merchant Payment,Hyderabad,17,Android,0
12752.54,Bill Payment,Delhi,14,iOS,0
35808.89,Send Money,Mumbai,18,iOS,0
4029.12,Merchant Payment,Delhi,6,iOS,0
39657.93,Send Money,Hyderabad,1,iOS,0
46190.03,Send Money,Hyderabad,23,iOS,0
21553.2,Bill Payment,Chennai,8,iOS,0
39898.51,Bill Payment,Mumbai,1,iOS,1
7085.15,Merchant Payment,Kolkata,8,iOS,0
32078.74,Merchant Payment,Bangalore,3,iOS,0
5776.18,Send Money,Kolkata,21,iOS,0
5127.83,Send Money,Delhi,8,Android,0
9733.31,Send Money,Mumbai,21,iOS,0
25780.26,Send Money,Kolkata,14,iOS,0
10965.11,Bill Payment,Kolkata,13,iOS,0
14184.76,Send Money,Mumbai,15,Android,0
26688.86,Send Money,Hyderabad,13,Android,0
48627.31,Send Money,Mumbai,19,Android,0
3198.02,Send Money,Delhi,8,Android,0
31848.13,Bill Payment,Kolkata,2,iOS,1
25550.26,Merchant Payment,Hyderabad,1,Android,0
44694.7,Merchant Payment,Mumbai,14,Android,0
32472.47,Send Money,Hyderabad,15,Android,1
24830.34,Send Money,Chennai,22,Android,0
45326.5,Bill Payment,Delhi,15,Android,0
19814.31,Send Money,Delhi,22,Android,0
24364.61,Merchant Payment,Kolkata,5,iOS,0
46452.51,Merchant Payment,Bangalore,0,Android,0
42278.0,Merchant Payment,Chennai,2,iOS,0
33271.64,Send Money,Mumbai,4,Android,0
27054.82,Send Money,Chennai,19,iOS,0
7398.28,Merchant Payment,Kolkata,10,Android,0
26999.51,Bill Payment,Kolkata,14,iOS,0
46103.24,Bill Payment,Bangalore,21,Android,0
15853.36,Merchant Payment,Kolkata,17,iOS,0
30702.87,Send Money,Bangalore,15,Android,0
37274.79,Send Money,Bangalore,0,Android,0
33834.43,Bill Payment,Hyderabad,22,iOS,0
45600.72,Merchant Payment,Bangalore,22,Android,0
35460.95,Merchant Payment,Hyderabad,8,iOS,0
16052.39,Merchant Payment,Delhi,12,iOS,0
6197.92,Bill Payment,Mumbai,22,iOS,0
24120.62,Send Money,Chennai,11,iOS,0
28367.58,Bill Payment,Delhi,1,Android,0
11456.68,Bill Payment,Mumbai,10,Android,0
13421.66,Bill Payment,Mumbai,0,Android,0
34168.03,Send Money,Bangalore,16,Android,1
2242.4,Send Money,Bangalore,17,iOS,0
41412.82,Send Money,Hyderabad,1,Android,0
26937.97,Send Money,Bangalore,6,iOS,0
2340.37,Bill Payment,Chennai,20,iOS,0
31348.4,Send Money,Chennai,3,iOS,0
4319.03,Bill Payment,Chennai,6,Android,0
32299.6,Send Money,Hyderabad,13,iOS,0
49788.39,Send Money,Chennai,4,Android,0
24900.92,Send Money,Hyderabad,7,iOS,0
33626.7,Bill Payment,Hyderabad,19,iOS,0
15339.71,Send Money,Kolkata,21,iOS,0
13420.8,Merchant Payment,Kolkata,12,Android,0
8500.63,Merchant Payment,Bangalore,0,Android,1
23799.89,Bill Payment,Kolkata,10,iOS,0
20041.32,Send Money,Mumbai,14,Android,0
6465.98,Bill Payment,Mumbai,13,Android,0
35248.74,Merchant Payment,Hyderabad,21,iOS,0
3955.42,Bill Payment,Chennai,4,Android,0
15761.89,Merchant Payment,Bangalore,9,Android,0
47573.28,Send Money,Hyderabad,3,iOS,1
49702.88,Merchant Payment,Bangalore,5,Android,0
31927.78,Merchant Payment,Bangalore,4,iOS,0
16134.97,Merchant Payment,Chennai,9,Android,0
2244.4,Bill Payment,Delhi,21,Android,0
37392.03,Merchant Payment,Chennai,8,iOS,0
8044.9,Send Money,Delhi,12,iOS,0
29921.54,Merchant Payment,Chennai,7,Android,0
26942.8,Merchant Payment,Bangalore,2,Android,0
37329.54,Send Money,Kolkata,21,Android,0
7508.62,Merchant Payment,Mumbai,21,iOS,0
13045.99,Bill Payment,Kolkata,9,Android,0
2029.67,Send Money,Bangalore,18,Android,0
41503.11,Merchant Payment,Mumbai,17,Android,0
29591.26,Merchant Payment,Bangalore,18,Android,0
35612.12,Send Money,Mumbai,12,Android,0
11986.52,Send Money,Hyderabad,19,iOS,0
42290.56,Merchant Payment,Kolkata,9,Android,0
27046.34,Merchant Payment,Chennai,4,Android,0
26705.2,Send Money,Hyderabad,12,iOS,0
38486.54,Send Money,Chennai,23,iOS,0
12492.78,Send Money,Mumbai,18,iOS,0
5469.27,Merchant Payment,Delhi,11,Android,0
3045.55,Merchant Payment,Kolkata,20,Android,0
7510.5,Bill Payment,Delhi,3,iOS,0
47077.68,Send Money,Mumbai,2,Android,1
7659.43,Send Money,Delhi,8,iOS,0
29326.87,Send Money,Hyderabad,21,Android,0
37942.85,Bill Payment,Delhi,0,Android,1
39356.22,Merchant Payment,Bangalore,21,iOS,1
31343.35,Send Money,Delhi,8,iOS,0
15073.21,Bill Payment,Bangalore,7,iOS,0
45847.9,Bill Payment,Delhi,0,Android,0
45328.27,Send Money,Delhi,21,iOS,0
532.5,Bill Payment,Bangalore,11,Android,0
36046.13,Send Money,Delhi,13,iOS,1
21325.05,Send Money,Mumbai,10,Android,0
15301.62,Send Money,Kolkata,14,iOS,0
33423.06,Send Money,Bangalore,17,iOS,0
23684.95,Send Money,Delhi,16,iOS,0
23309.71,Merchant Payment,Mumbai,2,Android,0
41830.5,Bill Payment,Kolkata,15,Android,0
41737.35,Merchant Payment,Bangalore,3,Android,0
32395.7,Send Money,Mumbai,15,iOS,0
32977.5,Send Money,Mumbai,19,Android,0
11338.56,Merchant Payment,Chennai,10,iOS,0
44552.12,Send Money,Delhi,17,Android,0
18926.02,Merchant Payment,Kolkata,3,iOS,0
8567.07,Merchant Payment,Delhi,7,iOS,0
8926.01,Merchant Payment,Mumbai,0,iOS,0
31090.99,Send Money,Kolkata,14,iOS,0
14197.96,Send Money,Chennai,7,Android,0
41201.85,Send Money,Hyderabad,1,iOS,0
27118.52,Bill Payment,Bangalore,8,Android,0
28194.63,Bill Payment,Chennai,21,Android,0
356.61,Send Money,Chennai,10,iOS,0
37974.61,Send Money,Bangalore,4,iOS,0
49412.58,Bill Payment,Bangalore,0,Android,1
27423.69,Merchant Payment,Chennai,22,iOS,0
41635.9,Bill Payment,Chennai,3,Android,0
4138.46,Send Money,Chennai,15,Android,0
13694.76,Merchant Payment,Hyderabad,14,Android,0
30200.53,Send Money,Delhi,5,Android,0
9424.44,Bill Payment,Kolkata,13,iOS,0
36345.83,Send Money,Bangalore,18,iOS,0
24231.4,Send Money,Chennai,2,iOS,0
45596.48,Bill Payment,Kolkata,10,Android,0
16898.68,Bill Payment,Chennai,19,iOS,1
25344.57,Bill Payment,Bangalore,18,iOS,0
48649.76,Merchant Payment,Kolkata,9,Android,0
497.29,Bill Payment,Delhi,19,iOS,0
47712.52,Merchant Payment,Bangalore,12,iOS,0
25170.32,Send Money,Chennai,20,iOS,0
11024.36,Send Money,Bangalore,6,iOS,0
31284.0,Merchant Payment,Mumbai,7,Android,0
46479.96,Bill Payment,Chennai,14,iOS,0
27865.45,Merchant Payment,Hyderabad,10,iOS,0
40384.76,Send Money,Mumbai,23,iOS,0
34431.18,Bill Payment,Hyderabad,21,iOS,0
6533.04,Send Money,Bangalore,15,iOS,0
49078.86,Send Money,Bangalore,17,Android,0
15996.7,Merchant Payment,Chennai,8,iOS,0
47051.06,Send Money,Bangalore,3,iOS,0
42840.41,Merchant Payment,Hyderabad,1,Android,0
26479.85,Bill Payment,Hyderabad,8,Android,0
13269.83,Send Money,Bangalore,15,Android,0
30396.3,Bill Payment,Hyderabad,4,Android,0
16099.31,Send Money,Bangalore,19,iOS,0
39388.09,Send Money,Hyderabad,4,iOS,0
25621.35,Send Money,Hyderabad,10,Android,0
37890.09,Bill Payment,Delhi,17,Android,0
25359.61,Bill Payment,Mumbai,4,Android,0
34945.65,Merchant Payment,Bangalore,10,iOS,0
38305.37,Send Money,Kolkata,8,iOS,0
13986.7,Bill Payment,Kolkata,20,iOS,0
7483.92,Merchant Payment,Kolkata,14,iOS,0
6873.09,Send Money,Bangalore,0,Android,0
11151.81,Merchant Payment,Kolkata,6,Android,0
26177.17,Merchant Payment,Hyderabad,5,iOS,0
19629.22,Bill Payment,Hyderabad,8,iOS,0
20601.74,Send Money,Bangalore,9,Android,0
13607.69,Send Money,Hyderabad,10,Android,0
6764.88,Send Money,Chennai,1,Android,0
45294.85,Merchant Payment,Delhi,16,iOS,0
23307.33,Merchant Payment,Mumbai,18,iOS,0
5915.33,Bill Payment,Hyderabad,12,Android,0
29511.56,Bill Payment,Hyderabad,18,Android,0
24718.55,Send Money,Delhi,9,Android,0
40394.82,Send Money,Kolkata,5,iOS,0
6442.53,Send Money,Delhi,10,Android,0
27027.2,Bill Payment,Chennai,12,iOS,0
4469.62,Merchant Payment,Chennai,13,iOS,0
7182.5,Bill Payment,Hyderabad,15,iOS,0
6111.85,Merchant Payment,Delhi,6,Android,0
641.35,Bill Payment,Mumbai,2,iOS,0
26405.16,Bill Payment,Hyderabad,22,Android,0
49191.56,Bill Payment,Hyderabad,15,iOS,0
45404.16,Bill Payment,Hyderabad,4,iOS,0
39114.25,Merchant Payment,Delhi,15,Android,1
43559.16,Bill Payment,Bangalore,8,Android,0
41098.31,Merchant Payment,Hyderabad,15,iOS,0
48321.7,Merchant Payment,Hyderabad,9,iOS,0
7726.88,Send Money,Bangalore,12,Android,0
2712.54,Send Money,Mumbai,4,iOS,0
38885.1,Merchant Payment,Hyderabad,10,iOS,0
48884.05,Send Money,Mumbai,16,iOS,0
36971.23,Merchant Payment,Kolkata,22,iOS,0
26385.65,Merchant Payment,Bangalore,6,Android,0
29115.11,Merchant Payment,Mumbai,1,iOS,0
30010.43,Merchant Payment,Mumbai,4,Android,0
25824.61,Send Money,Delhi,19,Android,0
31984.04,Bill Payment,Mumbai,8,iOS,0
38059.39,Merchant Payment,Hyderabad,19,iOS,0
47211.49,Bill Payment,Mumbai,11,Android,0
21570.88,Send Money,Kolkata,2,Android,0
39375.66,Merchant Payment,Chennai,15,iOS,0
32667.91,Send Money,Mumbai,17,iOS,0
45150.75,Bill Payment,Mumbai,11,iOS,0
38684.68,Send Money,Chennai,2,iOS,0
39674.01,Send Money,Kolkata,16,Android,0
2897.8,Send Money,Bangalore,14,iOS,0
10339.07,Send Money,Hyderabad,19,iOS,0
49606.53,Send Money,Mumbai,18,Android,0
35824.44,Bill Payment,Bangalore,16,Android,0
32040.44,Merchant Payment,Bangalore,8,iOS,0
39543.65,Send Money,Kolkata,22,Android,0
24276.51,Bill Payment,Delhi,8,iOS,0
48536.83,Bill Payment,Hyderabad,4,Android,0
24744.85,Bill Payment,Kolkata,5,iOS,0
37137.0,Merchant Payment,Kolkata,12,Android,0
27039.36,Bill Payment,Bangalore,11,iOS,0
19749.82,Merchant Payment,Bangalore,2,Android,0
19282.32,Merchant Payment,Bangalore,5,iOS,0
21820.97,Merchant Payment,Delhi,8,iOS,0
36509.38,Bill Payment,Kolkata,23,iOS,0
16246.25,Merchant Payment,Bangalore,20,iOS,0
12783.74,Bill Payment,Chennai,16,Android,0
18324.22,Send Money,Chennai,7,Android,0
47945.36,Send Money,Mumbai,5,Android,0
829.25,Send Money,Bangalore,2,iOS,0
32015.47,Merchant Payment,Kolkata,18,Android,0
3493.37,Send Money,Bangalore,23,Android,0
33971.73,Merchant Payment,Kolkata,18,Android,1
13445.1,Merchant Payment,Bangalore,21,Android,0
14743.56,Merchant Payment,Kolkata,9,iOS,0
44905.3,Bill Payment,Kolkata,14,Android,0
8063.53,Send Money,Kolkata,2,Android,0
19841.5,Send Money,Mumbai,6,Android,0
8931.72,Merchant Payment,Bangalore,8,Android,0
37187.74,Merchant Payment,Mumbai,6,iOS,0
1920.58,Send Money,Delhi,0,iOS,0
49254.1,Merchant Payment,Delhi,15,Android,0
5707.26,Bill Payment,Mumbai,8,iOS,0
42744.77,Bill Payment,Chennai,12,iOS,0
15680.39,Merchant Payment,Delhi,19,iOS,0
3563.43,Merchant Payment,Bangalore,3,iOS,0
4062.04,Merchant Payment,Chennai,16,iOS,0
12052.75,Send Money,Delhi,12,Android,0
19229.41,Bill Payment,Delhi,18,Android,0
12212.53,Merchant Payment,Kolkata,16,Android,0
34213.23,Bill Payment,Delhi,10,iOS,0
659.22,Send Money,Kolkata,0,iOS,0
28087.52,Merchant Payment,Delhi,5,iOS,0
18824.16,Send Money,Bangalore,16,Android,0
25934.83,Send Money,Bangalore,2,Android,0
39433.07,Send Money,Delhi,4,Android,1
9209.86,Merchant Payment,Hyderabad,13,iOS,0
34718.82,Send Money,Mumbai,1,Android,1
45840.01,Send Money,Chennai,14,iOS,0
42794.73,Bill Payment,Chennai,9,Android,0
5645.78,Bill Payment,Hyderabad,19,iOS,0
42240.13,Send Money,Kolkata,14,iOS,0
20498.35,Merchant Payment,Chennai,0,iOS,0
39479.64,Bill Payment,Mumbai,18,iOS,0
49862.04,Send Money,Bangalore,17,iOS,0
165.57,Merchant Payment,Delhi,9,Android,0
1555.99,Bill Payment,Delhi,2,iOS,0
7927.4,Merchant Payment,Hyderabad,16,Android,0
43892.98,Bill Payment,Bangalore,3,Android,0
26103.6,Bill Payment,Bangalore,12,Android,0
29802.84,Bill Payment,Kolkata,4,Android,0
38276.84,Merchant Payment,Mumbai,13,Android,0
38703.07,Send Money,Hyderabad,23,Android,1
7185.6,Merchant Payment,Mumbai,14,iOS,0
23832.99,Merchant Payment,Mumbai,6,iOS,0
5391.31,Merchant Payment,Mumbai,0,Android,0
24629.27,Merchant Payment,Bangalore,3,iOS,0
14627.38,Send Money,Bangalore,7,iOS,0
19216.86,Merchant Payment,Hyderabad,7,iOS,0
23111.27,Bill Payment,Bangalore,14,Android,0
11112.92,Merchant Payment,Delhi,11,iOS,0
34148.54,Send Money,Hyderabad,13,iOS,0
49150.32,Send Money,Delhi,11,Android,1
48897.43,Send Money,Kolkata,10,Android,0
11676.5,Send Money,Delhi,6,iOS,0
13777.49,Merchant Payment,Kolkata,10,iOS,0
3765.97,Send Money,Hyderabad,8,iOS,0
19111.36,Merchant Payment,Delhi,1,Android,0
45158.38,Bill Payment,Chennai,6,Android,0
5923.97,Send Money,Mumbai,17,Android,0
39288.39,Merchant Payment,Mumbai,19,iOS,0
2444.4,Send Money,Kolkata,11,iOS,0
41962.98,Send Money,Hyderabad,14,iOS,1
31885.21,Send Money,Chennai,18,Android,0
11280.5,Merchant Payment,Mumbai,19,Android,0
34251.19,Merchant Payment,Kolkata,22,Android,0
33857.18,Merchant Payment,Hyderabad,17,Android,0
38961.56,Send Money,Chennai,9,Android,0
31343.31,Merchant Payment,Chennai,16,Android,0
42412.56,Merchant Payment,Mumbai,20,Android,0
38177.48,Bill Payment,Bangalore,12,iOS,0
48734.04,Merchant Payment,Mumbai,1,iOS,0
13355.67,Merchant Payment,Kolkata,10,iOS,0
489.31,Send Money,Hyderabad,12,iOS,0
9528.51,Bill Payment,Bangalore,0,iOS,0
35113.62,Bill Payment,Bangalore,7,iOS,0
6762.81,Send Money,Delhi,14,iOS,0
48822.88,Merchant Payment,Delhi,14,Android,0
33793.83,Bill Payment,Kolkata,13,iOS,0
31706.29,Merchant Payment,Delhi,16,iOS,0
15144.08,Send Money,Delhi,4,iOS,1
5562.86,Send Money,Kolkata,7,iOS,0
814.98,Bill Payment,Kolkata,23,Android,0
6738.77,Merchant Payment,Bangalore,23,iOS,0
45734.17,Bill Payment,Kolkata,0,iOS,0
47730.89,Send Money,Delhi,6,Android,0
13609.05,Merchant Payment,Hyderabad,4,Android,0
39339.08,Bill Payment,Delhi,15,Android,0
11876.66,Bill Payment,Delhi,3,iOS,0
46105.78,Send Money,Mumbai,3,iOS,1
48457.99,Send Money,Chennai,1,iOS,0
27605.04,Send Money,Hyderabad,21,iOS,0
29076.17,Send Money,Kolkata,19,Android,0
38661.76,Bill Payment,Bangalore,4,iOS,0
4339.53,Bill Payment,Mumbai,7,Android,0
28647.35,Bill Payment,Kolkata,22,iOS,0
2227.28,Bill Payment,Kolkata,11,Android,0
5149.59,Send Money,Mumbai,8,Android,0
13813.95,Bill Payment,Bangalore,12,iOS,0
31557.56,Bill Payment,Bangalore,16,Android,0
13410.72,Send Money,Kolkata,8,iOS,0
22309.48,Merchant Payment,Hyderabad,17,iOS,0
49367.37,Bill Payment,Hyderabad,21,iOS,0
14729.74,Merchant Payment,Delhi,7,iOS,0
43708.14,Merchant Payment,Delhi,4,Android,1
13836.39,Send Money,Hyderabad,6,Android,0
28538.68,Merchant Payment,Kolkata,22,iOS,0
39617.16,Bill Payment,Chennai,10,iOS,0
46259.72,Bill Payment,Hyderabad,0,iOS,0
38301.91,Bill Payment,Kolkata,10,Android,0
649.43,Merchant Payment,Delhi,2,Android,0
12106.76,Merchant Payment,Kolkata,15,Android,0
9760.18,Merchant Payment,Hyderabad,18,Android,0
38180.92,Send Money,Mumbai,16,iOS,0
32619.24,Bill Payment,Bangalore,23,Android,0
34473.18,Send Money,Hyderabad,5,Android,0
28126.31,Bill Payment,Hyderabad,6,Android,0
29701.72,Send Money,Chennai,2,iOS,0
1095.94,Send Money,Chennai,22,Android,0
8236.34,Send Money,Delhi,12,iOS,0
27007.04,Send Money,Chennai,17,iOS,0
15135.75,Bill Payment,Delhi,18,iOS,0
1741.56,Merchant Payment,Chennai,11,Android,0
22868.61,Bill Payment,Bangalore,20,iOS,0
9788.68,Bill Payment,Delhi,19,iOS,0
43067.02,Bill Payment,Hyderabad,14,Android,0
18295.51,Send Money,Mumbai,15,Android,0
11891.88,Bill Payment,Delhi,1,Android,0
14784.16,Send Money,Bangalore,17,Android,0
3325.37,Merchant Payment,Hyderabad,6,iOS,0
29988.64,Merchant Payment,Bangalore,22,Android,0
482.51,Merchant Payment,Chennai,23,Android,0
43841.6,Bill Payment,Delhi,4,Android,0
13041.89,Merchant Payment,Chennai,8,iOS,0
15634.74,Merchant Payment,Hyderabad,10,Android,0
44221.58,Bill Payment,Delhi,19,iOS,0
9767.78,Bill Payment,Mumbai,1,Android,0
8633.1,Merchant Payment,Hyderabad,11,iOS,0
12962.65,Send Money,Chennai,1,Android,0
9378.67,Send Money,Delhi,0,Android,0
20169.36,Send Money,Chennai,4,Android,1
9732.14,Send Money,Bangalore,15,Android,0
28538.14,Bill Payment,Delhi,1,iOS,0
19111.83,Bill Payment,Chennai,6,Android,0
46612.85,Merchant Payment,Chennai,15,iOS,0
18031.8,Bill Payment,Chennai,18,iOS,0
11101.36,Merchant Payment,Bangalore,4,Android,0
25766.92,Send Money,Delhi,2,iOS,0
6348.31,Bill Payment,Bangalore,1,Android,0
22658.77,Merchant Payment,Chennai,16,Android,0
17678.84,Merchant Payment,Hyderabad,22,Android,0
42108.19,Send Money,Hyderabad,9,iOS,0
11790.32,Bill Payment,Delhi,4,iOS,0
34411.64,Send Money,Kolkata,5,iOS,0
10836.49,Bill Payment,Delhi,11,iOS,0
35007.44,Send Money,Delhi,6,Android,0
8076.94,Merchant Payment,Kolkata,18,Android,0
10121.54,Send Money,Chennai,11,iOS,0
20442.06,Send Money,Hyderabad,16,iOS,0
23906.27,Merchant Payment,Chennai,4,iOS,0
15164.22,Send Money,Chennai,15,iOS,0
18624.53,Send Money,Delhi,18,Android,0
11246.33,Merchant Payment,Kolkata,11,Android,0
23799.61,Bill Payment,Bangalore,15,Android,0
48891.87,Merchant Payment,Chennai,19,iOS,0
26476.95,Bill Payment,Kolkata,18,Android,0
45355.23,Bill Payment,Chennai,7,Android,0
42655.45,Send Money,Mumbai,13,iOS,0
7358.42,Bill Payment,Kolkata,20,Android,0
20859.83,Send Money,Chennai,1,Android,1
35777.85,Merchant Payment,Mumbai,2,Android,0
24762.94,Send Money,Delhi,11,Android,0
27993.34,Bill Payment,Kolkata,21,iOS,0
18304.61,Send Money,Hyderabad,8,Android,0
37018.16,Merchant Payment,Delhi,12,Android,0
49185.81,Send Money,Bangalore,12,Android,0
22430.03,Send Money,Kolkata,21,Android,0
48431.95,Merchant Payment,Bangalore,0,iOS,1
18419.82,Merchant Payment,Mumbai,10,iOS,0
40185.89,Merchant Payment,Mumbai,19,Android,0
44375.99,Bill Payment,Hyderabad,13,Android,0
5045.42,Send Money,Kolkata,1,Android,0
18429.68,Merchant Payment,Mumbai,14,Android,0
18015.3,Bill Payment,Chennai,12,Android,0
17488.49,Bill Payment,Mumbai,20,Android,0
27073.3,Send Money,Hyderabad,7,iOS,0
15714.42,Bill Payment,Mumbai,6,iOS,0
24654.11,Send Money,Chennai,12,Android,0
43213.93,Merchant Payment,Kolkata,23,iOS,1
44295.65,Merchant Payment,Mumbai,8,iOS,0
27771.24,Merchant Payment,Delhi,12,iOS,0
39816.43,Merchant Payment,Hyderabad,18,iOS,0
38924.73,Bill Payment,Chennai,20,iOS,0
15558.75,Send Money,Kolkata,7,iOS,0
45669.71,Bill Payment,Delhi,20,Android,0
5704.68,Merchant Payment,Delhi,13,iOS,0
28913.1,Bill Payment,Mumbai,10,Android,0
31336.96,Merchant Payment,Delhi,10,Android,1
16956.78,Send Money,Hyderabad,3,iOS,0
9865.52,Merchant Payment,Chennai,16,iOS,0
11944.54,Merchant Payment,Kolkata,5,iOS,0
26887.74,Merchant Payment,Delhi,21,Android,0
10221.82,Merchant Payment,Hyderabad,12,iOS,0
26349.0,Bill Payment,Kolkata,6,Android,0
42742.63,Merchant Payment,Bangalore,3,iOS,0
5046.21,Merchant Payment,Chennai,18,Android,0
25135.7,Bill Payment,Bangalore,23,iOS,0
23501.12,Bill Payment,Kolkata,9,iOS,0
466.08,Merchant Payment,Delhi,18,iOS,0
2136.12,Bill Payment,Hyderabad,9,Android,0
38845.2,Merchant Payment,Bangalore,2,iOS,0
40502.46,Bill Payment,Delhi,9,Android,0
44876.93,Merchant Payment,Kolkata,16,Android,0
38214.36,Bill Payment,Bangalore,0,Android,1
8500.99,Merchant Payment,Bangalore,16,Android,0
36674.19,Merchant Payment,Kolkata,8,iOS,0
13673.98,Send Money,Kolkata,20,iOS,0
39679.16,Send Money,Hyderabad,18,Android,0
598.78,Merchant Payment,Kolkata,2,iOS,0
39277.81,Merchant Payment,Delhi,23,iOS,0
20818.39,Send Money,Hyderabad,8,iOS,0
23189.92,Bill Payment,Kolkata,22,iOS,0
27500.62,Bill Payment,Kolkata,4,iOS,0
48573.02,Send Money,Kolkata,4,Android,1
11634.73,Send Money,Mumbai,23,iOS,0
17943.86,Send Money,Chennai,7,Android,0
40552.7,Bill Payment,Hyderabad,3,iOS,0
45926.26,Bill Payment,Chennai,0,Android,0
41462.29,Bill Payment,Kolkata,19,Android,0
26006.32,Send Money,Hyderabad,3,iOS,0
23258.62,Merchant Payment,Delhi,2,Android,0
32051.58,Merchant Payment,Delhi,11,iOS,0
39253.54,Send Money,Delhi,8,iOS,0
11574.69,Merchant Payment,Mumbai,20,Android,0
5972.65,Bill Payment,Chennai,0,iOS,0
19737.98,Merchant Payment,Kolkata,23,iOS,0
6187.8,Send Money,Bangalore,19,Android,0
9268.2,Send Money,Hyderabad,6,iOS,0
14716.26,Merchant Payment,Hyderabad,1,iOS,0
33732.23,Merchant Payment,Mumbai,13,Android,0
35274.18,Send Money,Delhi,4,iOS,0
17206.7,Send Money,Hyderabad,8,iOS,0
26536.46,Merchant Payment,Mumbai,16,iOS,0
20684.47,Send Money,Chennai,21,Android,0
21750.08,Send Money,Mumbai,9,iOS,0
29525.79,Bill Payment,Hyderabad,19,iOS,0
15179.26,Send Money,Delhi,3,iOS,0
47151.44,Send Money,Mumbai,0,iOS,0
21562.86,Bill Payment,Chennai,19,iOS,0
16750.16,Send Money,Mumbai,22,iOS,0
47129.86,Send Money,Delhi,2,iOS,1
3110.71,Send Money,Delhi,16,iOS,0
49925.3,Bill Payment,Hyderabad,18,iOS,0
9845.88,Merchant Payment,Hyderabad,2,iOS,0
11374.3,Merchant Payment,Mumbai,3,Android,0
48507.3,Send Money,Bangalore,2,Android,0
17995.97,Bill Payment,Hyderabad,5,Android,0
20943.34,Merchant Payment,Mumbai,3,Android,0
35614.79,Merchant Payment,Chennai,18,iOS,0
24862.36,Merchant Payment,Chennai,10,Android,0
9595.22,Bill Payment,Mumbai,7,iOS,0
40905.29,Merchant Payment,Chennai,22,iOS,0
40573.75,Send Money,Delhi,1,iOS,0
31778.3,Merchant Payment,Hyderabad,20,iOS,0
34015.29,Bill Payment,Chennai,9,iOS,0
25133.82,Send Money,Chennai,21,Android,0
11550.27,Bill Payment,Delhi,18,Android,0
17876.16,Bill Payment,Chennai,16,Android,0
34653.34,Send Money,Delhi,16,Android,0
30763.82,Merchant Payment,Delhi,1,iOS,0
47872.57,Send Money,Kolkata,13,Android,1
45306.94,Send Money,Kolkata,13,Android,0
1117.25,Bill Payment,Hyderabad,1,Android,0
36303.46,Bill Payment,Hyderabad,3,Android,0
9330.27,Bill Payment,Kolkata,10,Android,0
11784.97,Bill Payment,Chennai,8,Android,0
12705.71,Merchant Payment,Kolkata,20,iOS,0
31543.47,Merchant Payment,Bangalore,0,Android,0
4020.85,Bill Payment,Bangalore,9,iOS,0
13383.43,Bill Payment,Mumbai,2,iOS,0
19849.06,Send Money,Mumbai,20,iOS,0
21498.52,Send Money,Chennai,18,Android,0
12031.86,Send Money,Hyderabad,11,Android,0
45990.39,Merchant Payment,Bangalore,21,iOS,0
34479.76,Merchant Payment,Hyderabad,20,iOS,0
7842.64,Bill Payment,Hyderabad,19,iOS,0
37515.67,Merchant Payment,Hyderabad,14,Android,0
5673.67,Send Money,Delhi,10,iOS,0
43489.07,Bill Payment,Hyderabad,7,iOS,0
17822.09,Send Money,Chennai,8,Android,0
31418.3,Merchant Payment,Bangalore,7,Android,0
20638.44,Bill Payment,Kolkata,7,Android,0
36571.1,Merchant Payment,Mumbai,17,Android,0
28818.49,Merchant Payment,Chennai,11,iOS,0
22153.54,Send Money,Delhi,0,Android,1
22269.13,Bill Payment,Delhi,12,Android,0
29116.55,Bill Payment,Chennai,10,Android,0
23379.0,Merchant Payment,Delhi,1,iOS,0
34468.6,Bill Payment,Mumbai,12,iOS,0
7753.91,Send Money,Bangalore,19,Android,0
41571.53,Bill Payment,Bangalore,19,iOS,0
47046.12,Send Money,Mumbai,19,iOS,0
32942.48,Merchant Payment,Delhi,18,iOS,0
30879.08,Bill Payment,Delhi,12,Android,0
19735.39,Bill Payment,Bangalore,7,Android,0
41543.75,Merchant Payment,Delhi,15,iOS,0
33870.67,Merchant Payment,Delhi,15,iOS,0
1299.87,Send Money,Hyderabad,0,Android,1
9405.59,Send Money,Chennai,9,iOS,0
18834.56,Bill Payment,Kolkata,22,iOS,0
45113.89,Bill Payment,Chennai,9,iOS,0
26414.45,Bill Payment,Delhi,9,Android,0
1742.6,Send Money,Chennai,17,Android,0
29784.25,Send Money,Hyderabad,4,Android,0
16232.1,Merchant Payment,Bangalore,22,iOS,0
20693.89,Merchant Payment,Mumbai,15,iOS,0
45831.37,Merchant Payment,Hyderabad,10,Android,0
38670.94,Bill Payment,Mumbai,1,iOS,0
6509.19,Merchant Payment,Delhi,1,Android,0
47718.84,Send Money,Bangalore,14,Android,0
19803.48,Bill Payment,Delhi,22,iOS,0
29270.52,Merchant Payment,Delhi,14,Android,0
5560.04,Send Money,Chennai,13,Android,0
39676.57,Merchant Payment,Kolkata,10,Android,0
17424.1,Merchant Payment,Kolkata,2,iOS,0
16709.5,Merchant Payment,Kolkata,12,iOS,0
10146.12,Merchant Payment,Mumbai,6,iOS,0
16477.05,Bill Payment,Hyderabad,17,Android,0
32372.56,Merchant Payment,Chennai,17,Android,0
34986.72,Bill Payment,Hyderabad,19,iOS,0
45795.94,Bill Payment,Chennai,19,iOS,0
7867.22,Send Money,Mumbai,7,iOS,0
22859.0,Bill Payment,Bangalore,2,Android,0
43175.05,Merchant Payment,Mumbai,13,Android,0
15570.04,Send Money,Mumbai,4,iOS,0
15659.63,Merchant Payment,Kolkata,3,iOS,0
21575.43,Merchant Payment,Kolkata,5,Android,0
41983.29,Send Money,Chennai,13,iOS,0
48707.09,Send Money,Mumbai,0,Android,0
40142.33,Send Money,Chennai,5,iOS,1
19140.98,Merchant Payment,Bangalore,9,iOS,0
17323.33,Merchant Payment,Chennai,15,Android,0
43596.91,Merchant Payment,Chennai,19,Android,0
4152.6,Send Money,Hyderabad,3,Android,0
4826.49,Bill Payment,Bangalore,9,iOS,0
36662.4,Send Money,Delhi,1,iOS,0
18124.4,Send Money,Delhi,15,Android,0
354.87,Bill Payment,Hyderabad,2,iOS,0
42859.72,Merchant Payment,Kolkata,0,iOS,0
9921.54,Merchant Payment,Chennai,20,iOS,0
45056.58,Bill Payment,Kolkata,17,iOS,0
31360.24,Merchant Payment,Mumbai,12,Android,0
4979.3,Send Money,Mumbai,23,Android,0
13535.59,Bill Payment,Kolkata,16,Android,0
16069.34,Merchant Payment,Mumbai,6,iOS,0
744.78,Bill Payment,Bangalore,12,iOS,0
4903.29,Send Money,Chennai,3,Android,0
3443.9,Send Money,Hyderabad,12,iOS,0
36027.16,Bill Payment,Bangalore,15,Android,0
28563.48,Send Money,Mumbai,14,Android,0
34361.37,Send Money,Delhi,4,Android,1
26951.77,Merchant Payment,Chennai,15,iOS,0
37107.9,Bill Payment,Hyderabad,12,Android,0
37781.29,Send Money,Kolkata,18,iOS,0
20135.33,Send Money,Chennai,5,Android,0
16472.18,Send Money,Kolkata,14,Android,0
11248.73,Send Money,Bangalore,10,Android,0
10489.32,Merchant Payment,Delhi,23,Android,0
26371.42,Bill Payment,Delhi,12,iOS,0
19686.6,Bill Payment,Delhi,22,Android,0
29252.06,Merchant Payment,Kolkata,14,Android,0
22757.72,Bill Payment,Hyderabad,14,iOS,0
31664.92,Bill Payment,Kolkata,17,Android,0
28516.01,Send Money,Bangalore,15,iOS,1
11336.96,Bill Payment,Delhi,22,iOS,0
41699.25,Bill Payment,Mumbai,12,iOS,1
25246.04,Send Money,Chennai,19,iOS,0
21108.22,Bill Payment,Delhi,13,iOS,0
19690.52,Bill Payment,Hyderabad,6,iOS,0
35632.6,Merchant Payment,Hyderabad,9,Android,1
40647.51,Merchant Payment,Hyderabad,21,Android,0
31182.12,Send Money,Kolkata,6,Android,1
25074.7,Merchant Payment,Kolkata,21,iOS,0
35294.67,Send Money,Kolkata,21,iOS,0
29029.49,Merchant Payment,Bangalore,0,iOS,1
26053.22,Send Money,Kolkata,7,iOS,1
5277.38,Bill Payment,Delhi,11,iOS,0
11570.0,Merchant Payment,Bangalore,8,iOS,0
6471.83,Merchant Payment,Mumbai,20,Android,0
39667.97,Send Money,Hyderabad,1,Android,0
4035.16,Merchant Payment,Chennai,6,Android,0
24040.65,Send Money,Bangalore,15,iOS,0
27275.14,Bill Payment,Hyderabad,4,Android,0
15019.36,Send Money,Bangalore,21,iOS,0
44012.92,Bill Payment,Delhi,23,Android,0
11629.83,Bill Payment,Mumbai,15,Android,0
21231.74,Send Money,Bangalore,1,Android,1
20117.0,Bill Payment,Kolkata,11,Android,0
36108.5,Send Money,Bangalore,0,Android,0
29375.05,Bill Payment,Bangalore,7,Android,0
44766.22,Bill Payment,Kolkata,21,Android,0
37724.98,Merchant Payment,Hyderabad,15,Android,0
43562.81,Bill Payment,Delhi,2,iOS,0
30534.16,Send Money,Mumbai,14,Android,1
25395.13,Send Money,Hyderabad,17,Android,0
7752.28,Send Money,Delhi,3,iOS,0
36709.47,Send Money,Delhi,8,Android,0
45622.54,Merchant Payment,Chennai,2,Android,0
44778.5,Merchant Payment,Mumbai,5,iOS,0
40408.38,Send Money,Bangalore,10,Android,0
18746.77,Send Money,Bangalore,20,iOS,0
24337.76,Send Money,Hyderabad,15,Android,0
46035.74,Merchant Payment,Hyderabad,15,iOS,0
45610.13,Bill Payment,Delhi,16,iOS,0
6745.61,Bill Payment,Kolkata,9,iOS,0
25661.95,Bill Payment,Chennai,4,Android,1
37053.86,Bill Payment,Hyderabad,7,iOS,0
34986.44,Send Money,Hyderabad,2,iOS,0
15051.27,Send Money,Mumbai,17,iOS,0
41118.92,Send Money,Delhi,23,iOS,0
49865.85,Bill Payment,Hyderabad,9,Android,0
161.96,Send Money,Chennai,14,iOS,0
20201.44,Send Money,Bangalore,9,Android,0
13988.18,Send Money,Hyderabad,7,iOS,0
31619.49,Bill Payment,Bangalore,23,Android,0
41457.79,Send Money,Chennai,3,Android,1
40550.57,Bill Payment,Chennai,10,Android,0
49629.95,Bill Payment,Kolkata,14,Android,1
34252.74,Send Money,Chennai,15,Android,0
36626.75,Bill Payment,Chennai,15,Android,0
13283.4,Bill Payment,Kolkata,0,iOS,0
10028.37,Merchant Payment,Mumbai,8,iOS,0
1220.28,Send Money,Chennai,14,Android,0
17653.85,Send Money,Mumbai,4,Android,0
4754.19,Merchant Payment,Delhi,23,Android,0
19098.83,Bill Payment,Kolkata,10,iOS,0
41107.62,Send Money,Hyderabad,2,iOS,0
15719.81,Bill Payment,Delhi,2,iOS,0
47093.98,Send Money,Chennai,12,Android,1
24248.34,Merchant Payment,Kolkata,2,Android,0
34312.76,Bill Payment,Delhi,4,iOS,0
16863.53,Merchant Payment,Hyderabad,15,iOS,0
17450.12,Bill Payment,Delhi,8,Android,0
41214.84,Send Money,Mumbai,20,iOS,0
48032.17,Bill Payment,Delhi,18,iOS,0
19542.92,Merchant Payment,Chennai,8,Android,0
19994.43,Merchant Payment,Chennai,17,iOS,0
1180.81,Send Money,Mumbai,9,iOS,0
38785.25,Merchant Payment,Bangalore,12,Android,0
13068.95,Merchant Payment,Delhi,17,Android,0
45768.22,Send Money,Chennai,4,Android,1
43593.84,Send Money,Bangalore,21,iOS,0
26011.18,Merchant Payment,Hyderabad,6,iOS,0
48889.66,Bill Payment,Bangalore,22,iOS,0
35268.3,Merchant Payment,Chennai,8,iOS,0
38924.79,Bill Payment,Hyderabad,2,Android,0
24407.79,Merchant Payment,Delhi,7,Android,0
42052.33,Merchant Payment,Mumbai,20,Android,0
38887.46,Bill Payment,Mumbai,19,Android,0
20847.63,Bill Payment,Hyderabad,15,Android,0
17788.56,Send Money,Hyderabad,6,Android,0
37954.08,Bill Payment,Hyderabad,10,Android,0
10162.02,Bill Payment,Mumbai,13,iOS,0
5203.03,Send Money,Delhi,2,iOS,0
29374.37,Send Money,Delhi,18,iOS,0
25918.08,Send Money,Hyderabad,1,Android,0
42919.08,Merchant Payment,Chennai,12,Android,0
8642.08,Merchant Payment,Hyderabad,10,Android,0
37480.57,Bill Payment,Chennai,16,Android,0
49798.88,Bill Payment,Chennai,7,Android,0
43979.49,Merchant Payment,Chennai,9,Android,0
12590.71,Bill Payment,Bangalore,19,Android,0
28511.17,Merchant Payment,Hyderabad,16,Android,0
33144.19,Send Money,Kolkata,11,iOS,0
3124.98,Bill Payment,Kolkata,0,Android,0
31691.33,Merchant Payment,Mumbai,20,iOS,0
3714.9,Send Money,Bangalore,23,Android,0
44767.51,Bill Payment,Delhi,5,iOS,0
7501.72,Merchant Payment,Bangalore,21,iOS,0
39950.5,Merchant Payment,Kolkata,2,iOS,0
47103.83,Bill Payment,Hyderabad,22,iOS,0
14440.51,Merchant Payment,Bangalore,19,iOS,0
24989.89,Bill Payment,Kolkata,12,Android,0
37825.17,Send Money,Hyderabad,4,iOS,0
14035.76,Bill Payment,Kolkata,22,iOS,0
2317.09,Bill Payment,Hyderabad,13,Android,0
32732.13,Send Money,Bangalore,19,iOS,0
46148.02,Bill Payment,Kolkata,0,Android,0
28120.65,Bill Payment,Hyderabad,17,Android,0
22405.8,Bill Payment,Bangalore,23,iOS,0
30568.16,Bill Payment,Bangalore,12,Android,0
35648.61,Bill Payment,Hyderabad,12,iOS,0
4997.13,Merchant Payment,Chennai,2,Android,0
21014.27,Bill Payment,Delhi,14,iOS,0
38194.7,Merchant Payment,Chennai,18,Android,0
15412.69,Merchant Payment,Bangalore,0,iOS,0
4216.03,Send Money,Delhi,14,Android,0
32300.41,Send Money,Mumbai,16,Android,0
15111.37,Send Money,Kolkata,3,Android,0
41202.46,Bill Payment,Bangalore,11,Android,0
45057.46,Merchant Payment,Mumbai,4,Android,0
20190.37,Send Money,Kolkata,10,iOS,0
38114.77,Send Money,Hyderabad,6,Android,0
11317.43,Merchant Payment,Kolkata,6,Android,0
3308.46,Send Money,Chennai,11,Android,0
8916.78,Bill Payment,Kolkata,13,iOS,0
32963.29,Bill Payment,Hyderabad,16,iOS,0
7919.66,Bill Payment,Chennai,21,iOS,0
48850.04,Bill Payment,Kolkata,15,iOS,0
26136.12,Merchant Payment,Kolkata,1,Android,0
31886.68,Send Money,Delhi,19,Android,0
33608.4,Merchant Payment,Hyderabad,15,iOS,0
43130.49,Merchant Payment,Delhi,7,Android,0
7767.8,Bill Payment,Delhi,20,iOS,0
42714.44,Bill Payment,Mumbai,21,Android,0
40692.16,Bill Payment,Bangalore,3,Android,0
31391.51,Bill Payment,Hyderabad,19,Android,0
21961.36,Send Money,Hyderabad,22,iOS,0
7828.82,Bill Payment,Chennai,17,Android,0
7362.92,Merchant Payment,Kolkata,22,iOS,0
32489.03,Merchant Payment,Chennai,23,Android,1
19151.64,Send Money,Hyderabad,16,Android,0
5761.1,Send Money,Chennai,0,iOS,0
22824.55,Bill Payment,Mumbai,15,Android,0
44000.28,Send Money,Bangalore,11,iOS,1
48311.29,Bill Payment,Delhi,7,Android,0
19920.95,Bill Payment,Delhi,2,Android,1
10476.04,Bill Payment,Hyderabad,21,iOS,0
25598.21,Send Money,Mumbai,19,Android,0
39349.77,Bill Payment,Delhi,20,Android,0
22400.45,Bill Payment,Chennai,9,Android,0
26144.79,Merchant Payment,Hyderabad,9,iOS,0
3639.83,Bill Payment,Delhi,2,Android,0
9517.79,Bill Payment,Mumbai,4,Android,0
5626.82,Send Money,Chennai,21,iOS,0
40777.27,Bill Payment,Kolkata,8,Android,0
40859.01,Merchant Payment,Chennai,9,Android,0
28364.82,Send Money,Hyderabad,12,iOS,0
41475.12,Send Money,Hyderabad,8,Android,0
6541.4,Send Money,Hyderabad,19,iOS,0
38110.93,Bill Payment,Mumbai,4,iOS,0
27254.83,Bill Payment,Mumbai,16,iOS,0
42875.76,Send Money,Delhi,4,iOS,0
4664.05,Send Money,Kolkata,4,iOS,0
5918.33,Bill Payment,Chennai,13,Android,0
19084.87,Bill Payment,Kolkata,6,iOS,0
1010.73,Merchant Payment,Bangalore,23,iOS,0
33134.51,Send Money,Kolkata,12,Android,0
11846.24,Bill Payment,Delhi,16,Android,0
40044.15,Bill Payment,Bangalore,20,iOS,0
7216.64,Send Money,Bangalore,8,iOS,0
24960.4,Send Money,Hyderabad,0,iOS,0
20925.34,Merchant Payment,Kolkata,23,iOS,0
14506.96,Send Money,Chennai,15,Android,0
18559.21,Merchant Payment,Bangalore,14,Android,0
29505.45,Send Money,Mumbai,18,iOS,0
23368.52,Merchant Payment,Hyderabad,13,Android,0
26850.65,Merchant Payment,Mumbai,13,Android,0
12978.19,Merchant Payment,Chennai,9,iOS,0
7595.44,Send Money,Kolkata,22,Android,0
34954.06,Merchant Payment,Chennai,14,Android,0
13253.76,Merchant Payment,Bangalore,12,Android,0
45619.09,Merchant Payment,Kolkata,13,Android,0
9464.33,Merchant Payment,Bangalore,0,Android,0
27194.88,Send Money,Kolkata,23,Android,1
31945.12,Bill Payment,Mumbai,7,Android,0
23089.66,Merchant Payment,Hyderabad,21,iOS,1
24420.72,Send Money,Delhi,11,Android,0
18031.5,Merchant Payment,Kolkata,18,iOS,0
2463.11,Send Money,Chennai,4,iOS,0
42667.84,Send Money,Kolkata,21,iOS,0
28999.99,Send Money,Chennai,3,Android,0
29527.8,Merchant Payment,Hyderabad,10,iOS,0
16489.52,Merchant Payment,Kolkata,3,Android,0
3975.16,Bill Payment,Bangalore,17,iOS,0
33811.28,Send Money,Chennai,1,Android,1
12530.24,Merchant Payment,Kolkata,3,iOS,0
11765.97,Send Money,Chennai,7,iOS,0
25530.64,Bill Payment,Chennai,13,iOS,0
33936.2,Merchant Payment,Delhi,12,Android,0
11671.4,Send Money,Hyderabad,5,Android,0
23296.59,Bill Payment,Delhi,0,Android,0
17541.82,Send Money,Delhi,5,Android,1
15302.43,Bill Payment,Delhi,15,Android,0
28610.28,Merchant Payment,Bangalore,23,iOS,0
35668.71,Merchant Payment,Delhi,17,Android,0
16656.64,Merchant Payment,Bangalore,15,Android,0
30734.87,Merchant Payment,Delhi,3,iOS,0
29374.88,Send Money,Hyderabad,8,Android,0
45105.83,Bill Payment,Kolkata,14,iOS,0
29219.32,Send Money,Delhi,10,iOS,0
33833.48,Send Money,Chennai,23,iOS,1
13709.92,Merchant Payment,Hyderabad,7,iOS,0
35203.62,Bill Payment,Chennai,10,Android,0
3246.05,Merchant Payment,Hyderabad,22,Android,0
43753.96,Send Money,Mumbai,12,Android,0
8073.26,Bill Payment,Mumbai,10,iOS,0
11927.92,Bill Payment,Kolkata,3,iOS,0
27321.78,Merchant Payment,Chennai,13,Android,0
35872.31,Bill Payment,Hyderabad,3,iOS,0
37364.65,Send Money,Chennai,8,Android,0
18269.67,Send Money,Delhi,20,Android,0
13065.69,Merchant Payment,Hyderabad,3,Android,0
24603.27,Send Money,Kolkata,16,Android,0
17260.3,Bill Payment,Bangalore,16,iOS,0
13944.89,Bill Payment,Bangalore,11,iOS,0
24284.81,Merchant Payment,Mumbai,22,Android,0
15328.83,Merchant Payment,Hyderabad,14,iOS,0
16423.73,Send Money,Mumbai,4,iOS,0
25544.68,Bill Payment,Chennai,10,Android,0
15080.21,Merchant Payment,Delhi,5,iOS,0
6865.57,Merchant Payment,Kolkata,7,iOS,0
27975.67,Send Money,Kolkata,19,Android,0
29706.66,Send Money,Delhi,5,iOS,0
31984.38,Merchant Payment,Hyderabad,11,iOS,0
49661.54,Send Money,Bangalore,19,Android,0
38108.41,Send Money,Kolkata,5,iOS,0
43783.18,Bill Payment,Kolkata,21,Android,0
22109.97,Send Money,Bangalore,19,iOS,0
5174.42,Send Money,Chennai,4,iOS,0
34609.84,Merchant Payment,Delhi,12,iOS,1
8635.09,Send Money,Hyderabad,23,iOS,0
15127.72,Merchant Payment,Bangalore,23,Android,0
24361.12,Merchant Payment,Mumbai,14,iOS,0
21999.66,Merchant Payment,Hyderabad,21,iOS,0
30588.01,Send Money,Hyderabad,9,Android,0
33825.56,Bill Payment,Kolkata,9,iOS,0
45133.25,Bill Payment,Delhi,6,Android,0
23767.36,Merchant Payment,Delhi,21,Android,0
26469.68,Bill Payment,Hyderabad,8,iOS,0
31346.07,Bill Payment,Chennai,20,Android,0
1303.17,Merchant Payment,Mumbai,15,iOS,0
30555.62,Bill Payment,Mumbai,2,iOS,0
3881.98,Bill Payment,Mumbai,6,Android,0
43191.74,Send Money,Bangalore,21,Android,0
46413.22,Send Money,Mumbai,18,Android,0
9444.91,Bill Payment,Delhi,4,iOS,0
10107.46,Bill Payment,Kolkata,7,Android,0
44035.0,Merchant Payment,Kolkata,14,Android,0
36020.69,Send Money,Bangalore,2,iOS,0
14173.71,Bill Payment,Bangalore,2,Android,0
44461.86,Merchant Payment,Chennai,22,Android,0
802.72,Merchant Payment,Mumbai,13,iOS,0
44718.24,Merchant Payment,Bangalore,6,iOS,0
29619.45,Bill Payment,Hyderabad,15,iOS,0
6218.64,Bill Payment,Delhi,20,Android,0
45444.34,Merchant Payment,Chennai,19,Android,0
42567.77,Bill Payment,Delhi,3,Android,0
3989.96,Bill Payment,Mumbai,1,iOS,0
33777.45,Send Money,Chennai,8,Android,1
33849.05,Bill Payment,Chennai,15,iOS,0
9886.17,Merchant Payment,Hyderabad,1,Android,0
38867.14,Merchant Payment,Hyderabad,13,Android,0
12814.21,Send Money,Mumbai,2,iOS,0
14622.55,Send Money,Hyderabad,17,iOS,0
22123.56,Send Money,Kolkata,13,Android,0
28402.72,Send Money,Hyderabad,8,Android,0
4065.81,Bill Payment,Mumbai,18,Android,0
12919.9,Bill Payment,Chennai,16,iOS,0
27525.42,Send Money,Kolkata,5,Android,0
2065.03,Merchant Payment,Delhi,2,Android,0
16897.16,Merchant Payment,Delhi,16,Android,0
32558.25,Merchant Payment,Mumbai,11,Android,0
30358.86,Bill Payment,Bangalore,8,iOS,0
5237.15,Send Money,Kolkata,12,Android,0
17480.99,Merchant Payment,Mumbai,22,iOS,0
13529.33,Bill Payment,Mumbai,8,Android,0
21934.28,Send Money,Hyderabad,18,iOS,0
11548.23,Send Money,Bangalore,12,iOS,0
40622.21,Merchant Payment,Bangalore,21,Android,0
8453.45,Bill Payment,Hyderabad,12,Android,0
17782.99,Send Money,Bangalore,12,Android,0
45373.61,Send Money,Bangalore,18,iOS,0
9004.97,Send Money,Kolkata,8,Android,0
28488.23,Send Money,Chennai,10,iOS,1
21994.07,Bill Payment,Bangalore,4,iOS,0
30443.2,Bill Payment,Kolkata,2,iOS,0
49263.08,Merchant Payment,Mumbai,6,Android,0
15061.32,Merchant Payment,Delhi,0,Android,0
48964.79,Bill Payment,Delhi,20,Android,0
46764.26,Bill Payment,Delhi,10,iOS,0
1252.75,Merchant Payment,Delhi,18,Android,0
15072.43,Bill Payment,Kolkata,3,Android,0
12852.67,Bill Payment,Bangalore,6,Android,0
30871.12,Merchant Payment,Bangalore,2,Android,0
41673.93,Bill Payment,Chennai,10,iOS,0
26437.13,Bill Payment,Delhi,18,Android,0
18243.31,Merchant Payment,Kolkata,8,Android,0
33333.89,Bill Payment,Mumbai,5,Android,0
31716.83,Bill Payment,Mumbai,17,Android,0
23388.12,Bill Payment,Bangalore,5,Android,0
44350.53,Bill Payment,Chennai,0,iOS,0
39908.58,Send Money,Chennai,1,iOS,0
3743.25,Send Money,Hyderabad,19,Android,0
7387.88,Send Money,Chennai,0,Android,0
3257.68,Bill Payment,Kolkata,23,Android,0
16844.38,Bill Payment,Bangalore,18,iOS,0
2770.88,Merchant Payment,Chennai,14,iOS,0
27079.88,Send Money,Delhi,11,iOS,0
20041.38,Send Money,Mumbai,0,Android,0
8553.15,Send Money,Hyderabad,15,Android,0
34210.17,Bill Payment,Chennai,16,Android,0
801.88,Merchant Payment,Bangalore,9,Android,0
12923.61,Bill Payment,Bangalore,14,iOS,0
44815.97,Send Money,Bangalore,9,iOS,0
39974.59,Merchant Payment,Bangalore,1,iOS,0
34002.21,Merchant Payment,Delhi,5,Android,0
21108.83,Merchant Payment,Kolkata,17,iOS,0
25788.53,Merchant Payment,Kolkata,22,Android,0
23950.61,Send Money,Mumbai,1,Android,0
26185.34,Send Money,Delhi,2,iOS,0
36053.06,Merchant Payment,Mumbai,7,Android,0
44233.13,Merchant Payment,Mumbai,20,iOS,0
39868.58,Send Money,Hyderabad,8,iOS,0
19402.11,Bill Payment,Hyderabad,3,iOS,0
33574.31,Merchant Payment,Delhi,4,iOS,0
21691.49,Merchant Payment,Mumbai,23,Android,0
18143.8,Bill Payment,Delhi,18,iOS,0
22126.59,Merchant Payment,Chennai,23,Android,0
48714.64,Merchant Payment,Hyderabad,17,iOS,0
47829.34,Bill Payment,Mumbai,13,iOS,0
11637.96,Send Money,Chennai,5,Android,0
20206.54,Merchant Payment,Chennai,3,Android,0
44172.13,Send Money,Mumbai,22,Android,0
24826.6,Send Money,Bangalore,8,iOS,0
46555.07,Merchant Payment,Delhi,19,iOS,0
29300.4,Send Money,Kolkata,8,iOS,0
31303.2,Bill Payment,Mumbai,20,Android,0
41486.45,Merchant Payment,Delhi,3,Android,1
46141.21,Send Money,Mumbai,5,Android,1
8046.09,Send Money,Mumbai,4,Android,0
36214.56,Send Money,Bangalore,8,iOS,0
35830.69,Send Money,Hyderabad,20,Android,0
48566.59,Bill Payment,Mumbai,21,iOS,0
44470.91,Bill Payment,Hyderabad,23,Android,1
10060.32,Merchant Payment,Hyderabad,20,iOS,0
16840.57,Bill Payment,Bangalore,4,iOS,0
27561.13,Bill Payment,Mumbai,22,Android,0
13762.63,Bill Payment,Delhi,12,iOS,0
48645.1,Merchant Payment,Kolkata,18,iOS,0
32104.59,Bill Payment,Kolkata,17,Android,0
47507.61,Merchant Payment,Delhi,11,Android,0
22561.25,Send Money,Hyderabad,9,iOS,0
21433.46,Merchant Payment,Bangalore,13,iOS,0
8400.92,Send Money,Kolkata,15,iOS,1
28325.93,Send Money,Bangalore,19,Android,0
13928.93,Send Money,Mumbai,9,iOS,0
1920.45,Merchant Payment,Hyderabad,17,Android,0
10433.88,Bill Payment,Kolkata,3,Android,0
14215.63,Send Money,Mumbai,13,iOS,0
43778.54,Bill Payment,Kolkata,7,Android,0
23771.86,Merchant Payment,Hyderabad,7,iOS,0
7546.81,Merchant Payment,Hyderabad,3,Android,0
4802.7,Merchant Payment,Delhi,16,Android,0
40506.12,Merchant Payment,Mumbai,16,Android,0
4873.74,Merchant Payment,Hyderabad,7,Android,0
47864.61,Bill Payment,Kolkata,14,Android,0
30029.92,Bill Payment,Bangalore,10,iOS,0
9071.03,Send Money,Kolkata,11,iOS,0
4478.94,Merchant Payment,Delhi,10,Android,0
6538.55,Merchant Payment,Bangalore,11,Android,0
17069.69,Bill Payment,Delhi,6,iOS,0
32947.83,Send Money,Mumbai,1,iOS,0
4002.11,Merchant Payment,Bangalore,3,iOS,0
38455.66,Send Money,Chennai,19,iOS,0
42745.59,Merchant Payment,Hyderabad,8,Android,0
17965.06,Bill Payment,Delhi,15,Android,0
7441.72,Bill Payment,Kolkata,5,Android,0
35808.3,Merchant Payment,Delhi,2,iOS,0
23334.08,Send Money,Hyderabad,1,iOS,1
1596.98,Merchant Payment,Hyderabad,6,Android,0
1260.3,Send Money,Hyderabad,9,iOS,0
48388.43,Bill Payment,Bangalore,21,Android,0
40261.05,Send Money,Bangalore,10,Android,1
3914.8,Merchant Payment,Delhi,20,Android,0
42766.2,Merchant Payment,Chennai,19,Android,0
21712.03,Merchant Payment,Bangalore,17,iOS,0
18332.85,Bill Payment,Bangalore,17,Android,0
40277.69,Send Money,Mumbai,19,Android,0
16582.05,Merchant Payment,Delhi,19,Android,0
35176.52,Bill Payment,Delhi,1,Android,0
18135.84,Send Money,Kolkata,12,iOS,0
12118.34,Merchant Payment,Chennai,12,iOS,0
33251.99,Merchant Payment,Bangalore,16,Android,0
3594.01,Bill Payment,Bangalore,14,Android,0
31365.78,Bill Payment,Kolkata,10,iOS,0
15982.86,Bill Payment,Mumbai,0,iOS,0
29590.6,Merchant Payment,Mumbai,17,iOS,0
43940.42,Bill Payment,Hyderabad,7,Android,0
29106.44,Merchant Payment,Hyderabad,19,iOS,0
40759.49,Merchant Payment,Bangalore,5,iOS,0
7909.36,Send Money,Hyderabad,8,iOS,1
42618.6,Merchant Payment,Bangalore,18,iOS,0
1145.15,Merchant Payment,Hyderabad,16,iOS,0
29977.48,Merchant Payment,Mumbai,0,iOS,0
9112.97,Bill Payment,Hyderabad,2,Android,0
870.66,Merchant Payment,Bangalore,20,iOS,0
8656.29,Bill Payment,Kolkata,16,iOS,0
49777.79,Bill Payment,Hyderabad,19,iOS,0
13653.77,Send Money,Delhi,3,iOS,0
13014.07,Bill Payment,Delhi,12,iOS,0
47878.28,Merchant Payment,Bangalore,19,iOS,0
13409.79,Bill Payment,Chennai,14,iOS,0
41296.55,Merchant Payment,Bangalore,6,iOS,0
20265.46,Bill Payment,Mumbai,15,iOS,0
48234.28,Send Money,Hyderabad,17,Android,0
24516.61,Send Money,Bangalore,12,Android,0
11228.07,Merchant Payment,Hyderabad,16,iOS,0
35948.03,Bill Payment,Kolkata,5,iOS,0
29826.18,Send Money,Bangalore,15,iOS,0
10535.5,Send Money,Mumbai,12,Android,0
39157.09,Bill Payment,Mumbai,1,iOS,0
31892.6,Bill Payment,Mumbai,15,Android,0
8424.83,Bill Payment,Hyderabad,19,Android,0
42643.67,Bill Payment,Chennai,20,Android,0
26854.96,Merchant Payment,Bangalore,14,iOS,0
32519.69,Merchant Payment,Kolkata,6,Android,0
43694.88,Send Money,Hyderabad,11,Android,1
11757.02,Merchant Payment,Mumbai,0,Android,0
39095.85,Send Money,Bangalore,19,iOS,1
33860.25,Bill Payment,Delhi,0,iOS,0
42575.63,Send Money,Mumbai,22,Android,1
15373.51,Merchant Payment,Delhi,14,Android,0
20885.43,Bill Payment,Chennai,6,iOS,0
47901.91,Bill Payment,Delhi,21,iOS,0
23572.32,Bill Payment,Kolkata,13,Android,0
49439.52,Merchant Payment,Mumbai,9,iOS,0
10014.55,Bill Payment,Mumbai,9,iOS,0
18292.26,Bill Payment,Chennai,13,Android,0
40438.48,Bill Payment,Bangalore,9,iOS,0
31108.35,Merchant Payment,Kolkata,7,iOS,0
21766.59,Send Money,Mumbai,3,Android,0
33400.5,Send Money,Delhi,2,Android,0
12632.64,Send Money,Kolkata,3,Android,0
32514.5,Send Money,Kolkata,20,Android,0
10941.97,Send Money,Kolkata,19,iOS,0
375.67,Merchant Payment,Delhi,21,Android,0
12221.66,Bill Payment,Kolkata,14,iOS,0
21693.29,Bill Payment,Hyderabad,16,Android,0
15809.41,Bill Payment,Delhi,10,Android,0
49807.22,Bill Payment,Bangalore,11,iOS,0
25450.09,Merchant Payment,Chennai,0,iOS,0
33585.33,Merchant Payment,Hyderabad,1,Android,0
1108.37,Bill Payment,Bangalore,23,Android,0
37739.38,Merchant Payment,Delhi,9,iOS,1
26875.11,Bill Payment,Hyderabad,16,iOS,0
26842.42,Bill Payment,Kolkata,22,iOS,0
9281.49,Send Money,Mumbai,17,Android,0
7365.58,Send Money,Hyderabad,22,iOS,0
586.85,Send Money,Kolkata,6,Android,0
26081.0,Send Money,Bangalore,8,iOS,0
41934.47,Bill Payment,Chennai,23,Android,0
27944.6,Merchant Payment,Chennai,20,Android,0
31878.0,Merchant Payment,Delhi,12,iOS,0
20310.16,Send Money,Delhi,2,Android,0
33463.17,Merchant Payment,Delhi,1,Android,0
26376.64,Send Money,Kolkata,0,Android,0
32525.6,Send Money,Hyderabad,18,Android,0
13648.44,Merchant Payment,Bangalore,0,Android,0
32635.84,Bill Payment,Chennai,5,iOS,0
24495.74,Merchant Payment,Hyderabad,4,Android,0
47674.21,Send Money,Mumbai,23,iOS,0
29532.17,Send Money,Chennai,16,Android,1
3496.62,Send Money,Delhi,5,iOS,0
35977.09,Bill Payment,Mumbai,14,iOS,0
40383.87,Send Money,Delhi,22,Android,0
24049.0,Merchant Payment,Bangalore,19,Android,0
35421.39,Bill Payment,Bangalore,7,iOS,0
40691.61,Merchant Payment,Hyderabad,12,iOS,0
19303.76,Send Money,Kolkata,9,Android,0
48723.47,Merchant Payment,Mumbai,11,Android,0
21593.88,Send Money,Delhi,14,iOS,0
14173.35,Send Money,Hyderabad,19,Android,0
31939.32,Send Money,Delhi,19,iOS,0
41468.57,Merchant Payment,Chennai,5,iOS,0
6234.67,Bill Payment,Kolkata,23,iOS,0
397.04,Send Money,Hyderabad,4,iOS,0
3158.43,Merchant Payment,Hyderabad,5,Android,0
20316.9,Bill Payment,Delhi,15,iOS,0
4898.58,Bill Payment,Chennai,2,iOS,0
36745.48,Bill Payment,Bangalore,8,Android,0
8516.91,Send Money,Delhi,12,Android,0
40966.74,Merchant Payment,Delhi,15,Android,0
898.37,Merchant Payment,Delhi,6,iOS,0
36365.62,Bill Payment,Mumbai,18,Android,1
31729.71,Merchant Payment,Kolkata,1,iOS,1
34420.65,Bill Payment,Bangalore,9,iOS,0
33025.45,Send Money,Mumbai,2,Android,0
45416.7,Send Money,Mumbai,20,Android,1
36809.1,Merchant Payment,Chennai,23,iOS,0
15109.64,Bill Payment,Mumbai,1,iOS,0
31383.05,Merchant Payment,Bangalore,4,Android,0
837.21,Merchant Payment,Chennai,3,Android,0
9695.01,Bill Payment,Chennai,16,Android,0
19424.76,Bill Payment,Bangalore,17,Android,0
2570.71,Merchant Payment,Delhi,6,iOS,0
28560.25,Send Money,Bangalore,0,iOS,0
28891.47,Send Money,Delhi,1,iOS,0
34194.34,Bill Payment,Kolkata,1,iOS,0
667.86,Send Money,Mumbai,22,iOS,0
39486.39,Merchant Payment,Hyderabad,5,Android,1
26376.07,Send Money,Chennai,8,Android,0
26229.38,Bill Payment,Delhi,9,iOS,0
12811.96,Send Money,Kolkata,5,Android,0
35740.24,Bill Payment,Mumbai,8,iOS,0
25978.87,Bill Payment,Chennai,1,Android,0
4923.38,Send Money,Chennai,1,iOS,0
23614.36,Bill Payment,Delhi,4,Android,0
6103.42,Send Money,Mumbai,17,Android,0
16864.9,Merchant Payment,Bangalore,4,Android,0
36811.41,Bill Payment,Kolkata,9,iOS,0
17362.8,Bill Payment,Delhi,17,iOS,0
21774.16,Send Money,Delhi,22,iOS,0
37433.04,Bill Payment,Hyderabad,12,iOS,0
30260.6,Send Money,Bangalore,0,Android,1
32684.05,Send Money,Chennai,15,Android,0
49970.44,Merchant Payment,Delhi,20,iOS,0
45503.98,Merchant Payment,Bangalore,11,iOS,0
49951.46,Send Money,Kolkata,15,Android,1
36791.66,Bill Payment,Delhi,20,Android,0
48949.03,Send Money,Kolkata,9,iOS,0
28735.76,Merchant Payment,Mumbai,22,iOS,0
13016.75,Merchant Payment,Kolkata,11,iOS,0
26657.22,Merchant Payment,Bangalore,9,iOS,0
92.82,Send Money,Chennai,6,iOS,0
62.16,Send Money,Kolkata,12,Android,0
45001.22,Send Money,Bangalore,21,iOS,0
14493.93,Send Money,Hyderabad,0,iOS,0
2726.17,Send Money,Bangalore,14,iOS,0
30650.32,Merchant Payment,Delhi,1,Android,0
41765.78,Bill Payment,Mumbai,18,Android,0
30993.28,Merchant Payment,Kolkata,6,iOS,0
15391.09,Send Money,Hyderabad,4,iOS,1
24852.82,Merchant Payment,Bangalore,8,Android,0
142.22,Send Money,Bangalore,23,Android,1
48268.71,Merchant Payment,Hyderabad,15,iOS,0
9889.58,Send Money,Mumbai,17,iOS,0
28099.84,Send Money,Mumbai,3,Android,0
17975.69,Bill Payment,Delhi,11,Android,0
22903.68,Merchant Payment,Bangalore,8,Android,0
44547.46,Merchant Payment,Hyderabad,4,iOS,0
10080.72,Send Money,Mumbai,11,Android,0
29111.64,Send Money,Delhi,5,Android,1
17807.16,Merchant Payment,Bangalore,22,Android,0
15795.87,Send Money,Hyderabad,11,Android,0
10424.69,Merchant Payment,Hyderabad,0,iOS,0
14634.86,Merchant Payment,Bangalore,9,Android,0
14835.99,Bill Payment,Bangalore,7,iOS,0
16426.89,Send Money,Kolkata,19,Android,1
37012.07,Send Money,Kolkata,22,iOS,0
46717.8,Merchant Payment,Mumbai,3,iOS,0
39957.27,Bill Payment,Hyderabad,12,iOS,0
36780.0,Bill Payment,Kolkata,23,Android,0
28869.18,Send Money,Kolkata,6,iOS,0
32676.36,Bill Payment,Delhi,0,Android,0
30072.92,Merchant Payment,Mumbai,7,iOS,0
31075.85,Bill Payment,Bangalore,6,iOS,0
45551.08,Bill Payment,Delhi,22,Android,1
5011.14,Merchant Payment,Delhi,16,iOS,0
441.65,Send Money,Mumbai,16,Android,0
7747.37,Bill Payment,Hyderabad,16,iOS,0
46251.86,Bill Payment,Delhi,19,Android,0
47006.36,Merchant Payment,Kolkata,19,Android,0
23234.28,Bill Payment,Hyderabad,15,iOS,0
5757.26,Send Money,Mumbai,10,iOS,0
5703.29,Merchant Payment,Delhi,0,Android,0
26041.62,Bill Payment,Hyderabad,22,Android,0
34877.8,Bill Payment,Delhi,12,iOS,0
9435.58,Send Money,Delhi,16,iOS,0
14138.28,Bill Payment,Kolkata,2,iOS,0
9980.64,Bill Payment,Mumbai,20,Android,0
48080.44,Merchant Payment,Chennai,19,iOS,0
1061.09,Merchant Payment,Delhi,10,iOS,0
15411.95,Merchant Payment,Mumbai,21,iOS,0
46185.99,Send Money,Delhi,1,Android,1
25558.22,Merchant Payment,Chennai,15,Android,0
13235.91,Merchant Payment,Kolkata,17,iOS,0
15864.86,Send Money,Bangalore,3,Android,0
48857.63,Merchant Payment,Chennai,2,iOS,0
45058.47,Bill Payment,Delhi,5,Android,0
18563.15,Merchant Payment,Hyderabad,0,iOS,0
8512.94,Bill Payment,Chennai,23,iOS,0
26858.27,Send Money,Hyderabad,2,Android,1
13910.34,Send Money,Kolkata,1,Android,0
20700.78,Bill Payment,Delhi,9,iOS,0
34546.23,Send Money,Delhi,22,Android,0
15504.87,Merchant Payment,Kolkata,0,iOS,0
11023.93,Merchant Payment,Kolkata,9,iOS,0
48058.29,Merchant Payment,Hyderabad,0,iOS,0
10812.39,Bill Payment,Chennai,0,Android,0
4405.67,Send Money,Bangalore,14,Android,0
14465.28,Merchant Payment,Kolkata,7,Android,0
6797.55,Send Money,Bangalore,6,iOS,0
34002.79,Send Money,Kolkata,18,Android,0
19542.46,Bill Payment,Bangalore,17,Android,0
23632.16,Merchant Payment,Bangalore,10,iOS,0
11283.13,Merchant Payment,Delhi,6,iOS,0
29526.25,Bill Payment,Mumbai,3,iOS,0
21429.96,Merchant Payment,Bangalore,22,Android,0
28317.12,Bill Payment,Hyderabad,4,Android,0
49034.43,Send Money,Bangalore,3,iOS,1
11190.3,Send Money,Delhi,5,iOS,1
13230.55,Merchant Payment,Bangalore,3,Android,0
37787.42,Merchant Payment,Chennai,17,Android,0
30755.52,Bill Payment,Kolkata,23,iOS,0
9332.47,Merchant Payment,Mumbai,5,iOS,0
29354.5,Bill Payment,Hyderabad,13,Android,0
13112.71,Send Money,Kolkata,22,Android,0
15525.03,Bill Payment,Kolkata,19,iOS,0
23506.45,Merchant Payment,Kolkata,11,iOS,0
23012.55,Send Money,Bangalore,0,iOS,0
25931.9,Send Money,Hyderabad,2,iOS,0
3415.25,Send Money,Bangalore,8,Android,0
26911.81,Bill Payment,Delhi,11,iOS,0
32900.82,Merchant Payment,Hyderabad,19,iOS,0
7602.78,Merchant Payment,Hyderabad,18,iOS,0
25512.28,Merchant Payment,Chennai,19,iOS,0
49116.22,Merchant Payment,Bangalore,2,iOS,0
3810.92,Send Money,Kolkata,4,Android,1
32462.05,Bill Payment,Kolkata,19,iOS,0
31470.12,Bill Payment,Mumbai,3,iOS,0
20756.91,Bill Payment,Bangalore,22,iOS,0
30861.97,Send Money,Mumbai,4,Android,0
11729.55,Merchant Payment,Hyderabad,1,iOS,0
19465.01,Merchant Payment,Hyderabad,8,iOS,0
45694.07,Merchant Payment,Bangalore,7,Android,0
36505.04,Bill Payment,Hyderabad,3,Android,0
33301.19,Bill Payment,Chennai,14,Android,1
8841.67,Bill Payment,Chennai,18,Android,0
47888.95,Bill Payment,Kolkata,5,Android,0
1337.0,Bill Payment,Delhi,23,Android,0
4448.25,Merchant Payment,Hyderabad,20,iOS,0
31049.68,Bill Payment,Mumbai,4,iOS,0
22108.14,Merchant Payment,Chennai,12,iOS,0
6573.46,Merchant Payment,Mumbai,10,Android,0
916.46,Send Money,Chennai,19,Android,0
27258.78,Send Money,Chennai,22,iOS,0
39310.97,Merchant Payment,Chennai,15,iOS,0
20137.06,Bill Payment,Hyderabad,19,Android,0
46401.45,Send Money,Bangalore,19,iOS,0
45674.04,Merchant Payment,Chennai,13,iOS,0
28620.34,Merchant Payment,Chennai,22,iOS,0
41922.56,Merchant Payment,Bangalore,23,Android,0
31642.0,Send Money,Mumbai,1,iOS,0
36575.84,Send Money,Kolkata,3,Android,1
44444.54,Send Money,Delhi,22,iOS,0
32689.29,Merchant Payment,Chennai,13,iOS,0
3041.21,Send Money,Hyderabad,9,iOS,0
12448.36,Send Money,Delhi,21,iOS,0
22725.04,Merchant Payment,Hyderabad,11,Android,0
9569.82,Merchant Payment,Hyderabad,22,iOS,0
26667.07,Bill Payment,Delhi,1,Android,0
45954.07,Bill Payment,Hyderabad,14,iOS,0
4401.58,Bill Payment,Delhi,6,iOS,0
3519.11,Merchant Payment,Mumbai,16,iOS,0
17284.5,Send Money,Bangalore,14,Android,0
24078.73,Send Money,Hyderabad,17,Android,0
24489.75,Bill Payment,Kolkata,5,Android,0
30108.79,Bill Payment,Kolkata,16,iOS,0
9025.78,Send Money,Bangalore,4,iOS,0
18345.22,Send Money,Chennai,0,iOS,0
10064.73,Bill Payment,Chennai,9,Android,0
6427.56,Send Money,Delhi,0,Android,1
11175.58,Merchant Payment,Mumbai,23,Android,0
10739.5,Merchant Payment,Chennai,10,iOS,0
10528.58,Merchant Payment,Mumbai,7,Android,0
29125.9,Send Money,Kolkata,20,iOS,0
11864.26,Bill Payment,Chennai,1,iOS,0
46342.95,Send Money,Bangalore,18,iOS,0
48376.52,Bill Payment,Hyderabad,16,iOS,0
28322.79,Merchant Payment,Mumbai,2,iOS,0
39963.63,Merchant Payment,Kolkata,22,Android,0
39375.04,Bill Payment,Kolkata,15,iOS,0
39587.63,Bill Payment,Chennai,3,iOS,1
40880.69,Merchant Payment,Delhi,7,Android,0
46819.8,Merchant Payment,Kolkata,0,iOS,0
37579.53,Bill Payment,Hyderabad,4,iOS,0
24199.2,Send Money,Hyderabad,17,iOS,0
35095.36,Bill Payment,Hyderabad,17,Android,1
38902.57,Send Money,Hyderabad,5,iOS,1
3184.74,Send Money,Bangalore,23,Android,0
36364.56,Bill Payment,Mumbai,3,iOS,0
38376.03,Bill Payment,Delhi,2,iOS,0
1788.04,Bill Payment,Delhi,9,Android,0
11693.23,Send Money,Kolkata,9,Android,0
16587.25,Bill Payment,Chennai,12,iOS,0
32813.2,Merchant Payment,Delhi,15,iOS,0
21849.94,Merchant Payment,Bangalore,10,Android,0
28751.84,Merchant Payment,Bangalore,22,Android,0
38778.08,Bill Payment,Delhi,12,Android,0
8086.05,Send Money,Mumbai,0,Android,0
21289.9,Merchant Payment,Bangalore,5,iOS,0
118.94,Send Money,Kolkata,4,Android,0
25725.17,Bill Payment,Bangalore,5,iOS,1
42154.51,Bill Payment,Mumbai,0,Android,1
19664.75,Send Money,Chennai,21,iOS,0
13737.03,Merchant Payment,Mumbai,15,iOS,0
18601.25,Bill Payment,Hyderabad,11,iOS,0
28146.94,Send Money,Delhi,4,Android,0
29409.06,Bill Payment,Hyderabad,18,Android,0
1891.27,Bill Payment,Bangalore,4,Android,0
39031.56,Merchant Payment,Hyderabad,4,iOS,0
15172.74,Merchant Payment,Kolkata,4,iOS,0
5721.49,Send Money,Chennai,6,iOS,0
34692.15,Send Money,Chennai,20,Android,0
38373.13,Merchant Payment,Mumbai,19,iOS,0
25217.48,Send Money,Chennai,3,Android,0
1621.13,Merchant Payment,Kolkata,23,iOS,0
4150.29,Bill Payment,Mumbai,12,iOS,0
19284.48,Send Money,Bangalore,23,Android,0
23559.46,Send Money,Delhi,2,Android,1
42659.77,Merchant Payment,Mumbai,23,iOS,0
38520.43,Merchant Payment,Kolkata,15,iOS,0
47674.57,Bill Payment,Hyderabad,12,Android,0
739.25,Send Money,Kolkata,13,Android,0
28747.46,Bill Payment,Kolkata,5,iOS,0
49868.04,Merchant Payment,Mumbai,8,Android,0
43260.83,Merchant Payment,Hyderabad,5,iOS,0
8128.25,Send Money,Mumbai,0,Android,0
22678.05,Merchant Payment,Delhi,12,Android,0
7607.78,Send Money,Delhi,1,Android,0
1744.61,Merchant Payment,Kolkata,10,iOS,0
24702.51,Send Money,Delhi,22,iOS,0
35085.74,Send Money,Bangalore,11,iOS,0
14277.4,Merchant Payment,Chennai,6,iOS,0
49081.36,Bill Payment,Kolkata,5,Android,0
15326.77,Bill Payment,Bangalore,5,iOS,0
36834.62,Bill Payment,Chennai,12,iOS,0
19738.54,Bill Payment,Hyderabad,19,iOS,0
26819.75,Merchant Payment,Chennai,18,iOS,0
36972.2,Send Money,Hyderabad,4,iOS,0
49548.58,Send Money,Mumbai,18,Android,1
21352.51,Merchant Payment,Hyderabad,5,Android,0
40783.6,Send Money,Delhi,4,iOS,1
20448.84,Bill Payment,Kolkata,0,Android,0
5038.5,Merchant Payment,Mumbai,13,Android,0
24886.94,Send Money,Delhi,16,iOS,0
5803.05,Send Money,Hyderabad,8,Android,0
14688.59,Send Money,Kolkata,14,iOS,0
786.16,Send Money,Kolkata,9,Android,0
19858.7,Merchant Payment,Delhi,10,Android,0
11548.28,Send Money,Kolkata,4,Android,0
2723.32,Bill Payment,Mumbai,7,Android,0
24940.78,Bill Payment,Bangalore,15,iOS,0
41228.25,Send Money,Chennai,11,Android,0
30793.33,Send Money,Kolkata,16,Android,0
19283.76,Bill Payment,Delhi,13,iOS,0
27797.8,Merchant Payment,Chennai,19,iOS,0
34499.86,Send Money,Delhi,1,iOS,1
29172.33,Bill Payment,Kolkata,17,Android,0
39225.0,Bill Payment,Chennai,22,Android,0
39991.63,Send Money,Delhi,20,iOS,0
518.98,Send Money,Chennai,21,Android,0
48007.66,Bill Payment,Kolkata,17,iOS,0
44051.11,Send Money,Chennai,21,iOS,1
22207.97,Merchant Payment,Delhi,3,iOS,0
22593.81,Send Money,Bangalore,14,Android,0
44126.61,Merchant Payment,Hyderabad,9,iOS,0
23132.61,Bill Payment,Chennai,21,Android,0
48733.14,Send Money,Chennai,5,Android,0
49595.31,Bill Payment,Hyderabad,12,Android,0
10449.17,Bill Payment,Hyderabad,11,Android,0
13136.23,Bill Payment,Bangalore,4,iOS,0
17947.25,Bill Payment,Bangalore,8,Android,0
37614.74,Bill Payment,Hyderabad,21,iOS,0
30088.23,Bill Payment,Mumbai,6,iOS,0
29788.12,Bill Payment,Bangalore,16,iOS,0
38212.33,Merchant Payment,Delhi,2,iOS,1
36913.6,Send Money,Chennai,16,Android,1
24532.15,Merchant Payment,Chennai,16,Android,0
2536.38,Send Money,Mumbai,1,iOS,0
4461.75,Send Money,Mumbai,4,Android,1
32234.48,Merchant Payment,Kolkata,14,Android,0
31719.11,Merchant Payment,Chennai,2,Android,0
10278.55,Merchant Payment,Chennai,16,Android,0
31921.45,Merchant Payment,Chennai,5,Android,0
43655.3,Merchant Payment,Delhi,11,iOS,0
20679.39,Merchant Payment,Mumbai,23,iOS,0
23148.25,Send Money,Bangalore,13,Android,0
33266.53,Bill Payment,Chennai,10,Android,0
7408.96,Bill Payment,Mumbai,18,iOS,0
40703.17,Bill Payment,Mumbai,5,Android,1
18977.09,Bill Payment,Delhi,10,Android,0
1617.36,Merchant Payment,Hyderabad,0,Android,0
42331.52,Send Money,Hyderabad,10,Android,0
18681.66,Bill Payment,Hyderabad,23,iOS,0
43299.71,Merchant Payment,Delhi,15,iOS,0
6439.74,Merchant Payment,Delhi,20,Android,0
35292.52,Merchant Payment,Chennai,10,iOS,0
29903.45,Merchant Payment,Hyderabad,0,Android,0
8515.84,Bill Payment,Mumbai,1,Android,0
41980.74,Send Money,Delhi,18,Android,1
6271.15,Bill Payment,Delhi,9,Android,0
29707.02,Send Money,Bangalore,0,Android,0
182.62,Merchant Payment,Bangalore,19,Android,0
12669.88,Merchant Payment,Hyderabad,9,iOS,0
8773.9,Merchant Payment,Mumbai,2,Android,0
14303.2,Bill Payment,Bangalore,21,iOS,0
31030.77,Bill Payment,Delhi,15,Android,0
26886.04,Merchant Payment,Hyderabad,19,Android,0
21782.36,Bill Payment,Hyderabad,9,Android,0
31977.97,Bill Payment,Kolkata,18,iOS,0
45384.57,Merchant Payment,Bangalore,22,iOS,0
19081.81,Send Money,Bangalore,20,iOS,0
40871.27,Bill Payment,Kolkata,0,iOS,1
5623.45,Merchant Payment,Chennai,4,Android,0
8131.25,Send Money,Chennai,8,iOS,0
36391.15,Send Money,Chennai,18,iOS,0
38964.92,Bill Payment,Bangalore,21,Android,0
33620.5,Merchant Payment,Mumbai,22,iOS,0
30459.32,Send Money,Kolkata,13,iOS,0
26195.97,Merchant Payment,Hyderabad,3,iOS,0
40411.26,Bill Payment,Chennai,1,iOS,0
13730.49,Send Money,Kolkata,9,iOS,0
11747.91,Bill Payment,Delhi,16,Android,0
29399.37,Bill Payment,Hyderabad,0,iOS,0
27873.36,Bill Payment,Bangalore,4,iOS,0
28619.41,Send Money,Chennai,18,Android,0
13076.41,Merchant Payment,Chennai,6,Android,0
30956.94,Bill Payment,Mumbai,12,iOS,0
9891.57,Send Money,Chennai,4,Android,0
40811.57,Send Money,Delhi,11,iOS,0
43009.28,Merchant Payment,Delhi,0,Android,0
24793.16,Merchant Payment,Bangalore,22,iOS,0
48843.0,Send Money,Hyderabad,9,Android,1
27299.63,Send Money,Chennai,4,iOS,0
43227.09,Merchant Payment,Hyderabad,8,Android,0
23.1,Bill Payment,Chennai,12,Android,0
9267.05,Merchant Payment,Kolkata,7,Android,0
41850.98,Send Money,Hyderabad,5,Android,0
42898.32,Bill Payment,Mumbai,10,iOS,0
14995.14,Send Money,Chennai,0,iOS,0
29736.87,Send Money,Mumbai,10,Android,0
27883.09,Merchant Payment,Mumbai,1,Android,0
16991.45,Send Money,Delhi,5,iOS,0
2119.25,Send Money,Delhi,0,Android,0
34612.25,Merchant Payment,Kolkata,23,Android,0
36534.58,Send Money,Hyderabad,10,Android,0
29822.64,Send Money,Kolkata,1,iOS,0
6297.97,Bill Payment,Mumbai,21,iOS,0
12345.61,Bill Payment,Mumbai,15,iOS,0
10592.03,Merchant Payment,Chennai,1,iOS,0
2797.2,Send Money,Chennai,20,iOS,0
857.48,Merchant Payment,Delhi,11,Android,0
17089.63,Send Money,Delhi,14,iOS,0
36004.93,Send Money,Hyderabad,18,Android,0
32174.22,Send Money,Hyderabad,20,iOS,0
48930.91,Send Money,Mumbai,10,Android,0
26816.4,Merchant Payment,Kolkata,1,iOS,0
14196.33,Merchant Payment,Delhi,11,iOS,0
25331.23,Send Money,Delhi,12,iOS,0
13386.9,Bill Payment,Mumbai,17,Android,0
11727.04,Bill Payment,Delhi,7,Android,0
14081.4,Bill Payment,Chennai,10,iOS,0
61.07,Bill Payment,Chennai,10,Android,0
2244.73,Bill Payment,Delhi,13,iOS,0
26895.3,Send Money,Chennai,10,iOS,0
29630.44,Merchant Payment,Kolkata,7,Android,0
31144.64,Bill Payment,Chennai,23,Android,0
9828.77,Merchant Payment,Kolkata,19,Android,0
42487.75,Bill Payment,Mumbai,14,iOS,0
45798.71,Send Money,Chennai,8,Android,0
41501.44,Bill Payment,Delhi,6,Android,0
34501.47,Send Money,Bangalore,8,Android,1
31695.02,Bill Payment,Chennai,12,Android,0
2768.27,Send Money,Bangalore,13,iOS,0
44638.62,Send Money,Bangalore,3,iOS,1
41978.1,Merchant Payment,Kolkata,22,Android,0
21020.27,Merchant Payment,Kolkata,5,Android,0
33017.95,Bill Payment,Hyderabad,6,Android,0
45402.59,Send Money,Hyderabad,17,Android,0
15965.96,Bill Payment,Mumbai,16,iOS,0
1048.16,Merchant Payment,Mumbai,6,iOS,0
11018.73,Merchant Payment,Hyderabad,1,iOS,0
9537.62,Send Money,Bangalore,7,Android,0
27312.84,Send Money,Mumbai,0,Android,0
18769.92,Send Money,Delhi,7,Android,0
32173.38,Merchant Payment,Chennai,13,iOS,0
8806.96,Send Money,Chennai,4,iOS,0
41403.74,Send Money,Bangalore,18,iOS,0
8352.57,Bill Payment,Bangalore,17,iOS,0
5485.36,Send Money,Delhi,9,iOS,0
7137.26,Send Money,Mumbai,0,Android,1
4485.27,Bill Payment,Delhi,0,Android,0
14423.16,Send Money,Delhi,17,iOS,0
25967.72,Bill Payment,Delhi,18,Android,0
11001.88,Merchant Payment,Bangalore,12,iOS,0
33443.73,Bill Payment,Hyderabad,22,iOS,1
37834.36,Send Money,Delhi,5,iOS,1
19198.39,Bill Payment,Hyderabad,10,Android,0
1505.29,Bill Payment,Mumbai,10,Android,0
16326.6,Bill Payment,Kolkata,15,iOS,0
8658.22,Send Money,Hyderabad,23,iOS,0
5751.18,Bill Payment,Hyderabad,16,iOS,0
14335.64,Send Money,Kolkata,21,iOS,0
30578.99,Send Money,Delhi,19,iOS,0
12733.24,Bill Payment,Delhi,5,iOS,1
7042.77,Bill Payment,Chennai,17,Android,0
28009.03,Merchant Payment,Kolkata,14,iOS,0
16197.0,Merchant Payment,Mumbai,17,Android,0
22986.63,Bill Payment,Kolkata,22,Android,0
8642.73,Bill Payment,Delhi,3,Android,1
1987.44,Send Money,Hyderabad,5,Android,0
49522.42,Merchant Payment,Hyderabad,11,Android,0
11457.85,Merchant Payment,Chennai,10,iOS,0
36649.75,Merchant Payment,Delhi,22,iOS,0
36921.45,Bill Payment,Mumbai,23,iOS,0
38488.41,Merchant Payment,Chennai,12,iOS,0
10793.86,Send Money,Hyderabad,4,Android,0
44173.11,Send Money,Chennai,8,iOS,0
27814.29,Merchant Payment,Kolkata,3,iOS,0
7551.29,Bill Payment,Hyderabad,7,Android,0
9254.52,Merchant Payment,Delhi,1,iOS,0
27882.34,Bill Payment,Chennai,8,Android,0
40169.72,Send Money,Bangalore,16,Android,1
39565.49,Merchant Payment,Mumbai,17,iOS,0
3024.94,Send Money,Bangalore,23,Android,0
2955.95,Bill Payment,Bangalore,9,Android,0
13846.09,Bill Payment,Hyderabad,23,Android,0
4094.71,Merchant Payment,Mumbai,22,iOS,0
27624.02,Send Money,Chennai,6,Android,0
47772.43,Send Money,Bangalore,16,iOS,0
2358.64,Send Money,Delhi,7,Android,0
29186.33,Send Money,Chennai,7,iOS,0
1677.17,Merchant Payment,Kolkata,4,iOS,0
21856.0,Merchant Payment,Mumbai,3,iOS,0
12908.57,Merchant Payment,Bangalore,19,Android,0
19470.42,Merchant Payment,Chennai,15,Android,0
19561.01,Send Money,Chennai,19,iOS,0
46659.38,Merchant Payment,Delhi,22,iOS,0
12013.06,Send Money,Kolkata,15,Android,0
7855.6,Send Money,Chennai,5,iOS,0
29016.15,Send Money,Hyderabad,0,iOS,0
7232.82,Merchant Payment,Bangalore,23,Android,0
44600.3,Bill Payment,Kolkata,20,iOS,0
8847.21,Bill Payment,Chennai,1,iOS,0
47421.12,Bill Payment,Delhi,7,Android,0
7751.97,Send Money,Delhi,16,Android,0
33309.63,Bill Payment,Mumbai,1,iOS,0
22110.67,Bill Payment,Chennai,5,Android,0
13189.48,Merchant Payment,Bangalore,14,Android,0
36909.05,Bill Payment,Kolkata,21,iOS,0
30600.17,Send Money,Mumbai,5,Android,0
44789.69,Send Money,Delhi,10,Android,0
24893.98,Bill Payment,Kolkata,19,Android,0
27266.84,Bill Payment,Chennai,1,Android,0
38040.9,Merchant Payment,Kolkata,9,Android,1
17095.34,Bill Payment,Chennai,19,iOS,0
45036.97,Bill Payment,Bangalore,13,iOS,0
44578.96,Merchant Payment,Chennai,9,iOS,0
971.19,Bill Payment,Hyderabad,19,iOS,0
37095.05,Merchant Payment,Bangalore,9,Android,0
11545.67,Send Money,Chennai,4,Android,0
48219.85,Merchant Payment,Mumbai,8,iOS,0
22562.61,Merchant Payment,Delhi,6,Android,0
41662.44,Merchant Payment,Kolkata,13,Android,0
1010.46,Merchant Payment,Mumbai,1,iOS,0
6552.63,Send Money,Kolkata,14,Android,0
30272.62,Merchant Payment,Chennai,19,iOS,0
6965.54,Bill Payment,Delhi,22,iOS,0
47844.55,Send Money,Chennai,21,Android,0
2185.03,Bill Payment,Mumbai,13,Android,0
11144.93,Send Money,Kolkata,9,iOS,0
25523.32,Merchant Payment,Bangalore,16,iOS,0
13825.26,Bill Payment,Kolkata,3,Android,0
46066.17,Merchant Payment,Mumbai,17,iOS,0
25770.91,Bill Payment,Delhi,2,iOS,0
24652.34,Merchant Payment,Delhi,22,Android,0
2736.74,Send Money,Delhi,10,iOS,0
3938.35,Send Money,Hyderabad,18,Android,0
3002.8,Bill Payment,Hyderabad,7,Android,0
1230.96,Send Money,Chennai,2,Android,0
31196.78,Merchant Payment,Delhi,9,Android,0
36453.62,Merchant Payment,Mumbai,3,Android,0
33203.34,Send Money,Hyderabad,17,Android,0
11608.69,Send Money,Chennai,1,iOS,0
47608.12,Send Money,Hyderabad,10,Android,0
9105.18,Bill Payment,Mumbai,12,iOS,0
40762.35,Bill Payment,Delhi,1,iOS,0
25536.63,Send Money,Mumbai,2,Android,0
15357.63,Send Money,Delhi,10,iOS,0
41860.9,Bill Payment,Hyderabad,8,iOS,0
44254.35,Send Money,Delhi,10,Android,0
49280.36,Merchant Payment,Delhi,0,iOS,0
8668.56,Merchant Payment,Mumbai,17,Android,0
14226.18,Bill Payment,Chennai,5,Android,0
168.97,Merchant Payment,Hyderabad,13,Android,0
13929.11,Bill Payment,Delhi,15,Android,0
13444.63,Bill Payment,Chennai,9,iOS,0
18833.26,Bill Payment,Mumbai,8,iOS,0
27308.31,Merchant Payment,Hyderabad,5,Android,0
16300.17,Bill Payment,Delhi,18,iOS,0
48036.75,Merchant Payment,Mumbai,11,iOS,0
47534.02,Send Money,Bangalore,15,iOS,1
27924.68,Send Money,Chennai,22,iOS,0
14744.01,Bill Payment,Bangalore,7,iOS,0
7101.66,Send Money,Delhi,2,Android,1
33826.7,Send Money,Bangalore,16,iOS,0
44197.56,Send Money,Bangalore,8,iOS,0
45157.57,Merchant Payment,Chennai,18,Android,0
6562.29,Send Money,Hyderabad,21,Android,0
21258.83,Merchant Payment,Kolkata,3,Android,0
26838.14,Bill Payment,Mumbai,7,iOS,0
40092.8,Merchant Payment,Hyderabad,22,Android,0
27247.96,Merchant Payment,Kolkata,16,Android,0
40963.18,Send Money,Chennai,20,iOS,0
41703.36,Send Money,Chennai,13,Android,0
1801.25,Merchant Payment,Mumbai,0,iOS,0
33602.92,Merchant Payment,Hyderabad,15,iOS,0
42695.42,Send Money,Chennai,7,iOS,0
29616.24,Merchant Payment,Kolkata,11,Android,0
39677.04,Merchant Payment,Mumbai,14,iOS,0
40433.14,Merchant Payment,Chennai,12,iOS,0
39801.4,Merchant Payment,Mumbai,10,Android,0
20646.02,Merchant Payment,Mumbai,6,iOS,0
42122.53,Merchant Payment,Hyderabad,21,iOS,0
8240.97,Send Money,Delhi,12,Android,0
29452.11,Send Money,Hyderabad,7,Android,0
33808.17,Merchant Payment,Bangalore,16,iOS,1
36566.44,Send Money,Chennai,3,Android,1
41631.59,Send Money,Bangalore,0,iOS,1
26471.86,Send Money,Mumbai,22,Android,0
44518.99,Bill Payment,Hyderabad,0,Android,0
10052.3,Send Money,Bangalore,3,iOS,1
2366.73,Bill Payment,Kolkata,18,iOS,0
19388.0,Bill Payment,Mumbai,10,iOS,0
34208.11,Send Money,Kolkata,4,Android,1
36324.6,Bill Payment,Delhi,19,iOS,0
10404.8,Bill Payment,Mumbai,12,Android,0
20410.87,Bill Payment,Kolkata,6,iOS,0
41944.88,Bill Payment,Hyderabad,8,iOS,0
26776.79,Send Money,Chennai,7,iOS,1
3744.78,Bill Payment,Hyderabad,19,iOS,0
30247.56,Bill Payment,Delhi,4,Android,0
12298.07,Bill Payment,Mumbai,12,Android,0
21465.42,Send Money,Kolkata,19,Android,0
8696.94,Merchant Payment,Kolkata,9,iOS,0
40201.21,Bill Payment,Kolkata,13,Android,0
18879.54,Merchant Payment,Mumbai,19,iOS,0
773.3,Merchant Payment,Chennai,13,iOS,0
47562.26,Send Money,Kolkata,20,iOS,0
32505.7,Bill Payment,Mumbai,21,Android,0
1727.34,Merchant Payment,Mumbai,8,iOS,0
30713.48,Send Money,Mumbai,20,iOS,1
40347.83,Merchant Payment,Hyderabad,14,Android,0
33246.23,Send Money,Delhi,7,Android,0
15317.96,Bill Payment,Chennai,11,Android,0
29594.37,Merchant Payment,Delhi,22,Android,0
31779.39,Send Money,Kolkata,10,iOS,0
742.94,Merchant Payment,Chennai,18,Android,0
31587.21,Merchant Payment,Delhi,22,iOS,0
18961.5,Bill Payment,Hyderabad,15,iOS,0
35525.76,Send Money,Hyderabad,2,Android,0
7191.61,Merchant Payment,Chennai,2,Android,0
24247.66,Merchant Payment,Hyderabad,5,iOS,0
14595.78,Send Money,Mumbai,20,iOS,0
18562.86,Send Money,Mumbai,4,Android,1
41746.54,Bill Payment,Mumbai,0,Android,0
31192.6,Merchant Payment,Delhi,7,Android,0
4120.85,Merchant Payment,Delhi,12,Android,0
20601.89,Bill Payment,Mumbai,17,iOS,0
20751.0,Merchant Payment,Chennai,14,Android,0
41398.22,Bill Payment,Delhi,5,Android,1
9899.21,Bill Payment,Hyderabad,22,Android,0
38092.03,Send Money,Mumbai,11,iOS,0
20489.22,Send Money,Chennai,3,iOS,0
38936.88,Merchant Payment,Chennai,0,iOS,1
31539.36,Send Money,Mumbai,0,iOS,1
35020.89,Bill Payment,Chennai,21,iOS,0
5769.66,Send Money,Bangalore,12,Android,0
439.78,Merchant Payment,Mumbai,8,iOS,0
39538.34,Bill Payment,Bangalore,9,Android,0
15178.29,Merchant Payment,Hyderabad,23,iOS,0
12627.32,Bill Payment,Chennai,16,Android,0
27758.52,Send Money,Kolkata,13,Android,0
29541.7,Send Money,Delhi,6,iOS,0
37063.45,Merchant Payment,Kolkata,1,iOS,0
29541.14,Merchant Payment,Chennai,19,Android,0
46630.76,Send Money,Hyderabad,20,Android,0
36068.23,Merchant Payment,Delhi,7,iOS,0
43523.2,Send Money,Hyderabad,17,Android,0
21302.44,Bill Payment,Kolkata,2,iOS,0
44813.78,Merchant Payment,Kolkata,17,iOS,0
43055.29,Bill Payment,Mumbai,14,iOS,0
39940.58,Bill Payment,Kolkata,17,Android,0
35190.77,Bill Payment,Delhi,18,iOS,0
12923.78,Merchant Payment,Chennai,15,iOS,0
22151.11,Send Money,Hyderabad,7,iOS,0
7019.46,Bill Payment,Chennai,7,Android,0
1898.92,Merchant Payment,Chennai,10,Android,0
9824.78,Send Money,Hyderabad,20,Android,0
12119.15,Merchant Payment,Mumbai,16,iOS,0
27929.35,Send Money,Mumbai,6,iOS,1
29533.79,Bill Payment,Bangalore,2,iOS,0
29698.84,Merchant Payment,Chennai,21,Android,0
28166.92,Merchant Payment,Bangalore,22,iOS,0
34973.61,Send Money,Kolkata,15,Android,0
34984.8,Merchant Payment,Kolkata,17,Android,0
49407.16,Send Money,Kolkata,8,Android,1
45597.52,Merchant Payment,Delhi,0,Android,0
6624.39,Merchant Payment,Mumbai,0,iOS,0
8905.81,Bill Payment,Mumbai,21,iOS,0
6085.34,Bill Payment,Kolkata,14,Android,0
7861.22,Send Money,Kolkata,20,Android,0
4006.84,Bill Payment,Kolkata,15,iOS,0
42297.34,Bill Payment,Bangalore,14,Android,0
22310.39,Merchant Payment,Mumbai,9,Android,0
2278.01,Send Money,Hyderabad,4,Android,0
17556.0,Merchant Payment,Hyderabad,12,iOS,0
4871.04,Send Money,Mumbai,6,iOS,0
24627.91,Bill Payment,Mumbai,0,Android,1
2110.26,Bill Payment,Hyderabad,9,iOS,0
1646.61,Merchant Payment,Chennai,14,Android,0
43574.02,Bill Payment,Hyderabad,14,Android,0
41913.33,Merchant Payment,Bangalore,17,iOS,0
27597.82,Send Money,Bangalore,20,Android,0
17955.06,Merchant Payment,Bangalore,8,iOS,1
2096.2,Bill Payment,Mumbai,6,iOS,0
30333.46,Merchant Payment,Delhi,20,Android,0
19732.94,Bill Payment,Delhi,14,Android,0
40667.67,Send Money,Chennai,19,iOS,0
8966.81,Bill Payment,Mumbai,8,Android,0
6567.48,Merchant Payment,Hyderabad,1,iOS,0
6647.86,Merchant Payment,Hyderabad,0,Android,0
2517.41,Merchant Payment,Kolkata,18,Android,0
1106.96,Send Money,Delhi,5,iOS,1
37287.11,Merchant Payment,Bangalore,4,iOS,0
33058.18,Send Money,Bangalore,3,iOS,0
42174.47,Send Money,Delhi,12,iOS,0
35609.24,Send Money,Kolkata,13,Android,0
14538.09,Bill Payment,Kolkata,7,iOS,0
10883.59,Merchant Payment,Bangalore,10,Android,0
37718.28,Send Money,Kolkata,21,Android,0
47699.77,Merchant Payment,Mumbai,3,iOS,0
27686.43,Send Money,Mumbai,8,iOS,0
16152.03,Bill Payment,Delhi,1,Android,0
22914.48,Merchant Payment,Delhi,10,Android,0
16098.07,Merchant Payment,Hyderabad,16,Android,0
9407.59,Bill Payment,Delhi,17,Android,0
29235.54,Merchant Payment,Mumbai,8,iOS,0
24892.61,Bill Payment,Delhi,15,Android,0
20314.12,Merchant Payment,Chennai,2,Android,0
7927.98,Send Money,Hyderabad,19,Android,0
28295.61,Bill Payment,Chennai,6,Android,0
9211.89,Send Money,Kolkata,0,iOS,0
41628.67,Send Money,Kolkata,19,Android,0
23890.51,Merchant Payment,Delhi,18,iOS,0
5030.98,Send Money,Delhi,15,Android,0
3336.9,Send Money,Chennai,9,iOS,0
28719.0,Send Money,Hyderabad,10,Android,1
30306.47,Bill Payment,Hyderabad,10,iOS,0
23618.19,Bill Payment,Delhi,0,Android,0
7969.15,Bill Payment,Bangalore,11,Android,0
2514.81,Bill Payment,Chennai,14,iOS,0
35032.99,Send Money,Hyderabad,14,iOS,0
44554.67,Merchant Payment,Mumbai,12,Android,0
18542.7,Merchant Payment,Mumbai,8,iOS,0
8858.57,Merchant Payment,Delhi,3,iOS,0
30519.14,Send Money,Delhi,17,iOS,0
37139.82,Bill Payment,Chennai,9,Android,0
38081.93,Bill Payment,Kolkata,17,iOS,0
27537.06,Bill Payment,Chennai,15,Android,0
46853.96,Merchant Payment,Mumbai,11,Android,0
42505.76,Merchant Payment,Bangalore,20,Android,0
25169.45,Send Money,Hyderabad,13,Android,0
49807.36,Merchant Payment,Bangalore,14,Android,0
35295.73,Bill Payment,Bangalore,3,iOS,0
956.01,Bill Payment,Chennai,15,Android,0
21229.31,Send Money,Bangalore,3,iOS,0
26641.97,Merchant Payment,Kolkata,3,Android,0
34366.43,Send Money,Bangalore,17,Android,0
48133.12,Send Money,Bangalore,23,iOS,0
30160.34,Send Money,Kolkata,1,iOS,1
20594.79,Merchant Payment,Kolkata,15,iOS,0
8128.61,Merchant Payment,Bangalore,18,iOS,0
47297.97,Send Money,Kolkata,17,Android,0
5640.25,Send Money,Chennai,15,iOS,0
25481.48,Bill Payment,Chennai,2,iOS,0
12137.31,Merchant Payment,Mumbai,7,iOS,0
44127.38,Send Money,Hyderabad,0,Android,1
12441.86,Bill Payment,Bangalore,3,iOS,0
10952.62,Merchant Payment,Bangalore,20,Android,0
47824.94,Merchant Payment,Delhi,9,iOS,0
13872.26,Bill Payment,Mumbai,19,Android,0
19373.36,Bill Payment,Bangalore,10,iOS,0
27006.78,Bill Payment,Hyderabad,9,iOS,0
36196.77,Bill Payment,Kolkata,19,iOS,0
2330.74,Merchant Payment,Delhi,14,Android,0
28975.69,Send Money,Hyderabad,3,iOS,1
15036.78,Bill Payment,Chennai,10,Android,0
10989.62,Merchant Payment,Hyderabad,0,iOS,0
5111.27,Bill Payment,Kolkata,5,Android,0
35791.47,Merchant Payment,Hyderabad,16,Android,0
26796.65,Send Money,Kolkata,12,iOS,0
27186.15,Merchant Payment,Chennai,19,iOS,0
43995.77,Bill Payment,Bangalore,8,Android,0
42976.46,Send Money,Hyderabad,13,iOS,0
3206.62,Send Money,Mumbai,2,iOS,0
29097.38,Merchant Payment,Delhi,16,Android,0
27059.61,Merchant Payment,Hyderabad,3,iOS,0
9994.18,Bill Payment,Delhi,10,iOS,0
38536.21,Send Money,Bangalore,1,Android,0
25633.6,Send Money,Chennai,18,Android,0
44148.87,Send Money,Bangalore,17,Android,0
36742.09,Bill Payment,Delhi,16,iOS,0
20449.99,Bill Payment,Bangalore,18,Android,0
15011.01,Send Money,Kolkata,3,Android,0
19808.87,Merchant Payment,Kolkata,18,Android,0
16045.52,Send Money,Bangalore,3,Android,0
10038.75,Send Money,Delhi,1,Android,0
7816.34,Send Money,Delhi,11,iOS,0
26392.17,Send Money,Delhi,19,Android,0
17031.34,Merchant Payment,Delhi,5,Android,0
37520.33,Send Money,Mumbai,15,Android,0
23250.97,Merchant Payment,Mumbai,4,iOS,0
13651.76,Send Money,Bangalore,14,Android,0
15811.47,Send Money,Kolkata,14,iOS,0
5278.31,Bill Payment,Hyderabad,12,Android,0
10751.09,Bill Payment,Chennai,7,Android,0
47499.71,Send Money,Mumbai,9,Android,0
44783.41,Bill Payment,Delhi,8,iOS,0
33227.87,Bill Payment,Mumbai,13,iOS,0
25029.13,Merchant Payment,Bangalore,19,iOS,0
36037.35,Send Money,Chennai,4,iOS,1
40484.13,Send Money,Kolkata,19,Android,0
43568.86,Merchant Payment,Hyderabad,6,iOS,0
48518.5,Send Money,Bangalore,4,Android,0
30282.79,Send Money,Mumbai,23,Android,0
10020.74,Merchant Payment,Hyderabad,8,iOS,0
2128.79,Merchant Payment,Hyderabad,13,Android,0
38993.62,Merchant Payment,Bangalore,18,Android,0
38378.11,Merchant Payment,Mumbai,14,iOS,0
26341.53,Merchant Payment,Mumbai,14,iOS,0
36950.55,Bill Payment,Delhi,21,iOS,0
37251.82,Send Money,Hyderabad,14,Android,0
5566.42,Merchant Payment,Kolkata,15,iOS,0
18946.88,Bill Payment,Chennai,4,iOS,0
42024.9,Send Money,Bangalore,23,iOS,1
35248.5,Send Money,Hyderabad,8,Android,0
19953.8,Bill Payment,Hyderabad,4,iOS,0
42537.4,Bill Payment,Kolkata,19,iOS,0
25504.79,Merchant Payment,Delhi,19,Android,0
7900.89,Send Money,Mumbai,1,Android,0
41710.39,Send Money,Kolkata,21,iOS,0
34449.03,Send Money,Mumbai,11,iOS,0
29602.07,Merchant Payment,Chennai,14,Android,0
24771.21,Merchant Payment,Hyderabad,21,Android,0
43060.68,Send Money,Kolkata,14,iOS,0
34450.83,Merchant Payment,Delhi,6,iOS,0
23484.79,Bill Payment,Bangalore,1,iOS,0
21770.31,Send Money,Hyderabad,22,iOS,0
36771.01,Merchant Payment,Delhi,20,Android,0
432.33,Bill Payment,Chennai,14,Android,0
5831.82,Merchant Payment,Kolkata,7,Android,0
42880.53,Merchant Payment,Delhi,21,iOS,0
25276.02,Bill Payment,Delhi,5,iOS,0
12352.82,Merchant Payment,Mumbai,14,Android,0
8606.66,Merchant Payment,Hyderabad,22,Android,0
30837.17,Bill Payment,Delhi,5,iOS,0
247.15,Send Money,Kolkata,0,Android,0
37214.32,Merchant Payment,Mumbai,2,Android,1
30743.75,Send Money,Delhi,13,iOS,0
37629.41,Merchant Payment,Hyderabad,23,iOS,0
6454.08,Merchant Payment,Hyderabad,20,Android,0
39931.47,Send Money,Chennai,22,iOS,0
25682.93,Merchant Payment,Chennai,12,iOS,0
12491.4,Send Money,Delhi,17,iOS,0
5234.33,Bill Payment,Chennai,5,Android,0
21492.44,Bill Payment,Kolkata,14,Android,0
14310.4,Bill Payment,Kolkata,1,iOS,0
34201.49,Bill Payment,Mumbai,7,iOS,0
24432.37,Send Money,Hyderabad,6,iOS,0
10977.59,Send Money,Chennai,11,iOS,0
16593.99,Merchant Payment,Hyderabad,1,iOS,1
34305.22,Merchant Payment,Chennai,3,iOS,0
27560.03,Merchant Payment,Hyderabad,18,iOS,0
22819.21,Merchant Payment,Chennai,3,iOS,0
48179.5,Bill Payment,Kolkata,18,Android,0
22857.4,Send Money,Bangalore,13,Android,0
49762.32,Bill Payment,Kolkata,9,Android,0
27390.87,Bill Payment,Kolkata,6,iOS,0
49736.08,Bill Payment,Chennai,8,Android,0
5821.35,Bill Payment,Chennai,6,Android,0
5515.3,Bill Payment,Mumbai,3,Android,0
3762.76,Send Money,Mumbai,1,iOS,0
7430.38,Bill Payment,Delhi,11,Android,0
37553.12,Bill Payment,Hyderabad,8,Android,0
26112.42,Merchant Payment,Hyderabad,16,iOS,0
48077.27,Merchant Payment,Chennai,22,Android,0
1057.33,Send Money,Mumbai,23,iOS,0
35322.41,Send Money,Delhi,12,iOS,1
7093.9,Send Money,Bangalore,14,iOS,0
33394.69,Merchant Payment,Kolkata,0,Android,0
8050.77,Bill Payment,Kolkata,6,iOS,0
34969.68,Bill Payment,Kolkata,21,iOS,0
3064.54,Merchant Payment,Kolkata,21,iOS,0
8706.82,Bill Payment,Kolkata,10,iOS,0
38114.22,Bill Payment,Chennai,4,iOS,0
3698.23,Merchant Payment,Kolkata,16,iOS,0
16307.57,Bill Payment,Chennai,15,iOS,0
48814.23,Merchant Payment,Mumbai,8,Android,0
2408.22,Bill Payment,Mumbai,7,iOS,0
37025.85,Bill Payment,Delhi,22,iOS,0
445.48,Send Money,Mumbai,14,Android,0
42628.42,Send Money,Kolkata,2,Android,1
25125.44,Bill Payment,Hyderabad,7,Android,0
40443.81,Merchant Payment,Delhi,11,iOS,0
356.95,Bill Payment,Hyderabad,1,iOS,0
15460.43,Merchant Payment,Kolkata,16,Android,0
28571.34,Bill Payment,Hyderabad,1,iOS,0
14437.87,Merchant Payment,Kolkata,3,iOS,0
28490.57,Merchant Payment,Kolkata,13,Android,0
33139.94,Send Money,Chennai,22,Android,0
5735.75,Bill Payment,Delhi,15,iOS,0
8872.79,Merchant Payment,Delhi,6,Android,0
14373.69,Merchant Payment,Delhi,1,iOS,0
12955.88,Send Money,Chennai,7,Android,0
16407.77,Send Money,Chennai,9,Android,0
48389.54,Bill Payment,Bangalore,0,Android,0
974.08,Merchant Payment,Delhi,2,iOS,0
10021.05,Send Money,Hyderabad,20,iOS,0
46446.55,Merchant Payment,Kolkata,0,Android,0
40151.46,Bill Payment,Delhi,7,iOS,0
45388.75,Send Money,Delhi,9,iOS,0
2887.21,Bill Payment,Hyderabad,23,iOS,0
26423.71,Bill Payment,Bangalore,20,Android,0
17771.46,Bill Payment,Delhi,14,Android,0
5287.7,Merchant Payment,Delhi,18,Android,0
19073.55,Merchant Payment,Delhi,11,iOS,0
36285.48,Merchant Payment,Bangalore,10,iOS,0
3107.72,Send Money,Delhi,6,iOS,0
11339.95,Send Money,Bangalore,2,iOS,0
41977.08,Send Money,Chennai,1,Android,0
9141.15,Bill Payment,Mumbai,0,Android,0
11479.14,Send Money,Delhi,5,Android,0
24457.21,Send Money,Chennai,9,Android,0
19653.03,Merchant Payment,Mumbai,23,iOS,0
368.38,Merchant Payment,Chennai,0,Android,0
27925.03,Merchant Payment,Kolkata,3,Android,0
11715.32,Send Money,Hyderabad,4,iOS,0
26096.64,Merchant Payment,Chennai,5,iOS,0
16403.53,Send Money,Bangalore,20,iOS,0
41187.59,Merchant Payment,Bangalore,14,iOS,0
20051.96,Merchant Payment,Bangalore,4,Android,1
17722.15,Merchant Payment,Hyderabad,12,Android,0
23972.51,Merchant Payment,Hyderabad,0,Android,0
24046.74,Bill Payment,Mumbai,12,Android,0
25839.52,Send Money,Kolkata,19,iOS,0
31323.66,Bill Payment,Chennai,6,Android,0
27370.83,Merchant Payment,Bangalore,14,Android,0
48090.65,Send Money,Mumbai,4,Android,0
8404.88,Merchant Payment,Bangalore,12,Android,0
19271.22,Bill Payment,Delhi,4,Android,0
16428.59,Send Money,Delhi,2,iOS,0
10578.63,Merchant Payment,Hyderabad,12,Android,0
48571.59,Bill Payment,Bangalore,21,iOS,0
14135.72,Merchant Payment,Delhi,3,Android,0
23548.95,Bill Payment,Chennai,8,iOS,0
19844.63,Merchant Payment,Chennai,6,Android,0
46515.36,Bill Payment,Bangalore,17,Android,0
4875.18,Send Money,Delhi,20,Android,0
17615.99,Send Money,Kolkata,7,Android,0
25515.9,Send Money,Chennai,23,Android,0
44919.02,Merchant Payment,Delhi,2,iOS,0
34921.45,Bill Payment,Bangalore,12,iOS,0
20880.19,Merchant Payment,Chennai,13,iOS,0
20104.79,Bill Payment,Mumbai,15,iOS,0
45477.32,Send Money,Bangalore,17,Android,0
45280.35,Merchant Payment,Chennai,13,Android,0
17380.18,Send Money,Delhi,21,iOS,0
8418.26,Bill Payment,Bangalore,14,iOS,0
5190.79,Merchant Payment,Delhi,6,iOS,0
36799.31,Send Money,Delhi,11,Android,0
26047.56,Send Money,Chennai,9,iOS,0
2349.48,Merchant Payment,Delhi,1,Android,0
15188.28,Merchant Payment,Bangalore,22,Android,0
43202.8,Merchant Payment,Chennai,8,Android,0
45960.09,Merchant Payment,Delhi,21,iOS,0
43234.5,Merchant Payment,Kolkata,21,Android,0
12586.47,Bill Payment,Hyderabad,2,Android,0
30692.54,Bill Payment,Kolkata,9,iOS,0
34858.2,Merchant Payment,Delhi,19,Android,1
16318.14,Send Money,Bangalore,21,iOS,0
42864.27,Send Money,Bangalore,11,iOS,0
46404.36,Merchant Payment,Chennai,10,Android,0
27060.97,Send Money,Mumbai,1,Android,0
25946.06,Bill Payment,Kolkata,9,Android,0
3275.8,Merchant Payment,Kolkata,11,Android,0
44811.25,Send Money,Delhi,8,Android,0
29729.97,Send Money,Hyderabad,21,iOS,0
48187.61,Merchant Payment,Chennai,7,Android,0
5185.94,Send Money,Kolkata,9,Android,0
35045.69,Merchant Payment,Delhi,22,iOS,0
12532.72,Bill Payment,Bangalore,17,iOS,0
38116.62,Send Money,Hyderabad,4,Android,1
25654.47,Send Money,Chennai,19,Android,0
31755.28,Send Money,Kolkata,4,iOS,0
36979.96,Merchant Payment,Bangalore,14,Android,0
26061.43,Send Money,Delhi,7,Android,0
32182.24,Merchant Payment,Chennai,21,Android,0
33354.94,Merchant Payment,Chennai,8,Android,0
14217.74,Bill Payment,Kolkata,12,Android,0
6002.2,Bill Payment,Delhi,5,Android,0
32570.59,Merchant Payment,Mumbai,21,iOS,0
13336.8,Send Money,Chennai,17,iOS,0
27425.2,Send Money,Kolkata,23,Android,0
23941.68,Merchant Payment,Chennai,18,iOS,0
21600.54,Bill Payment,Hyderabad,6,iOS,0
3576.26,Bill Payment,Delhi,19,iOS,0
12870.4,Bill Payment,Delhi,2,iOS,0
32059.7,Send Money,Chennai,21,Android,0
32180.52,Merchant Payment,Kolkata,18,Android,0
25288.61,Bill Payment,Mumbai,18,Android,0
48101.22,Bill Payment,Kolkata,20,Android,0
7051.79,Merchant Payment,Delhi,4,iOS,0
14164.44,Merchant Payment,Delhi,20,Android,0
18932.09,Merchant Payment,Kolkata,1,iOS,0
29360.88,Send Money,Bangalore,0,Android,1
2938.72,Merchant Payment,Mumbai,2,iOS,0
755.54,Bill Payment,Delhi,19,iOS,0
39801.74,Merchant Payment,Mumbai,21,iOS,0
46938.34,Bill Payment,Mumbai,15,iOS,0
2157.13,Merchant Payment,Kolkata,5,Android,1
39755.3,Merchant Payment,Bangalore,3,iOS,0
39924.69,Merchant Payment,Bangalore,21,Android,0
27407.71,Send Money,Chennai,20,Android,0
31715.81,Bill Payment,Delhi,1,Android,0
14188.43,Merchant Payment,Hyderabad,14,Android,0
31740.68,Merchant Payment,Kolkata,13,Android,0
25537.68,Merchant Payment,Delhi,7,iOS,0
23416.6,Merchant Payment,Hyderabad,7,Android,0
11847.61,Merchant Payment,Kolkata,21,Android,0
10153.52,Bill Payment,Hyderabad,11,Android,0
39485.5,Bill Payment,Chennai,7,iOS,0
49115.45,Send Money,Delhi,1,Android,0
27627.07,Bill Payment,Mumbai,18,Android,0
23215.64,Merchant Payment,Hyderabad,3,iOS,0
36263.63,Send Money,Hyderabad,20,iOS,0
40077.0,Send Money,Kolkata,18,Android,1
24456.28,Merchant Payment,Bangalore,18,Android,0
40931.35,Bill Payment,Mumbai,18,Android,0
46873.03,Send Money,Chennai,3,Android,1
6563.99,Bill Payment,Delhi,0,iOS,0
20194.19,Bill Payment,Hyderabad,17,Android,0
25426.34,Send Money,Chennai,4,Android,0
21375.41,Merchant Payment,Delhi,6,Android,0
35503.82,Merchant Payment,Kolkata,11,Android,0
7267.41,Bill Payment,Hyderabad,1,Android,0
6777.98,Bill Payment,Chennai,3,Android,0
37416.38,Merchant Payment,Kolkata,13,Android,0
29233.72,Merchant Payment,Hyderabad,3,iOS,0
49050.09,Merchant Payment,Chennai,2,Android,0
23930.73,Send Money,Chennai,0,Android,1
41464.28,Merchant Payment,Hyderabad,1,Android,0
25927.71,Merchant Payment,Mumbai,6,iOS,0
9112.24,Merchant Payment,Chennai,1,Android,0
1033.15,Bill Payment,Mumbai,16,Android,0
9220.53,Bill Payment,Chennai,17,Android,0
24726.47,Bill Payment,Kolkata,20,iOS,0
45158.9,Bill Payment,Mumbai,5,iOS,0
26735.7,Bill Payment,Delhi,14,Android,0
46743.21,Merchant Payment,Bangalore,10,Android,0
13925.78,Send Money,Bangalore,15,Android,0
37745.1,Bill Payment,Mumbai,4,Android,0
32093.02,Bill Payment,Mumbai,18,iOS,0
25788.2,Bill Payment,Hyderabad,13,Android,0
49954.76,Bill Payment,Bangalore,15,iOS,0
35164.81,Merchant Payment,Hyderabad,22,iOS,0
35680.44,Bill Payment,Delhi,0,iOS,0
14936.56,Merchant Payment,Chennai,3,iOS,0
23267.74,Bill Payment,Chennai,1,iOS,0
43008.22,Send Money,Chennai,2,iOS,1
46592.64,Merchant Payment,Kolkata,3,iOS,0
939.78,Bill Payment,Kolkata,15,Android,0
5572.46,Send Money,Delhi,19,iOS,0
4282.19,Merchant Payment,Chennai,16,iOS,0
36237.69,Send Money,Bangalore,0,iOS,0
9707.57,Send Money,Chennai,8,Android,0
27736.12,Bill Payment,Hyderabad,8,Android,0
2710.87,Merchant Payment,Delhi,1,iOS,0
38238.97,Merchant Payment,Chennai,5,iOS,0
4974.76,Bill Payment,Bangalore,14,iOS,0
48802.83,Send Money,Kolkata,0,Android,0
4655.44,Merchant Payment,Mumbai,8,Android,0
1032.76,Merchant Payment,Bangalore,22,iOS,0
44618.98,Merchant Payment,Delhi,16,iOS,0
12483.08,Bill Payment,Mumbai,15,iOS,0
36938.89,Merchant Payment,Bangalore,7,iOS,0
40965.86,Send Money,Chennai,10,iOS,0
5562.13,Bill Payment,Delhi,23,Android,0
36244.46,Bill Payment,Delhi,8,Android,0
22660.2,Bill Payment,Chennai,1,Android,0
38798.79,Bill Payment,Mumbai,13,iOS,0
14985.78,Send Money,Bangalore,0,Android,0
20011.01,Send Money,Mumbai,1,Android,0
3341.43,Merchant Payment,Bangalore,12,Android,0
4247.32,Merchant Payment,Chennai,10,iOS,0
19891.8,Merchant Payment,Kolkata,2,Android,0
38979.56,Merchant Payment,Chennai,21,Android,0
27556.94,Send Money,Bangalore,18,iOS,0
36271.75,Bill Payment,Mumbai,4,Android,0
31262.88,Merchant Payment,Hyderabad,11,Android,0
23825.18,Send Money,Hyderabad,14,Android,0
16882.54,Merchant Payment,Hyderabad,13,iOS,0
24015.09,Merchant Payment,Kolkata,12,iOS,0
48365.29,Merchant Payment,Mumbai,4,Android,0
38176.22,Bill Payment,Kolkata,22,Android,0
17560.21,Merchant Payment,Mumbai,10,iOS,0
35788.18,Bill Payment,Delhi,16,Android,1
32421.09,Bill Payment,Chennai,3,Android,0
32086.82,Merchant Payment,Kolkata,4,Android,0
6899.17,Send Money,Bangalore,7,Android,0
42979.75,Merchant Payment,Kolkata,17,Android,0
3595.69,Send Money,Kolkata,15,Android,0
31966.82,Bill Payment,Kolkata,14,iOS,0
34662.86,Bill Payment,Kolkata,17,iOS,0
40589.04,Merchant Payment,Hyderabad,19,iOS,0
5560.98,Merchant Payment,Bangalore,18,iOS,0
11321.2,Bill Payment,Chennai,7,iOS,0
22178.1,Bill Payment,Chennai,14,iOS,0
47949.75,Bill Payment,Kolkata,10,iOS,0
4078.2,Send Money,Chennai,20,Android,0
20257.24,Merchant Payment,Kolkata,10,Android,0
34917.5,Send Money,Hyderabad,16,Android,0
32619.86,Merchant Payment,Kolkata,14,Android,0
41264.65,Merchant Payment,Chennai,15,iOS,0
34856.42,Send Money,Kolkata,15,Android,0
38139.81,Send Money,Hyderabad,22,iOS,0
37071.96,Bill Payment,Chennai,20,iOS,0
7755.85,Bill Payment,Delhi,1,Android,0
2718.46,Bill Payment,Delhi,16,iOS,0
42047.88,Send Money,Chennai,3,iOS,0
13469.69,Bill Payment,Delhi,5,iOS,0
28796.49,Bill Payment,Bangalore,11,Android,0
49792.52,Send Money,Bangalore,4,Android,0
20259.76,Merchant Payment,Bangalore,16,iOS,0
29617.59,Bill Payment,Mumbai,14,Android,0
17246.09,Merchant Payment,Chennai,21,Android,0
16326.01,Bill Payment,Hyderabad,8,Android,0
14355.8,Bill Payment,Bangalore,5,iOS,0
39949.37,Send Money,Kolkata,20,iOS,0
21900.67,Send Money,Hyderabad,20,iOS,0
35171.95,Bill Payment,Hyderabad,6,Android,1
11106.75,Merchant Payment,Bangalore,23,iOS,0
22080.09,Merchant Payment,Chennai,11,iOS,0
17628.46,Bill Payment,Bangalore,5,iOS,0
26983.42,Send Money,Chennai,16,iOS,0
12761.75,Merchant Payment,Kolkata,17,iOS,0
39170.93,Bill Payment,Delhi,2,Android,0
32005.96,Bill Payment,Bangalore,11,Android,0
42271.88,Send Money,Chennai,7,iOS,0
22084.14,Merchant Payment,Chennai,8,iOS,0
6583.36,Send Money,Hyderabad,3,Android,0
36100.61,Bill Payment,Chennai,8,iOS,0
1365.47,Merchant Payment,Kolkata,17,Android,0
30579.52,Bill Payment,Kolkata,1,iOS,0
38971.32,Send Money,Bangalore,4,Android,1
20023.48,Merchant Payment,Bangalore,10,Android,0
2215.86,Bill Payment,Chennai,19,iOS,0
46306.48,Bill Payment,Delhi,23,Android,0
16353.63,Send Money,Chennai,12,iOS,0
3413.07,Bill Payment,Hyderabad,21,iOS,0
29672.3,Bill Payment,Chennai,22,Android,0
14796.47,Merchant Payment,Hyderabad,16,Android,0
40146.08,Send Money,Hyderabad,3,iOS,0
1552.12,Merchant Payment,Chennai,13,Android,0
18851.88,Send Money,Mumbai,7,Android,0
20172.64,Send Money,Kolkata,17,iOS,0
3176.9,Send Money,Chennai,4,iOS,0
34378.81,Merchant Payment,Hyderabad,10,iOS,1
5203.49,Merchant Payment,Chennai,14,Android,0
38115.91,Bill Payment,Hyderabad,5,Android,0
35473.08,Send Money,Mumbai,23,Android,1
20038.38,Bill Payment,Kolkata,3,Android,0
9718.25,Merchant Payment,Kolkata,0,Android,0
19809.02,Merchant Payment,Mumbai,23,iOS,0
20444.98,Bill Payment,Kolkata,13,Android,0
8809.44,Merchant Payment,Kolkata,4,Android,0
49178.28,Merchant Payment,Mumbai,17,Android,0
36456.97,Send Money,Kolkata,4,iOS,0
33055.27,Merchant Payment,Mumbai,3,iOS,0
26786.52,Send Money,Mumbai,8,iOS,0
13090.88,Send Money,Mumbai,15,iOS,0
27561.35,Bill Payment,Chennai,1,Android,0
3429.44,Bill Payment,Chennai,10,iOS,1
11776.9,Bill Payment,Hyderabad,6,iOS,0
25688.17,Merchant Payment,Hyderabad,12,Android,0
20619.12,Send Money,Kolkata,0,iOS,1
18732.73,Bill Payment,Hyderabad,18,Android,0
9318.4,Send Money,Hyderabad,13,iOS,0
16377.01,Merchant Payment,Bangalore,6,Android,0
27693.77,Bill Payment,Chennai,8,iOS,0
3717.43,Merchant Payment,Kolkata,14,iOS,0
34594.64,Send Money,Bangalore,17,iOS,0
20463.94,Send Money,Mumbai,9,Android,1
34246.11,Bill Payment,Chennai,2,Android,0
39221.38,Bill Payment,Kolkata,2,Android,1
14160.83,Bill Payment,Chennai,21,Android,0
31355.35,Bill Payment,Bangalore,0,Android,0
44137.61,Send Money,Chennai,19,iOS,0
1166.39,Send Money,Kolkata,7,iOS,0
36542.34,Merchant Payment,Kolkata,16,Android,0
41804.87,Bill Payment,Mumbai,22,Android,0
30747.38,Send Money,Bangalore,1,Android,0
10440.89,Merchant Payment,Mumbai,5,Android,0
28463.24,Bill Payment,Bangalore,0,Android,0
22452.25,Send Money,Mumbai,9,Android,0
47961.43,Merchant Payment,Bangalore,20,Android,0
8366.57,Bill Payment,Hyderabad,16,iOS,0
29963.05,Send Money,Chennai,22,iOS,0
9495.25,Send Money,Chennai,8,iOS,0
39605.29,Merchant Payment,Kolkata,5,Android,0
7308.1,Send Money,Delhi,6,Android,0
30719.01,Send Money,Hyderabad,10,Android,1
24487.14,Send Money,Kolkata,12,Android,0
11890.01,Merchant Payment,Bangalore,6,iOS,0
16595.09,Merchant Payment,Delhi,5,Android,0
47780.54,Bill Payment,Delhi,14,iOS,0
4739.57,Merchant Payment,Chennai,1,Android,0
38742.82,Bill Payment,Mumbai,15,iOS,0
22217.01,Merchant Payment,Mumbai,3,iOS,0
18681.16,Merchant Payment,Kolkata,18,iOS,0
13842.9,Merchant Payment,Kolkata,15,iOS,0
27468.13,Bill Payment,Hyderabad,20,iOS,0
10670.37,Bill Payment,Mumbai,22,iOS,0
43753.63,Merchant Payment,Delhi,19,iOS,0
3842.6,Send Money,Hyderabad,18,Android,0
23317.55,Merchant Payment,Chennai,9,Android,0
47533.77,Send Money,Bangalore,5,iOS,1
41381.54,Send Money,Delhi,21,Android,0
431.68,Merchant Payment,Mumbai,18,iOS,0
25678.35,Send Money,Mumbai,14,iOS,0
45034.39,Bill Payment,Chennai,11,Android,0
10768.84,Bill Payment,Bangalore,20,Android,0
11792.8,Merchant Payment,Mumbai,9,Android,0
16232.23,Merchant Payment,Bangalore,12,iOS,0
35700.91,Bill Payment,Kolkata,8,Android,0
45705.51,Merchant Payment,Hyderabad,18,Android,0
34542.8,Send Money,Chennai,3,Android,0
46003.9,Merchant Payment,Kolkata,18,iOS,0
24989.88,Bill Payment,Kolkata,4,Android,0
42344.96,Send Money,Bangalore,1,Android,1
44745.04,Send Money,Hyderabad,19,Android,0
26965.39,Merchant Payment,Delhi,10,iOS,0
31074.3,Bill Payment,Hyderabad,2,iOS,0
17200.33,Bill Payment,Mumbai,8,iOS,0
16722.44,Bill Payment,Mumbai,8,iOS,0
6464.35,Send Money,Kolkata,5,Android,0
26792.58,Send Money,Mumbai,12,iOS,0
28313.88,Bill Payment,Mumbai,8,Android,0
47537.81,Send Money,Hyderabad,19,Android,0
28265.25,Merchant Payment,Mumbai,13,Android,0
1662.66,Merchant Payment,Kolkata,21,Android,0
43204.18,Send Money,Kolkata,15,Android,0
4636.98,Merchant Payment,Mumbai,22,iOS,0
2153.63,Bill Payment,Bangalore,8,Android,0
20263.31,Merchant Payment,Kolkata,7,Android,0
1783.09,Merchant Payment,Kolkata,8,Android,0
37359.86,Send Money,Hyderabad,23,Android,1
26700.75,Bill Payment,Chennai,10,iOS,0
16714.07,Bill Payment,Hyderabad,3,iOS,0
29330.38,Bill Payment,Chennai,16,iOS,0
43597.33,Merchant Payment,Delhi,0,Android,0
24276.39,Merchant Payment,Delhi,13,Android,0
7164.95,Bill Payment,Mumbai,8,Android,0
30061.03,Bill Payment,Hyderabad,18,Android,0
33026.57,Merchant Payment,Bangalore,15,iOS,0
41395.2,Bill Payment,Hyderabad,13,iOS,0
46480.34,Merchant Payment,Chennai,21,iOS,0
32798.64,Bill Payment,Mumbai,12,Android,0
9047.18,Merchant Payment,Hyderabad,2,iOS,0
9931.62,Bill Payment,Bangalore,3,iOS,0
47936.59,Send Money,Mumbai,8,Android,0
9412.14,Merchant Payment,Chennai,16,iOS,0
16245.21,Bill Payment,Delhi,18,iOS,0
26342.01,Merchant Payment,Chennai,19,iOS,0
9177.65,Merchant Payment,Bangalore,14,iOS,0
45350.55,Bill Payment,Mumbai,6,iOS,0
18658.86,Merchant Payment,Delhi,10,Android,0
28513.82,Bill Payment,Mumbai,11,iOS,0
42323.51,Bill Payment,Kolkata,2,Android,1
31651.56,Merchant Payment,Bangalore,23,iOS,0
7997.0,Merchant Payment,Hyderabad,12,iOS,0
16768.61,Bill Payment,Mumbai,15,iOS,0
18440.8,Bill Payment,Mumbai,3,iOS,0
46751.99,Bill Payment,Kolkata,17,Android,0
23358.1,Send Money,Delhi,8,Android,0
27934.54,Send Money,Chennai,2,Android,1
13821.62,Merchant Payment,Delhi,20,Android,0
44801.44,Merchant Payment,Bangalore,20,Android,0
9779.63,Send Money,Mumbai,22,iOS,0
9772.24,Merchant Payment,Bangalore,12,Android,0
31102.78,Bill Payment,Kolkata,16,iOS,0
20953.37,Merchant Payment,Chennai,4,Android,0
17403.74,Send Money,Hyderabad,13,iOS,0
43911.57,Send Money,Delhi,10,iOS,0
17492.79,Send Money,Mumbai,3,iOS,1
34567.58,Bill Payment,Bangalore,7,iOS,0
36492.94,Merchant Payment,Delhi,7,iOS,0
31761.35,Merchant Payment,Hyderabad,15,iOS,0
5468.98,Send Money,Delhi,20,Android,0
14021.97,Merchant Payment,Chennai,9,iOS,0
49275.29,Merchant Payment,Hyderabad,2,iOS,0
3541.06,Send Money,Hyderabad,4,Android,0
22464.35,Bill Payment,Bangalore,18,Android,0
45071.64,Merchant Payment,Mumbai,7,iOS,0
24439.88,Merchant Payment,Kolkata,10,Android,0
29603.49,Bill Payment,Hyderabad,9,iOS,0
18413.83,Bill Payment,Mumbai,20,Android,0
1651.28,Send Money,Hyderabad,21,Android,0
22582.19,Send Money,Kolkata,23,Android,0
40118.34,Send Money,Bangalore,5,Android,0
41321.72,Merchant Payment,Mumbai,6,iOS,0
31950.03,Bill Payment,Bangalore,15,Android,0
25953.35,Send Money,Delhi,0,iOS,0
16206.44,Bill Payment,Delhi,1,Android,0
3834.5,Bill Payment,Delhi,11,iOS,0
14064.65,Bill Payment,Hyderabad,19,Android,0
31812.43,Send Money,Bangalore,0,iOS,0
35663.57,Send Money,Delhi,10,iOS,0
48330.75,Bill Payment,Mumbai,17,iOS,0
17818.07,Bill Payment,Mumbai,7,Android,0
13920.85,Bill Payment,Mumbai,3,Android,0
21184.49,Merchant Payment,Mumbai,15,iOS,0
29178.96,Bill Payment,Bangalore,16,Android,0
19969.99,Bill Payment,Hyderabad,14,iOS,0
35825.15,Merchant Payment,Delhi,14,iOS,0
41929.51,Send Money,Delhi,20,iOS,0
5339.14,Send Money,Chennai,17,iOS,0
20759.67,Send Money,Delhi,0,iOS,0
13722.18,Send Money,Mumbai,21,iOS,0
31965.84,Bill Payment,Hyderabad,20,Android,0
21148.05,Send Money,Kolkata,14,iOS,0
12566.35,Merchant Payment,Delhi,18,iOS,0
41453.65,Bill Payment,Delhi,3,Android,1
22578.12,Merchant Payment,Kolkata,2,iOS,0
18877.98,Send Money,Mumbai,5,iOS,0
8678.73,Bill Payment,Chennai,6,iOS,0
18422.79,Bill Payment,Delhi,21,Android,0
24332.62,Merchant Payment,Delhi,23,iOS,0
22281.17,Merchant Payment,Kolkata,5,iOS,0
7323.18,Merchant Payment,Bangalore,1,iOS,0
6324.87,Send Money,Kolkata,17,iOS,0
44064.53,Merchant Payment,Delhi,16,iOS,1
9877.39,Merchant Payment,Chennai,7,Android,0
9399.84,Merchant Payment,Kolkata,0,iOS,0
37776.07,Send Money,Chennai,3,iOS,0
26550.16,Merchant Payment,Hyderabad,23,Android,0
37012.86,Merchant Payment,Mumbai,6,Android,0
10210.66,Bill Payment,Delhi,7,Android,0
13149.58,Merchant Payment,Delhi,7,iOS,0
49103.31,Send Money,Kolkata,19,iOS,0
5079.53,Merchant Payment,Chennai,18,Android,0
3382.5,Merchant Payment,Kolkata,1,Android,0
6183.62,Bill Payment,Kolkata,6,iOS,0
21037.2,Send Money,Kolkata,15,Android,0
14118.39,Send Money,Hyderabad,7,iOS,0
44669.76,Merchant Payment,Kolkata,13,iOS,0
8102.67,Bill Payment,Mumbai,1,iOS,0
28658.91,Merchant Payment,Mumbai,23,Android,0
29100.73,Merchant Payment,Bangalore,5,Android,0
49701.43,Bill Payment,Kolkata,3,Android,0
6838.44,Send Money,Mumbai,16,iOS,0
37664.15,Send Money,Mumbai,0,iOS,0
5439.8,Merchant Payment,Bangalore,16,Android,0
41486.83,Bill Payment,Delhi,12,iOS,0
46453.57,Bill Payment,Bangalore,4,Android,0
7608.49,Merchant Payment,Delhi,15,Android,0
19901.35,Bill Payment,Bangalore,15,iOS,0
2504.23,Send Money,Kolkata,10,iOS,0
49604.39,Bill Payment,Delhi,15,Android,0
10369.43,Bill Payment,Kolkata,18,iOS,0
3997.91,Merchant Payment,Bangalore,22,iOS,0
32706.8,Merchant Payment,Delhi,9,iOS,0
38419.86,Merchant Payment,Delhi,6,Android,0
15232.93,Merchant Payment,Hyderabad,23,Android,0
14638.09,Bill Payment,Kolkata,17,Android,0
37431.03,Merchant Payment,Delhi,4,Android,0
13736.17,Send Money,Delhi,0,iOS,0
12706.64,Merchant Payment,Chennai,5,iOS,0
11369.9,Send Money,Bangalore,10,iOS,0
35399.17,Bill Payment,Bangalore,19,iOS,0
21189.29,Send Money,Chennai,2,Android,0
36957.35,Merchant Payment,Mumbai,22,iOS,0
19702.68,Merchant Payment,Hyderabad,21,iOS,0
21494.01,Merchant Payment,Kolkata,12,iOS,0
29619.41,Bill Payment,Delhi,1,iOS,0
17925.46,Send Money,Hyderabad,16,Android,0
31596.12,Bill Payment,Delhi,16,Android,0
10283.75,Bill Payment,Mumbai,4,iOS,0
26105.38,Send Money,Mumbai,17,Android,0
21955.46,Merchant Payment,Kolkata,23,Android,0
98.75,Merchant Payment,Kolkata,23,Android,0
14397.93,Merchant Payment,Chennai,19,Android,0
30583.23,Merchant Payment,Delhi,16,iOS,1
9861.17,Merchant Payment,Bangalore,2,Android,0
13296.8,Bill Payment,Bangalore,12,Android,0
21970.05,Merchant Payment,Chennai,14,iOS,1
1137.23,Send Money,Delhi,23,Android,0
31348.24,Send Money,Mumbai,4,iOS,0
26821.0,Send Money,Delhi,19,iOS,0
26315.71,Merchant Payment,Delhi,9,Android,0
31805.35,Bill Payment,Bangalore,16,iOS,0
46302.57,Send Money,Bangalore,9,Android,0
11493.49,Bill Payment,Delhi,4,iOS,0
9074.34,Send Money,Mumbai,13,Android,0
1661.71,Merchant Payment,Hyderabad,21,Android,0
41482.75,Bill Payment,Hyderabad,2,iOS,1
49101.31,Send Money,Mumbai,20,iOS,1
24193.47,Send Money,Hyderabad,16,Android,0
3979.58,Merchant Payment,Bangalore,16,iOS,0
24583.75,Bill Payment,Chennai,12,Android,0
49885.74,Send Money,Bangalore,5,Android,1
23067.24,Send Money,Mumbai,15,iOS,0
34496.11,Bill Payment,Kolkata,6,iOS,0
48484.07,Bill Payment,Kolkata,3,iOS,0
15502.51,Merchant Payment,Bangalore,10,Android,0
27064.12,Bill Payment,Delhi,19,iOS,0
8263.68,Merchant Payment,Mumbai,0,Android,0
18392.48,Merchant Payment,Hyderabad,1,iOS,0
14692.02,Bill Payment,Chennai,0,Android,0
20601.95,Merchant Payment,Bangalore,13,Android,0
6089.88,Send Money,Delhi,7,iOS,0
15553.29,Bill Payment,Mumbai,19,iOS,0
22297.01,Bill Payment,Chennai,6,Android,0
42285.98,Bill Payment,Delhi,14,iOS,0
18813.83,Bill Payment,Hyderabad,18,Android,0
13683.85,Bill Payment,Mumbai,19,Android,0
18797.32,Send Money,Bangalore,20,Android,0
39985.05,Send Money,Hyderabad,16,iOS,0
36502.29,Send Money,Hyderabad,13,iOS,1
14268.2,Bill Payment,Delhi,6,iOS,0
5244.47,Send Money,Mumbai,21,Android,1
24470.93,Bill Payment,Kolkata,16,Android,0
39541.7,Merchant Payment,Delhi,10,Android,1
49397.78,Bill Payment,Hyderabad,11,Android,0
1926.65,Send Money,Mumbai,13,iOS,0
47222.36,Bill Payment,Kolkata,5,iOS,0
1523.59,Merchant Payment,Mumbai,18,iOS,0
27407.91,Merchant Payment,Mumbai,9,Android,0
21785.79,Send Money,Chennai,15,Android,0
20260.61,Merchant Payment,Bangalore,9,Android,0
17771.68,Bill Payment,Bangalore,22,iOS,0
779.29,Merchant Payment,Chennai,19,iOS,0
10041.31,Bill Payment,Mumbai,18,Android,0
31828.81,Merchant Payment,Bangalore,19,Android,0
33059.48,Send Money,Kolkata,20,Android,0
43799.13,Bill Payment,Mumbai,2,iOS,1
47232.53,Send Money,Bangalore,12,iOS,0
14885.97,Merchant Payment,Kolkata,14,Android,0
26379.71,Bill Payment,Mumbai,19,Android,0
47287.12,Send Money,Kolkata,5,iOS,0
20653.03,Send Money,Bangalore,14,Android,1
718.19,Send Money,Chennai,13,Android,0
28275.73,Bill Payment,Mumbai,19,iOS,0
30394.69,Merchant Payment,Mumbai,8,iOS,0
10970.66,Merchant Payment,Kolkata,10,iOS,0
13607.44,Merchant Payment,Kolkata,11,Android,0
27795.75,Send Money,Hyderabad,22,Android,1
34701.66,Send Money,Delhi,11,iOS,0
11410.01,Send Money,Mumbai,6,Android,0
25905.48,Bill Payment,Hyderabad,1,iOS,0
7764.34,Send Money,Kolkata,23,iOS,0
21508.98,Send Money,Chennai,3,Android,0
30487.02,Send Money,Kolkata,15,iOS,0
23288.0,Bill Payment,Delhi,10,iOS,0
5061.9,Merchant Payment,Chennai,13,iOS,0
4262.71,Merchant Payment,Bangalore,14,Android,0
12874.15,Merchant Payment,Hyderabad,6,iOS,0
17612.77,Bill Payment,Bangalore,18,iOS,0
49176.71,Merchant Payment,Chennai,20,iOS,0
45517.13,Send Money,Chennai,22,iOS,0
6325.74,Bill Payment,Bangalore,9,iOS,0
26981.92,Bill Payment,Delhi,23,iOS,0
13951.81,Merchant Payment,Kolkata,15,iOS,0
23410.51,Bill Payment,Bangalore,19,iOS,0
45382.74,Bill Payment,Chennai,16,Android,0
36651.18,Send Money,Delhi,0,iOS,1
36358.86,Send Money,Chennai,13,Android,0
5722.86,Merchant Payment,Bangalore,11,Android,0
903.4,Bill Payment,Chennai,18,Android,0
34488.6,Merchant Payment,Bangalore,19,iOS,0
26529.81,Merchant Payment,Mumbai,17,iOS,0
5630.49,Bill Payment,Bangalore,20,iOS,0
31904.44,Send Money,Delhi,3,Android,1
4540.6,Send Money,Delhi,16,iOS,0
21228.32,Bill Payment,Delhi,3,Android,0
312.72,Merchant Payment,Delhi,18,Android,0
48802.08,Merchant Payment,Hyderabad,19,Android,0
38585.41,Send Money,Hyderabad,15,Android,0
17186.64,Bill Payment,Chennai,16,iOS,0
34675.46,Send Money,Kolkata,0,iOS,0
21869.18,Merchant Payment,Bangalore,19,Android,0
30914.14,Merchant Payment,Delhi,15,iOS,0
20965.1,Bill Payment,Chennai,21,iOS,0
2050.59,Merchant Payment,Bangalore,0,Android,0
23796.9,Send Money,Bangalore,15,Android,0
44355.44,Bill Payment,Bangalore,14,iOS,0
18086.55,Send Money,Delhi,21,iOS,0
20578.8,Send Money,Mumbai,11,Android,0
25840.42,Bill Payment,Mumbai,1,Android,0
9682.19,Merchant Payment,Mumbai,11,Android,0
31433.81,Send Money,Hyderabad,6,iOS,0
17849.81,Bill Payment,Kolkata,9,iOS,0
7778.04,Merchant Payment,Bangalore,13,Android,0
20820.54,Merchant Payment,Hyderabad,7,iOS,0
23820.83,Send Money,Chennai,15,Android,0
5914.48,Merchant Payment,Kolkata,19,Android,0
39217.85,Bill Payment,Chennai,11,iOS,0
33392.82,Merchant Payment,Kolkata,16,Android,0
10243.89,Merchant Payment,Chennai,3,iOS,0
23072.36,Merchant Payment,Hyderabad,23,iOS,0
6093.19,Merchant Payment,Delhi,20,iOS,0
4803.31,Send Money,Delhi,17,Android,0
47341.71,Send Money,Chennai,11,iOS,0
1738.62,Send Money,Delhi,4,Android,0
39041.55,Merchant Payment,Bangalore,0,iOS,1
933.48,Merchant Payment,Kolkata,4,Android,0
436.08,Send Money,Delhi,23,Android,0
7395.2,Send Money,Hyderabad,18,iOS,0
19172.21,Merchant Payment,Delhi,11,Android,0
26338.23,Send Money,Hyderabad,6,iOS,0
9186.69,Send Money,Bangalore,17,iOS,0
42906.39,Merchant Payment,Mumbai,18,iOS,0
48137.15,Bill Payment,Kolkata,13,iOS,0
34626.4,Bill Payment,Bangalore,7,Android,0
49056.38,Merchant Payment,Kolkata,1,Android,0
29476.55,Merchant Payment,Mumbai,20,iOS,0
19501.43,Merchant Payment,Delhi,1,Android,0
3027.51,Bill Payment,Kolkata,7,Android,0
5044.95,Send Money,Bangalore,23,iOS,0
42154.24,Merchant Payment,Mumbai,10,iOS,0
11337.43,Send Money,Mumbai,21,Android,0
47975.6,Send Money,Mumbai,22,Android,0
23985.64,Bill Payment,Chennai,1,iOS,0
41100.62,Bill Payment,Kolkata,21,Android,0
45627.82,Send Money,Hyderabad,16,iOS,0
35812.73,Send Money,Chennai,2,Android,0
4832.9,Bill Payment,Chennai,9,iOS,0
3747.84,Send Money,Mumbai,18,iOS,0
20825.18,Merchant Payment,Mumbai,14,Android,0
47387.43,Bill Payment,Chennai,1,iOS,0
30863.07,Bill Payment,Bangalore,2,iOS,1
22715.95,Send Money,Bangalore,2,iOS,0
16647.68,Bill Payment,Delhi,12,iOS,0
36831.03,Send Money,Delhi,2,iOS,1
17693.75,Send Money,Hyderabad,9,iOS,0
20034.37,Bill Payment,Delhi,23,Android,0
34509.89,Send Money,Delhi,7,iOS,0
45722.72,Merchant Payment,Delhi,14,Android,0
39092.34,Send Money,Bangalore,5,iOS,1
10227.2,Bill Payment,Delhi,21,Android,0
6988.93,Merchant Payment,Delhi,20,iOS,0
46753.3,Merchant Payment,Mumbai,21,iOS,0
29767.61,Merchant Payment,Chennai,22,iOS,0
19563.56,Bill Payment,Chennai,21,iOS,0
11135.33,Bill Payment,Hyderabad,5,iOS,0
42970.02,Bill Payment,Hyderabad,0,Android,1
14272.13,Send Money,Mumbai,4,Android,0
6744.37,Send Money,Bangalore,23,iOS,0
30295.1,Send Money,Mumbai,1,Android,0
5227.38,Send Money,Kolkata,19,Android,0
9088.43,Bill Payment,Chennai,16,Android,0
6497.27,Bill Payment,Delhi,19,Android,0
33039.42,Send Money,Mumbai,16,Android,0
8430.66,Bill Payment,Mumbai,4,Android,0
6651.57,Merchant Payment,Hyderabad,10,iOS,0
26354.18,Merchant Payment,Kolkata,19,Android,0
42251.34,Send Money,Hyderabad,20,iOS,0
47061.74,Merchant Payment,Bangalore,4,iOS,0
37460.4,Bill Payment,Delhi,14,iOS,0
35900.5,Bill Payment,Mumbai,13,iOS,0
6390.94,Bill Payment,Bangalore,2,iOS,0
17175.51,Bill Payment,Delhi,21,iOS,0
25440.98,Merchant Payment,Chennai,17,iOS,0
43698.76,Send Money,Mumbai,3,iOS,1
13282.38,Send Money,Bangalore,12,iOS,0
47146.98,Send Money,Delhi,13,Android,0
5845.62,Bill Payment,Mumbai,0,Android,0
29900.28,Merchant Payment,Mumbai,1,iOS,0
34080.83,Bill Payment,Kolkata,14,iOS,0
20747.54,Merchant Payment,Hyderabad,2,iOS,0
24112.94,Send Money,Delhi,12,iOS,0
5145.9,Merchant Payment,Delhi,10,iOS,0
36295.38,Merchant Payment,Mumbai,7,Android,0
18855.14,Bill Payment,Chennai,2,Android,1
16343.38,Bill Payment,Bangalore,17,Android,0
39944.95,Merchant Payment,Chennai,5,Android,0
17429.15,Merchant Payment,Delhi,6,Android,0
32903.54,Bill Payment,Kolkata,11,Android,0
23223.47,Send Money,Bangalore,2,iOS,0
1360.35,Merchant Payment,Hyderabad,4,Android,0
24342.01,Send Money,Mumbai,4,iOS,0
38219.74,Send Money,Bangalore,0,iOS,1
35594.33,Bill Payment,Chennai,14,iOS,0
23436.61,Merchant Payment,Hyderabad,15,Android,0
1886.93,Send Money,Delhi,16,iOS,0
45258.71,Send Money,Mumbai,12,Android,0
25711.14,Send Money,Chennai,5,Android,0
28717.46,Bill Payment,Chennai,10,Android,0
38646.55,Bill Payment,Kolkata,0,iOS,1
16697.16,Merchant Payment,Mumbai,23,iOS,0
21479.95,Merchant Payment,Mumbai,1,Android,0
35272.66,Send Money,Bangalore,13,Android,0
122.55,Bill Payment,Kolkata,15,Android,0
11962.91,Send Money,Kolkata,8,iOS,0
13283.35,Merchant Payment,Mumbai,12,iOS,0
15748.11,Send Money,Delhi,16,Android,0
20082.9,Merchant Payment,Delhi,17,iOS,0
31478.22,Bill Payment,Delhi,14,Android,0
44701.77,Send Money,Mumbai,3,Android,1
13452.04,Bill Payment,Chennai,23,Android,0
49888.35,Send Money,Kolkata,20,Android,0
41869.64,Send Money,Mumbai,12,iOS,0
34584.37,Merchant Payment,Bangalore,9,iOS,0
19723.82,Merchant Payment,Chennai,4,Android,0
17655.93,Bill Payment,Chennai,2,Android,0
4697.28,Send Money,Kolkata,8,Android,0
46320.65,Bill Payment,Kolkata,9,Android,0
25616.27,Merchant Payment,Kolkata,15,Android,0
43378.08,Merchant Payment,Delhi,2,iOS,0
10372.36,Send Money,Mumbai,16,iOS,0
20621.75,Send Money,Bangalore,0,iOS,0
4686.06,Merchant Payment,Kolkata,7,Android,0
34578.39,Merchant Payment,Chennai,18,iOS,0
7513.08,Bill Payment,Hyderabad,0,Android,0
48203.94,Merchant Payment,Hyderabad,4,iOS,0
4193.44,Bill Payment,Kolkata,22,iOS,0
39697.81,Send Money,Bangalore,11,iOS,0
30823.99,Send Money,Bangalore,3,Android,0
46868.66,Merchant Payment,Chennai,14,iOS,0
21636.06,Send Money,Hyderabad,7,Android,0
1047.57,Send Money,Bangalore,16,iOS,0
1581.77,Send Money,Bangalore,12,Android,0
6356.1,Send Money,Mumbai,23,iOS,0
46555.09,Merchant Payment,Mumbai,13,iOS,0
20648.51,Bill Payment,Chennai,5,iOS,0
48963.51,Merchant Payment,Bangalore,5,iOS,0
19971.15,Merchant Payment,Chennai,8,Android,0
44254.3,Send Money,Hyderabad,21,iOS,0
24095.15,Bill Payment,Bangalore,7,iOS,0
23238.16,Bill Payment,Mumbai,21,iOS,0
17410.38,Bill Payment,Kolkata,22,Android,0
104.12,Bill Payment,Chennai,21,Android,0
70.46,Send Money,Chennai,15,Android,0
758.18,Bill Payment,Mumbai,19,Android,0
35949.38,Bill Payment,Chennai,20,iOS,0
9390.24,Merchant Payment,Bangalore,21,iOS,0
3855.81,Bill Payment,Mumbai,23,iOS,0
3641.68,Merchant Payment,Bangalore,19,Android,0
16667.23,Bill Payment,Hyderabad,8,iOS,0
38864.28,Bill Payment,Kolkata,8,Android,1
3111.38,Bill Payment,Hyderabad,4,Android,0
45056.85,Send Money,Kolkata,16,Android,0
5641.8,Send Money,Bangalore,8,iOS,0
3147.01,Merchant Payment,Chennai,22,Android,0
39978.51,Send Money,Hyderabad,4,iOS,0
43948.82,Merchant Payment,Hyderabad,23,iOS,0
41829.96,Merchant Payment,Bangalore,17,iOS,0
38349.85,Send Money,Bangalore,6,Android,0
29867.42,Merchant Payment,Mumbai,3,iOS,0
39668.73,Merchant Payment,Hyderabad,15,Android,0
36247.18,Send Money,Bangalore,4,iOS,0
42765.79,Send Money,Hyderabad,15,Android,0
36542.16,Merchant Payment,Mumbai,18,iOS,0
48078.95,Bill Payment,Hyderabad,16,iOS,1
10424.92,Send Money,Delhi,9,Android,0
12356.78,Send Money,Mumbai,13,iOS,0
30510.33,Merchant Payment,Bangalore,11,iOS,0
21520.26,Send Money,Bangalore,15,Android,0
46239.17,Merchant Payment,Kolkata,7,Android,0
47858.03,Send Money,Delhi,16,iOS,0
30878.53,Send Money,Delhi,10,Android,0
16416.63,Bill Payment,Chennai,16,iOS,1
20075.34,Send Money,Hyderabad,12,Android,0
45659.05,Bill Payment,Hyderabad,22,Android,0
35696.81,Bill Payment,Chennai,8,Android,0
26845.25,Merchant Payment,Hyderabad,5,iOS,0
43025.84,Send Money,Delhi,18,iOS,0
36874.93,Send Money,Chennai,21,iOS,0
12842.64,Merchant Payment,Mumbai,4,iOS,0
40347.19,Bill Payment,Bangalore,16,Android,0
45937.67,Merchant Payment,Hyderabad,10,Android,0
34066.84,Merchant Payment,Hyderabad,10,Android,0
22127.02,Bill Payment,Kolkata,4,iOS,0
47887.41,Merchant Payment,Delhi,8,iOS,1
11134.98,Send Money,Delhi,1,Android,0
15644.95,Bill Payment,Kolkata,16,iOS,0
19058.95,Bill Payment,Kolkata,0,Android,0
5003.06,Bill Payment,Bangalore,22,Android,0
2837.04,Merchant Payment,Hyderabad,23,Android,0
7289.89,Merchant Payment,Delhi,18,Android,0
15904.46,Bill Payment,Bangalore,16,Android,0
49794.82,Bill Payment,Mumbai,11,Android,0
39825.06,Merchant Payment,Delhi,3,Android,0
14868.66,Bill Payment,Chennai,12,iOS,0
14334.44,Send Money,Mumbai,17,Android,0
39905.62,Merchant Payment,Hyderabad,12,Android,0
30727.25,Bill Payment,Delhi,8,Android,0
18413.27,Bill Payment,Kolkata,23,Android,1
27632.43,Send Money,Kolkata,5,Android,1
40312.46,Bill Payment,Chennai,9,iOS,0
23382.43,Merchant Payment,Bangalore,18,iOS,0
9626.77,Send Money,Kolkata,1,Android,0
4364.81,Merchant Payment,Kolkata,7,Android,0
49326.55,Bill Payment,Delhi,2,Android,0
48795.2,Bill Payment,Mumbai,9,Android,0
25855.19,Bill Payment,Hyderabad,12,iOS,0
29077.22,Merchant Payment,Bangalore,14,Android,0
45832.32,Bill Payment,Bangalore,21,iOS,0
27693.18,Send Money,Hyderabad,8,iOS,1
21661.4,Merchant Payment,Bangalore,4,Android,0
33131.85,Bill Payment,Mumbai,10,iOS,0
43762.86,Send Money,Mumbai,7,iOS,0
45913.46,Send Money,Hyderabad,5,iOS,0
10026.89,Send Money,Mumbai,2,iOS,0
8086.79,Merchant Payment,Delhi,3,iOS,0
49362.38,Merchant Payment,Bangalore,3,iOS,0
35224.75,Bill Payment,Delhi,10,iOS,0
43917.76,Send Money,Delhi,6,Android,0
36829.06,Bill Payment,Bangalore,20,iOS,0
28899.75,Bill Payment,Kolkata,11,iOS,0
20301.74,Bill Payment,Mumbai,12,Android,0
42870.61,Bill Payment,Delhi,1,Android,0
42897.54,Bill Payment,Bangalore,3,iOS,1
28762.74,Merchant Payment,Chennai,23,Android,0
7691.34,Bill Payment,Hyderabad,10,Android,0
24732.31,Send Money,Chennai,21,iOS,0
35865.67,Send Money,Kolkata,7,Android,1
3615.31,Bill Payment,Chennai,13,Android,0
6798.19,Send Money,Bangalore,19,iOS,0
31713.29,Bill Payment,Bangalore,18,Android,0
43546.64,Send Money,Bangalore,4,iOS,0
13217.21,Bill Payment,Chennai,8,Android,0
2063.78,Merchant Payment,Chennai,8,iOS,0
42287.3,Send Money,Hyderabad,2,iOS,0
47300.28,Merchant Payment,Chennai,20,Android,0
26153.49,Send Money,Delhi,12,iOS,0
13750.02,Merchant Payment,Chennai,10,iOS,0
17605.48,Bill Payment,Mumbai,11,Android,0
40825.66,Merchant Payment,Hyderabad,8,iOS,0
18267.1,Bill Payment,Kolkata,14,iOS,0
11562.07,Bill Payment,Mumbai,19,Android,0
39500.04,Merchant Payment,Kolkata,9,Android,0
28305.5,Bill Payment,Chennai,8,Android,0
35625.32,Send Money,Hyderabad,2,Android,1
8470.05,Merchant Payment,Chennai,8,Android,0
7094.04,Merchant Payment,Mumbai,14,Android,0
18061.38,Merchant Payment,Kolkata,22,Android,0
14989.94,Send Money,Bangalore,20,Android,0
30528.85,Bill Payment,Mumbai,7,iOS,0
32057.46,Merchant Payment,Chennai,15,Android,0
10069.57,Send Money,Mumbai,22,Android,0
1392.16,Bill Payment,Chennai,8,Android,0
7875.55,Bill Payment,Hyderabad,10,Android,0
46812.14,Bill Payment,Hyderabad,11,iOS,0
28144.9,Bill Payment,Hyderabad,23,Android,0
5436.28,Bill Payment,Bangalore,1,iOS,0
32354.58,Merchant Payment,Delhi,16,Android,0
39563.25,Send Money,Kolkata,4,iOS,0
5214.08,Send Money,Delhi,6,iOS,0
42674.51,Bill Payment,Delhi,10,iOS,0
25227.11,Send Money,Bangalore,10,iOS,0
20416.85,Bill Payment,Chennai,18,iOS,0
1366.9,Merchant Payment,Bangalore,0,Android,0
32372.52,Merchant Payment,Delhi,1,iOS,1
48802.58,Send Money,Chennai,5,Android,0
38386.65,Send Money,Hyderabad,11,iOS,0
32569.1,Send Money,Delhi,18,iOS,1
26621.51,Bill Payment,Delhi,12,Android,0
48397.97,Bill Payment,Hyderabad,10,iOS,0
14460.91,Send Money,Chennai,19,Android,0
26897.25,Bill Payment,Hyderabad,11,Android,0
14688.72,Merchant Payment,Chennai,23,iOS,0
27422.9,Send Money,Mumbai,21,Android,0
41499.15,Bill Payment,Mumbai,15,Android,0
14226.42,Bill Payment,Chennai,8,Android,0
13233.87,Merchant Payment,Mumbai,15,iOS,0
32149.91,Merchant Payment,Bangalore,4,iOS,0
21723.54,Bill Payment,Bangalore,9,iOS,0
30154.16,Bill Payment,Mumbai,6,iOS,0
31858.7,Send Money,Chennai,10,iOS,0
33559.09,Send Money,Bangalore,12,iOS,0
31398.78,Bill Payment,Hyderabad,1,iOS,0
32144.32,Merchant Payment,Chennai,20,iOS,0
5985.27,Merchant Payment,Delhi,0,iOS,0
39357.04,Merchant Payment,Kolkata,12,Android,0
44804.38,Bill Payment,Chennai,17,iOS,0
5864.87,Bill Payment,Chennai,21,Android,0
41789.23,Bill Payment,Bangalore,0,Android,0
34871.19,Bill Payment,Bangalore,0,iOS,0
23544.92,Send Money,Bangalore,9,Android,0
41687.13,Send Money,Delhi,11,Android,1
34519.85,Bill Payment,Kolkata,21,Android,0
27177.88,Send Money,Hyderabad,11,iOS,0
20999.06,Send Money,Mumbai,23,iOS,0
1475.65,Merchant Payment,Hyderabad,10,iOS,0
3994.53,Merchant Payment,Mumbai,13,Android,0
33538.35,Send Money,Chennai,1,iOS,0
808.32,Bill Payment,Mumbai,14,iOS,0
21591.86,Bill Payment,Kolkata,15,iOS,0
17232.51,Send Money,Delhi,18,Android,0
10965.84,Bill Payment,Delhi,22,iOS,0
25852.82,Merchant Payment,Mumbai,12,iOS,0
6131.92,Send Money,Hyderabad,2,iOS,0
24843.05,Bill Payment,Delhi,18,Android,0
10524.37,Send Money,Chennai,6,Android,1
37578.06,Merchant Payment,Bangalore,8,Android,0
3169.15,Merchant Payment,Chennai,9,Android,0
8552.1,Merchant Payment,Kolkata,2,iOS,0
20044.9,Bill Payment,Chennai,7,iOS,0
12544.39,Merchant Payment,Bangalore,21,Android,0
37968.06,Merchant Payment,Bangalore,20,Android,1
48552.9,Merchant Payment,Bangalore,7,Android,0
36019.93,Send Money,Hyderabad,6,Android,0
34695.07,Merchant Payment,Kolkata,5,iOS,1
49290.72,Send Money,Hyderabad,5,Android,0
11086.45,Send Money,Chennai,7,iOS,0
29202.93,Bill Payment,Chennai,5,iOS,0
43890.04,Merchant Payment,Kolkata,2,iOS,0
32595.04,Bill Payment,Mumbai,6,iOS,0
22891.84,Bill Payment,Hyderabad,10,Android,0
14061.21,Merchant Payment,Chennai,16,iOS,0
45467.17,Merchant Payment,Chennai,8,Android,0
31491.22,Send Money,Bangalore,5,Android,0
11973.46,Merchant Payment,Mumbai,12,iOS,0
39526.85,Send Money,Kolkata,19,Android,1
48395.57,Send Money,Delhi,0,Android,1
23226.97,Bill Payment,Mumbai,19,iOS,0
47437.02,Send Money,Delhi,20,Android,0
796.2,Bill Payment,Kolkata,19,iOS,0
11654.8,Send Money,Mumbai,8,Android,0
26471.32,Merchant Payment,Delhi,0,Android,0
40088.27,Bill Payment,Chennai,13,iOS,0
40684.69,Merchant Payment,Hyderabad,19,Android,0
24634.02,Merchant Payment,Chennai,17,Android,0
25734.8,Send Money,Hyderabad,13,iOS,0
290.43,Send Money,Chennai,5,Android,0
9224.86,Merchant Payment,Mumbai,6,iOS,0
24822.35,Send Money,Mumbai,7,Android,0
12590.08,Merchant Payment,Chennai,14,Android,0
7794.96,Merchant Payment,Kolkata,8,Android,0
13828.66,Merchant Payment,Hyderabad,7,Android,0
8702.48,Bill Payment,Chennai,2,Android,0
20432.23,Merchant Payment,Bangalore,23,iOS,0
7301.34,Merchant Payment,Chennai,17,iOS,0
16152.49,Send Money,Hyderabad,12,iOS,0
18502.3,Merchant Payment,Chennai,21,iOS,0
15562.53,Send Money,Chennai,18,Android,0
12999.83,Send Money,Kolkata,3,Android,0
9032.02,Send Money,Mumbai,0,Android,0
25001.42,Merchant Payment,Mumbai,17,iOS,0
5083.97,Send Money,Kolkata,9,Android,0
24318.95,Merchant Payment,Chennai,15,iOS,1
22206.65,Send Money,Chennai,0,Android,1
48085.25,Send Money,Hyderabad,13,Android,0
37561.1,Send Money,Delhi,14,Android,0
19298.46,Send Money,Bangalore,18,Android,0
44836.66,Send Money,Bangalore,20,iOS,0
527.5,Bill Payment,Mumbai,23,iOS,0
36333.63,Send Money,Chennai,9,Android,1
6400.26,Merchant Payment,Chennai,7,iOS,0
1983.55,Bill Payment,Chennai,4,iOS,0
31180.32,Send Money,Delhi,7,Android,0
24969.56,Send Money,Chennai,16,iOS,0
9573.83,Merchant Payment,Mumbai,1,Android,0
46883.5,Send Money,Mumbai,21,iOS,1
39638.31,Merchant Payment,Bangalore,2,iOS,0
5683.26,Bill Payment,Mumbai,0,Android,0
27741.13,Bill Payment,Kolkata,7,iOS,0
31739.74,Merchant Payment,Hyderabad,11,iOS,0
34190.48,Bill Payment,Chennai,22,iOS,0
43937.74,Send Money,Chennai,5,iOS,1
10004.77,Bill Payment,Chennai,21,Android,0
42157.72,Merchant Payment,Hyderabad,13,Android,0
31642.32,Send Money,Kolkata,9,iOS,0
233.96,Bill Payment,Mumbai,15,Android,0
47604.08,Bill Payment,Bangalore,17,iOS,0
16219.82,Send Money,Bangalore,10,Android,0
10381.3,Bill Payment,Kolkata,4,Android,0
39291.1,Merchant Payment,Bangalore,7,Android,0
30954.67,Send Money,Kolkata,3,Android,1
39919.13,Bill Payment,Chennai,13,Android,0
44702.23,Bill Payment,Mumbai,7,iOS,0
24768.71,Bill Payment,Bangalore,10,Android,0
46184.76,Bill Payment,Hyderabad,4,Android,0
3486.05,Merchant Payment,Kolkata,20,iOS,0
12375.95,Merchant Payment,Bangalore,1,Android,0
43152.66,Bill Payment,Delhi,8,Android,0
14310.68,Send Money,Bangalore,6,iOS,0
45251.69,Bill Payment,Kolkata,11,iOS,0
33964.05,Bill Payment,Mumbai,10,Android,0
14134.13,Bill Payment,Delhi,21,iOS,0
13007.64,Send Money,Kolkata,5,iOS,0
28571.39,Send Money,Hyderabad,13,Android,0
12112.16,Send Money,Kolkata,19,iOS,0
33602.53,Merchant Payment,Chennai,2,Android,0
27471.83,Send Money,Bangalore,13,iOS,0
49261.58,Bill Payment,Delhi,18,Android,0
47129.53,Send Money,Mumbai,11,Android,0
26852.49,Send Money,Chennai,7,Android,0
27522.14,Send Money,Bangalore,5,Android,0
25072.55,Bill Payment,Chennai,0,iOS,0
5906.53,Bill Payment,Kolkata,2,iOS,0
32128.34,Bill Payment,Chennai,16,iOS,0
38287.86,Merchant Payment,Chennai,5,iOS,0
40225.93,Bill Payment,Bangalore,2,Android,0
22249.01,Send Money,Bangalore,12,iOS,0
25780.76,Merchant Payment,Delhi,1,iOS,0
21042.13,Send Money,Bangalore,13,Android,0
31711.53,Merchant Payment,Chennai,2,iOS,0
40189.6,Merchant Payment,Delhi,21,Android,0
4220.44,Merchant Payment,Delhi,0,Android,0
23867.23,Merchant Payment,Mumbai,18,Android,0
3733.01,Bill Payment,Kolkata,17,Android,0
43994.63,Send Money,Delhi,19,iOS,0
36863.66,Bill Payment,Kolkata,21,Android,1
16145.52,Send Money,Kolkata,3,Android,1
2056.66,Bill Payment,Bangalore,6,iOS,0
22196.22,Send Money,Mumbai,2,iOS,0
15511.78,Merchant Payment,Hyderabad,0,iOS,0
36245.43,Send Money,Bangalore,14,Android,0
34617.57,Send Money,Kolkata,8,Android,0
38644.72,Bill Payment,Hyderabad,17,iOS,0
4651.29,Send Money,Bangalore,5,iOS,0
3703.96,Bill Payment,Chennai,4,iOS,0
17976.56,Bill Payment,Mumbai,19,iOS,0
4265.17,Send Money,Hyderabad,5,Android,0
41628.61,Merchant Payment,Delhi,5,iOS,0
28734.58,Bill Payment,Mumbai,6,Android,0
13468.57,Bill Payment,Hyderabad,17,Android,0
44821.6,Merchant Payment,Bangalore,0,iOS,1
7508.94,Send Money,Chennai,5,Android,0
17256.76,Merchant Payment,Delhi,2,iOS,0
42603.21,Bill Payment,Chennai,10,Android,0
8891.62,Merchant Payment,Delhi,0,Android,0
32101.38,Bill Payment,Bangalore,9,Android,0
45472.0,Send Money,Bangalore,4,Android,1
35488.53,Send Money,Bangalore,12,Android,0
41391.95,Bill Payment,Mumbai,13,iOS,0
16032.94,Send Money,Kolkata,21,iOS,0
31604.04,Merchant Payment,Mumbai,16,Android,0
26372.23,Bill Payment,Chennai,7,iOS,0
39587.21,Merchant Payment,Delhi,9,iOS,0
35300.32,Bill Payment,Delhi,6,iOS,0
45727.61,Merchant Payment,Kolkata,23,Android,0
40440.68,Send Money,Kolkata,11,iOS,0
13729.01,Merchant Payment,Chennai,8,iOS,0
33198.11,Bill Payment,Mumbai,23,Android,0
41482.82,Merchant Payment,Mumbai,16,iOS,0
9488.79,Bill Payment,Hyderabad,2,iOS,0
5281.88,Bill Payment,Hyderabad,13,Android,0
11916.8,Send Money,Bangalore,16,Android,0
13023.18,Bill Payment,Bangalore,15,iOS,0
24706.86,Merchant Payment,Bangalore,21,iOS,0
46813.84,Merchant Payment,Bangalore,7,Android,0
35072.92,Bill Payment,Hyderabad,17,Android,0
47138.55,Merchant Payment,Delhi,8,Android,0
588.41,Bill Payment,Bangalore,9,Android,0
38066.65,Send Money,Hyderabad,3,iOS,1
23529.84,Send Money,Mumbai,7,Android,0
31332.85,Merchant Payment,Hyderabad,17,iOS,0
6481.23,Merchant Payment,Chennai,5,iOS,0
33144.1,Send Money,Kolkata,1,iOS,1
37197.89,Bill Payment,Kolkata,13,iOS,0
31831.28,Send Money,Mumbai,10,Android,0
20651.26,Bill Payment,Hyderabad,7,iOS,0
35037.39,Merchant Payment,Kolkata,7,Android,0
38030.78,Send Money,Hyderabad,18,iOS,0
44709.59,Send Money,Kolkata,21,iOS,0
35332.17,Merchant Payment,Hyderabad,16,iOS,0
45781.61,Merchant Payment,Hyderabad,7,iOS,0
21786.01,Send Money,Delhi,22,Android,0
30831.2,Send Money,Delhi,20,iOS,0
25054.07,Bill Payment,Kolkata,4,Android,0
12641.99,Bill Payment,Kolkata,9,Android,0
7211.25,Merchant Payment,Mumbai,6,iOS,0
25035.75,Send Money,Mumbai,13,iOS,0
345.98,Bill Payment,Hyderabad,2,iOS,0
8390.19,Merchant Payment,Kolkata,1,iOS,0
1412.06,Bill Payment,Chennai,21,iOS,0
17700.67,Send Money,Mumbai,20,Android,0
38302.58,Bill Payment,Kolkata,4,iOS,1
11514.49,Send Money,Hyderabad,12,iOS,0
37404.53,Send Money,Hyderabad,0,Android,1
21166.47,Send Money,Kolkata,7,Android,0
21953.02,Send Money,Kolkata,18,iOS,0
38430.65,Bill Payment,Mumbai,18,iOS,0
43908.91,Send Money,Bangalore,1,iOS,0
26655.73,Send Money,Hyderabad,23,Android,0
46050.56,Merchant Payment,Kolkata,0,iOS,0
43994.26,Merchant Payment,Hyderabad,4,Android,0
4941.89,Send Money,Mumbai,21,Android,0
271.25,Send Money,Bangalore,0,Android,1
1559.14,Merchant Payment,Chennai,21,iOS,0
23426.61,Send Money,Delhi,19,iOS,0
29040.16,Bill Payment,Mumbai,1,Android,0
22737.64,Send Money,Chennai,18,Android,0
21567.58,Send Money,Kolkata,15,iOS,0
39002.75,Bill Payment,Bangalore,18,iOS,0
6160.6,Bill Payment,Kolkata,7,iOS,0
45115.05,Send Money,Bangalore,21,iOS,0
25165.44,Bill Payment,Kolkata,8,Android,0
10185.72,Send Money,Chennai,6,Android,0
49234.65,Bill Payment,Kolkata,14,Android,0
18195.26,Send Money,Kolkata,13,iOS,0
25066.53,Bill Payment,Mumbai,9,iOS,0
48704.08,Merchant Payment,Hyderabad,11,iOS,0
26949.72,Bill Payment,Mumbai,14,iOS,0
26764.31,Merchant Payment,Bangalore,19,Android,0
2616.87,Send Money,Kolkata,16,Android,0
35036.72,Bill Payment,Hyderabad,21,iOS,0
18135.91,Merchant Payment,Chennai,10,Android,0
48513.7,Bill Payment,Bangalore,21,iOS,0
34384.84,Send Money,Kolkata,9,iOS,0
24077.2,Bill Payment,Delhi,7,iOS,0
32950.67,Bill Payment,Hyderabad,12,iOS,0
36760.65,Bill Payment,Bangalore,7,iOS,0
27382.47,Merchant Payment,Delhi,7,Android,0
39077.08,Send Money,Delhi,11,iOS,0
872.14,Merchant Payment,Mumbai,10,Android,0
40828.56,Merchant Payment,Chennai,2,iOS,0
31888.07,Send Money,Delhi,10,Android,0
20281.9,Send Money,Delhi,9,Android,0
9527.01,Merchant Payment,Mumbai,22,iOS,0
31638.35,Merchant Payment,Kolkata,12,Android,0
21221.1,Send Money,Kolkata,19,Android,0
26897.55,Merchant Payment,Delhi,16,Android,0
37647.84,Merchant Payment,Delhi,21,iOS,0
37382.62,Send Money,Kolkata,11,Android,0
6855.42,Merchant Payment,Chennai,20,iOS,0
14608.28,Bill Payment,Bangalore,10,iOS,0
44876.08,Bill Payment,Mumbai,12,iOS,0
47686.75,Send Money,Mumbai,0,iOS,1
11011.25,Merchant Payment,Chennai,13,iOS,0
35791.77,Merchant Payment,Kolkata,10,Android,0
35968.4,Bill Payment,Chennai,23,iOS,0
14427.12,Bill Payment,Bangalore,15,iOS,0
16383.46,Send Money,Chennai,18,Android,0
38003.11,Send Money,Kolkata,13,Android,0
49664.09,Bill Payment,Bangalore,18,iOS,0
33269.99,Send Money,Mumbai,5,iOS,0
18658.32,Merchant Payment,Mumbai,11,iOS,0
49877.84,Merchant Payment,Delhi,9,Android,0
5318.06,Bill Payment,Delhi,19,Android,0
22659.0,Merchant Payment,Bangalore,10,Android,0
17666.46,Bill Payment,Chennai,17,iOS,0
47023.61,Send Money,Delhi,11,iOS,1
29282.69,Merchant Payment,Kolkata,8,Android,0
48346.0,Send Money,Delhi,11,Android,0
872.37,Bill Payment,Bangalore,11,iOS,0
39097.64,Bill Payment,Mumbai,7,Android,0
21324.6,Send Money,Kolkata,20,Android,1
20949.87,Merchant Payment,Delhi,0,Android,0
47523.2,Send Money,Delhi,5,iOS,0
29272.13,Merchant Payment,Hyderabad,4,Android,0
24132.62,Merchant Payment,Kolkata,15,iOS,0
44330.8,Bill Payment,Kolkata,23,iOS,0
25563.86,Merchant Payment,Hyderabad,12,Android,0
41236.63,Send Money,Kolkata,5,Android,0
4566.67,Merchant Payment,Bangalore,13,iOS,0
49734.26,Send Money,Mumbai,15,Android,0
48619.85,Send Money,Kolkata,8,iOS,0
41675.1,Bill Payment,Kolkata,2,Android,0
19279.55,Merchant Payment,Hyderabad,9,Android,0
14173.44,Send Money,Mumbai,9,iOS,1
513.11,Merchant Payment,Delhi,13,iOS,0
39136.13,Bill Payment,Kolkata,19,iOS,0
27529.91,Bill Payment,Hyderabad,12,iOS,0
7831.51,Merchant Payment,Mumbai,15,Android,0
45351.03,Merchant Payment,Delhi,10,Android,0
21920.21,Merchant Payment,Hyderabad,18,Android,0
23391.08,Bill Payment,Kolkata,23,iOS,1
6156.83,Merchant Payment,Hyderabad,2,iOS,0
368.33,Send Money,Kolkata,0,Android,0
1944.48,Bill Payment,Bangalore,0,Android,0
22368.71,Merchant Payment,Kolkata,6,Android,0
8199.72,Bill Payment,Delhi,7,iOS,0
49383.65,Send Money,Delhi,16,Android,0
27115.54,Bill Payment,Mumbai,16,iOS,0
4792.45,Merchant Payment,Delhi,13,Android,0
17049.3,Send Money,Hyderabad,8,Android,0
13184.97,Merchant Payment,Hyderabad,16,iOS,0
19339.64,Send Money,Bangalore,14,iOS,0
45387.88,Merchant Payment,Mumbai,17,Android,0
4218.19,Send Money,Bangalore,23,iOS,0
32371.57,Bill Payment,Chennai,23,Android,0
29811.12,Send Money,Delhi,14,iOS,0
31901.63,Send Money,Chennai,8,Android,0
29488.66,Merchant Payment,Kolkata,21,Android,0
35756.12,Merchant Payment,Hyderabad,9,iOS,0
17178.73,Merchant Payment,Mumbai,11,iOS,0
12109.56,Merchant Payment,Kolkata,21,Android,0
8492.64,Send Money,Chennai,4,Android,0
18572.2,Merchant Payment,Kolkata,14,iOS,0
41938.14,Merchant Payment,Delhi,18,iOS,0
38767.56,Merchant Payment,Mumbai,6,iOS,0
19524.97,Send Money,Bangalore,17,Android,0
12351.47,Bill Payment,Kolkata,19,iOS,0
12371.59,Merchant Payment,Chennai,18,Android,0
7504.39,Merchant Payment,Kolkata,6,iOS,0
31413.28,Merchant Payment,Mumbai,10,iOS,1
19061.05,Send Money,Chennai,22,iOS,0
36921.3,Bill Payment,Mumbai,19,Android,0
3716.19,Bill Payment,Chennai,23,Android,0
44119.58,Merchant Payment,Delhi,15,Android,0
1743.75,Bill Payment,Chennai,10,Android,0
31003.89,Bill Payment,Bangalore,10,iOS,0
46110.43,Send Money,Mumbai,5,Android,1
45245.39,Send Money,Delhi,20,Android,0
43978.95,Merchant Payment,Delhi,22,iOS,0
14578.07,Send Money,Delhi,0,Android,1
32757.49,Send Money,Bangalore,6,iOS,0
14450.52,Bill Payment,Delhi,1,iOS,0
30453.22,Bill Payment,Mumbai,11,Android,0
9456.47,Merchant Payment,Bangalore,5,Android,0
9083.43,Merchant Payment,Delhi,18,Android,0
7933.96,Bill Payment,Kolkata,12,iOS,0
4013.39,Send Money,Mumbai,17,Android,0
1794.81,Send Money,Kolkata,11,Android,0
5365.37,Merchant Payment,Delhi,7,Android,0
15293.22,Bill Payment,Hyderabad,4,iOS,0
24549.89,Bill Payment,Kolkata,3,Android,0
24156.16,Merchant Payment,Chennai,2,iOS,0
19656.11,Bill Payment,Kolkata,10,Android,0
36578.13,Bill Payment,Bangalore,17,iOS,0
31939.91,Send Money,Bangalore,5,iOS,0
25609.87,Bill Payment,Mumbai,2,Android,0
7099.07,Merchant Payment,Delhi,3,iOS,0
8638.41,Send Money,Chennai,6,iOS,0
42093.33,Merchant Payment,Kolkata,0,Android,1
41705.41,Bill Payment,Hyderabad,1,Android,0
9000.1,Bill Payment,Mumbai,12,iOS,0
37400.2,Bill Payment,Kolkata,13,Android,0
46406.46,Send Money,Delhi,0,iOS,0
21491.52,Send Money,Bangalore,9,iOS,0
42381.23,Bill Payment,Chennai,9,iOS,0
11404.34,Merchant Payment,Mumbai,0,iOS,0
11045.24,Bill Payment,Delhi,10,iOS,0
42744.93,Send Money,Bangalore,1,iOS,0
14206.77,Bill Payment,Delhi,0,iOS,0
3061.88,Merchant Payment,Chennai,15,Android,0
37736.73,Bill Payment,Hyderabad,21,Android,0
46625.53,Merchant Payment,Mumbai,4,Android,0
26681.74,Send Money,Bangalore,22,iOS,0
15599.61,Send Money,Kolkata,11,Android,0
23834.34,Merchant Payment,Kolkata,0,Android,0
29060.85,Send Money,Hyderabad,6,iOS,0
6813.03,Merchant Payment,Kolkata,16,Android,0
28686.5,Bill Payment,Hyderabad,13,Android,0
13169.88,Send Money,Bangalore,15,Android,0
9041.45,Bill Payment,Delhi,14,Android,0
15851.89,Merchant Payment,Mumbai,1,Android,0
15135.89,Merchant Payment,Bangalore,3,Android,0
20063.71,Merchant Payment,Hyderabad,8,Android,0
27182.79,Send Money,Chennai,5,iOS,0
46364.92,Send Money,Mumbai,8,iOS,0
23657.51,Merchant Payment,Chennai,15,iOS,0
49930.91,Merchant Payment,Hyderabad,10,iOS,0
41359.31,Bill Payment,Hyderabad,11,Android,0
37180.75,Merchant Payment,Delhi,6,iOS,0
14979.17,Merchant Payment,Kolkata,1,iOS,0
38373.09,Bill Payment,Hyderabad,6,iOS,0
39161.88,Send Money,Mumbai,18,iOS,0
12127.38,Merchant Payment,Chennai,12,Android,0
1799.55,Bill Payment,Mumbai,1,iOS,0
45472.44,Merchant Payment,Delhi,13,iOS,0
2744.76,Merchant Payment,Bangalore,16,Android,0
36304.8,Bill Payment,Mumbai,22,iOS,0
20314.42,Bill Payment,Kolkata,9,Android,0
45296.94,Bill Payment,Hyderabad,1,Android,0
11998.18,Merchant Payment,Mumbai,16,iOS,0
4815.54,Merchant Payment,Bangalore,15,Android,0
12689.21,Send Money,Delhi,16,iOS,0
32081.21,Send Money,Kolkata,16,iOS,0
6793.31,Merchant Payment,Mumbai,14,iOS,0
8376.74,Bill Payment,Kolkata,6,iOS,0
31457.0,Bill Payment,Bangalore,3,iOS,0
39122.19,Merchant Payment,Bangalore,16,iOS,0
41189.9,Send Money,Hyderabad,20,Android,0
4001.54,Bill Payment,Delhi,1,Android,1
36912.23,Send Money,Mumbai,18,iOS,0
13199.4,Bill Payment,Hyderabad,15,Android,0
20852.59,Send Money,Delhi,5,iOS,0
7049.24,Send Money,Kolkata,12,iOS,0
41799.71,Send Money,Chennai,20,iOS,0
17359.53,Merchant Payment,Bangalore,21,iOS,0
29627.12,Bill Payment,Bangalore,17,Android,0
14361.94,Bill Payment,Bangalore,17,iOS,0
20729.74,Send Money,Mumbai,5,Android,0
6873.7,Bill Payment,Hyderabad,21,iOS,0
618.33,Bill Payment,Bangalore,13,Android,0
45176.3,Bill Payment,Mumbai,17,iOS,0
11493.05,Send Money,Bangalore,8,iOS,0
24735.68,Send Money,Mumbai,10,Android,0
14581.39,Merchant Payment,Kolkata,22,Android,0
33822.84,Merchant Payment,Chennai,5,iOS,0
28573.69,Bill Payment,Delhi,23,Android,0
49280.33,Bill Payment,Chennai,7,iOS,0
48918.97,Send Money,Mumbai,0,iOS,1
44.0,Merchant Payment,Kolkata,2,Android,0
19317.66,Send Money,Kolkata,16,iOS,0
2287.06,Bill Payment,Hyderabad,5,Android,0
14280.11,Bill Payment,Hyderabad,0,iOS,0
32630.08,Send Money,Kolkata,9,Android,1
20076.45,Bill Payment,Hyderabad,9,Android,0
13235.17,Merchant Payment,Delhi,21,iOS,0
18359.39,Bill Payment,Delhi,16,Android,0
21334.63,Merchant Payment,Bangalore,20,iOS,0
4263.6,Send Money,Hyderabad,0,iOS,0
229.62,Bill Payment,Delhi,3,iOS,0
12352.54,Merchant Payment,Hyderabad,13,Android,0
39531.56,Send Money,Hyderabad,15,Android,0
36407.91,Send Money,Delhi,23,Android,1
26948.27,Merchant Payment,Chennai,4,iOS,0
41365.44,Bill Payment,Delhi,1,iOS,1
18512.72,Merchant Payment,Kolkata,7,iOS,0
29909.46,Send Money,Chennai,21,iOS,0
24022.63,Merchant Payment,Chennai,16,iOS,0
25633.68,Send Money,Bangalore,13,iOS,0
23522.05,Bill Payment,Delhi,2,Android,0
37082.11,Bill Payment,Bangalore,15,iOS,0
1160.91,Bill Payment,Hyderabad,13,iOS,0
31986.88,Bill Payment,Mumbai,6,Android,0
6945.74,Merchant Payment,Chennai,17,iOS,0
31628.52,Merchant Payment,Chennai,20,iOS,0
49295.28,Bill Payment,Hyderabad,20,Android,0
39974.33,Bill Payment,Chennai,2,iOS,0
37864.74,Bill Payment,Hyderabad,18,Android,0
46196.87,Merchant Payment,Mumbai,9,iOS,0
28983.26,Bill Payment,Bangalore,13,iOS,0
36306.44,Send Money,Delhi,0,iOS,1
22585.84,Merchant Payment,Mumbai,12,iOS,0
42845.78,Merchant Payment,Mumbai,19,iOS,1
40888.5,Merchant Payment,Hyderabad,7,Android,0
25417.73,Merchant Payment,Mumbai,1,Android,0
14995.31,Bill Payment,Delhi,1,Android,0
49526.17,Bill Payment,Chennai,2,Android,1
33651.61,Bill Payment,Chennai,18,Android,0
49079.52,Send Money,Delhi,14,Android,1
35835.77,Send Money,Hyderabad,4,iOS,0
12541.81,Send Money,Mumbai,8,iOS,0
2419.68,Bill Payment,Delhi,2,iOS,0
34394.93,Send Money,Delhi,18,Android,1
2731.46,Merchant Payment,Kolkata,8,iOS,0
20321.08,Merchant Payment,Mumbai,21,iOS,0
43407.61,Send Money,Bangalore,16,iOS,0
21521.21,Bill Payment,Delhi,1,iOS,0
14713.62,Send Money,Delhi,16,Android,0
13193.43,Merchant Payment,Mumbai,16,Android,0
34763.95,Send Money,Chennai,6,iOS,0
17988.08,Merchant Payment,Hyderabad,2,Android,0
46841.44,Send Money,Hyderabad,11,iOS,0
24275.26,Send Money,Kolkata,23,Android,0
15740.46,Bill Payment,Mumbai,5,iOS,0
31436.15,Bill Payment,Chennai,22,Android,0
38288.92,Merchant Payment,Bangalore,3,iOS,0
16777.26,Send Money,Kolkata,3,Android,0
42066.88,Bill Payment,Bangalore,17,iOS,0
2827.46,Merchant Payment,Chennai,7,iOS,0
17365.77,Send Money,Bangalore,17,iOS,0
25882.9,Merchant Payment,Hyderabad,20,iOS,0
20773.35,Send Money,Bangalore,12,iOS,0
46076.97,Merchant Payment,Bangalore,1,Android,0
42509.17,Merchant Payment,Delhi,5,Android,0
13811.65,Send Money,Bangalore,11,Android,0
640.48,Send Money,Mumbai,3,iOS,0
39288.84,Merchant Payment,Bangalore,17,Android,0
22676.81,Merchant Payment,Kolkata,8,Android,0
25987.88,Bill Payment,Kolkata,17,iOS,0
10617.99,Merchant Payment,Mumbai,22,iOS,0
27791.17,Send Money,Delhi,20,iOS,0
12171.81,Bill Payment,Delhi,13,iOS,0
5660.71,Bill Payment,Hyderabad,9,Android,0
1126.18,Send Money,Delhi,8,iOS,0
29887.39,Bill Payment,Kolkata,7,Android,0
38986.87,Send Money,Bangalore,3,iOS,1
48842.94,Send Money,Kolkata,6,iOS,0
39677.15,Send Money,Mumbai,15,iOS,0
29561.08,Merchant Payment,Hyderabad,15,Android,0
1027.5,Send Money,Mumbai,17,Android,0
27949.96,Merchant Payment,Mumbai,14,iOS,0
40319.88,Send Money,Mumbai,8,Android,0
44272.43,Bill Payment,Hyderabad,7,iOS,0
3595.66,Bill Payment,Hyderabad,22,iOS,0
18050.22,Merchant Payment,Kolkata,16,iOS,0
31884.35,Bill Payment,Chennai,21,iOS,0
38431.17,Bill Payment,Mumbai,21,Android,0
36293.8,Merchant Payment,Chennai,7,Android,0
17900.27,Merchant Payment,Chennai,23,Android,0
541.47,Bill Payment,Chennai,4,Android,0
44149.56,Send Money,Chennai,14,iOS,0
45558.02,Merchant Payment,Mumbai,15,Android,0
6016.7,Send Money,Chennai,4,iOS,0
9755.36,Send Money,Bangalore,16,iOS,0
12816.06,Bill Payment,Bangalore,18,iOS,0
25538.96,Send Money,Kolkata,8,Android,0
3246.34,Merchant Payment,Hyderabad,21,iOS,0
49151.87,Send Money,Hyderabad,23,Android,1
34118.03,Bill Payment,Chennai,6,Android,0
28047.75,Send Money,Bangalore,10,iOS,0
14597.57,Merchant Payment,Bangalore,7,Android,0
5700.06,Send Money,Chennai,2,iOS,0
9775.32,Merchant Payment,Bangalore,1,iOS,0
17523.54,Bill Payment,Kolkata,21,Android,0
24153.62,Bill Payment,Bangalore,22,Android,0
40513.15,Send Money,Bangalore,14,iOS,1
6448.31,Bill Payment,Bangalore,4,iOS,0
43516.52,Merchant Payment,Chennai,23,iOS,0
35798.99,Bill Payment,Chennai,0,iOS,0
42946.38,Bill Payment,Mumbai,17,Android,0
40121.5,Bill Payment,Mumbai,1,iOS,0
12970.72,Bill Payment,Bangalore,22,iOS,0
47978.01,Send Money,Mumbai,19,iOS,0
24458.28,Merchant Payment,Kolkata,16,Android,0
4267.25,Bill Payment,Delhi,9,Android,0
11223.88,Merchant Payment,Bangalore,22,Android,0
9838.02,Merchant Payment,Mumbai,2,iOS,0
35131.25,Send Money,Hyderabad,21,iOS,0
6043.93,Send Money,Kolkata,17,iOS,0
3955.07,Send Money,Bangalore,18,iOS,0
38042.35,Bill Payment,Kolkata,17,iOS,0
5976.38,Merchant Payment,Chennai,17,Android,0
28493.87,Bill Payment,Bangalore,17,iOS,0
44476.97,Send Money,Kolkata,17,Android,0
22758.6,Send Money,Delhi,22,iOS,0
17775.89,Send Money,Delhi,17,iOS,0
30581.58,Merchant Payment,Kolkata,5,Android,0
29182.16,Send Money,Mumbai,6,iOS,0
38981.5,Bill Payment,Hyderabad,15,Android,0
23767.56,Merchant Payment,Delhi,13,Android,0
3489.71,Merchant Payment,Chennai,22,iOS,0
8613.81,Bill Payment,Kolkata,20,Android,0
29847.56,Send Money,Hyderabad,16,Android,0
11930.32,Bill Payment,Hyderabad,6,iOS,0
11015.76,Send Money,Delhi,12,Android,0
7583.83,Send Money,Mumbai,21,iOS,0
20952.2,Merchant Payment,Chennai,18,iOS,0
46646.23,Send Money,Mumbai,23,iOS,1
33671.27,Merchant Payment,Chennai,11,Android,0
32873.2,Send Money,Bangalore,18,iOS,0
39679.71,Merchant Payment,Delhi,16,Android,0
6329.03,Merchant Payment,Bangalore,9,Android,0
3981.91,Bill Payment,Delhi,3,Android,0
31191.64,Merchant Payment,Kolkata,12,iOS,0
38361.15,Bill Payment,Hyderabad,20,iOS,0
19782.03,Bill Payment,Mumbai,18,Android,0
2628.42,Send Money,Delhi,4,iOS,0
9345.15,Send Money,Kolkata,2,iOS,0
1540.15,Send Money,Bangalore,20,Android,0
6233.88,Send Money,Delhi,12,iOS,0
38426.83,Send Money,Kolkata,12,Android,0
1948.06,Merchant Payment,Chennai,6,iOS,0
17316.9,Bill Payment,Bangalore,0,iOS,0
26618.05,Merchant Payment,Hyderabad,21,Android,0
31532.6,Bill Payment,Bangalore,13,iOS,0
28329.0,Send Money,Bangalore,16,iOS,0
29896.25,Send Money,Kolkata,15,iOS,0
34023.21,Send Money,Kolkata,8,Android,0
4274.46,Merchant Payment,Bangalore,14,Android,0
42242.76,Bill Payment,Mumbai,23,iOS,0
31704.23,Merchant Payment,Mumbai,12,Android,1
44076.07,Bill Payment,Kolkata,13,iOS,0
4906.96,Bill Payment,Mumbai,6,Android,0
35792.06,Merchant Payment,Chennai,14,iOS,0
34016.77,Bill Payment,Chennai,22,Android,0
19842.62,Bill Payment,Mumbai,0,iOS,0
48623.08,Merchant Payment,Hyderabad,0,Android,1
659.48,Merchant Payment,Chennai,17,Android,0
34565.16,Merchant Payment,Kolkata,7,Android,0
3963.5,Merchant Payment,Chennai,4,iOS,0
845.21,Bill Payment,Hyderabad,9,iOS,0
16237.24,Merchant Payment,Delhi,19,Android,0
26083.41,Send Money,Chennai,9,iOS,0
47536.33,Bill Payment,Chennai,10,Android,0
14065.96,Merchant Payment,Delhi,18,Android,0
12302.7,Bill Payment,Kolkata,15,Android,0
42685.13,Send Money,Hyderabad,18,Android,0
25507.57,Bill Payment,Bangalore,19,Android,0
133.77,Bill Payment,Mumbai,21,Android,0
3040.62,Bill Payment,Chennai,9,iOS,0
16832.32,Merchant Payment,Mumbai,18,iOS,0
30044.6,Merchant Payment,Chennai,23,Android,0
39100.97,Bill Payment,Kolkata,10,iOS,0
18245.01,Merchant Payment,Hyderabad,6,Android,0
43088.12,Merchant Payment,Kolkata,15,Android,0
5089.26,Send Money,Mumbai,19,Android,0
48962.83,Send Money,Mumbai,12,iOS,0
39240.25,Merchant Payment,Chennai,18,Android,0
14219.03,Bill Payment,Hyderabad,10,Android,0
45584.94,Send Money,Mumbai,21,iOS,1
31734.3,Send Money,Hyderabad,22,iOS,1
684.13,Send Money,Kolkata,16,Android,0
31508.21,Send Money,Delhi,18,Android,0
20983.1,Bill Payment,Kolkata,9,iOS,0
45085.31,Merchant Payment,Bangalore,4,iOS,0
47653.32,Bill Payment,Delhi,4,Android,1
22454.88,Merchant Payment,Chennai,14,iOS,0
25164.05,Merchant Payment,Bangalore,2,iOS,0
8129.5,Merchant Payment,Mumbai,11,iOS,0
30031.96,Bill Payment,Chennai,10,iOS,0
12722.26,Bill Payment,Delhi,7,iOS,0
23761.03,Merchant Payment,Hyderabad,8,iOS,0
49888.47,Merchant Payment,Chennai,2,Android,1
12594.88,Bill Payment,Chennai,13,iOS,0
10560.2,Bill Payment,Delhi,17,Android,0
23323.23,Send Money,Kolkata,22,Android,0
11628.53,Send Money,Bangalore,0,iOS,0
36179.23,Send Money,Bangalore,21,Android,1
5495.16,Merchant Payment,Bangalore,5,iOS,0
38480.7,Merchant Payment,Kolkata,0,Android,1
20207.15,Merchant Payment,Chennai,23,iOS,0
25835.53,Merchant Payment,Chennai,20,Android,0
31354.93,Bill Payment,Kolkata,7,iOS,0
32953.08,Send Money,Delhi,0,Android,0
40939.07,Merchant Payment,Bangalore,21,Android,0
2279.88,Merchant Payment,Delhi,5,Android,0
29407.19,Merchant Payment,Chennai,7,Android,0
1113.77,Send Money,Bangalore,1,iOS,1
5487.84,Merchant Payment,Hyderabad,11,iOS,0
48621.95,Merchant Payment,Chennai,17,iOS,0
17338.1,Merchant Payment,Delhi,8,iOS,0
45840.74,Merchant Payment,Chennai,14,Android,0
33257.94,Send Money,Chennai,12,iOS,0
46733.54,Send Money,Delhi,9,Android,1
15635.82,Bill Payment,Kolkata,18,iOS,0
13656.47,Send Money,Hyderabad,19,Android,0
40872.4,Merchant Payment,Bangalore,2,Android,0
35610.77,Merchant Payment,Chennai,16,Android,0
45146.72,Send Money,Mumbai,23,iOS,0
17576.42,Merchant Payment,Chennai,16,Android,0
15798.69,Send Money,Delhi,16,iOS,1
27311.15,Send Money,Bangalore,12,iOS,0
20279.5,Send Money,Chennai,22,iOS,0
21033.69,Bill Payment,Bangalore,5,Android,0
1548.92,Bill Payment,Chennai,16,Android,0
17444.04,Bill Payment,Chennai,21,iOS,0
24150.85,Bill Payment,Bangalore,5,iOS,0
30723.7,Send Money,Kolkata,6,Android,1
28140.08,Send Money,Bangalore,22,Android,0
40597.32,Bill Payment,Chennai,17,Android,0
17464.15,Merchant Payment,Delhi,13,iOS,0
41227.9,Bill Payment,Delhi,12,Android,0
23186.11,Send Money,Chennai,6,iOS,0
46097.06,Bill Payment,Mumbai,19,Android,0
28988.22,Bill Payment,Delhi,1,iOS,0
12428.56,Merchant Payment,Chennai,16,iOS,0
25893.02,Merchant Payment,Hyderabad,16,iOS,0
760.88,Bill Payment,Delhi,15,Android,0
30860.44,Merchant Payment,Hyderabad,12,Android,0
49657.49,Merchant Payment,Mumbai,9,iOS,0
3567.59,Merchant Payment,Kolkata,15,iOS,0
26217.31,Send Money,Delhi,19,iOS,0
2185.76,Bill Payment,Kolkata,0,iOS,0
46172.17,Bill Payment,Delhi,1,Android,0
27223.35,Bill Payment,Delhi,13,Android,0
12977.25,Merchant Payment,Kolkata,7,iOS,0
9170.57,Merchant Payment,Delhi,5,Android,0
16800.94,Merchant Payment,Hyderabad,3,iOS,0
25030.43,Bill Payment,Delhi,20,Android,0
35417.78,Bill Payment,Delhi,18,Android,1
21179.96,Send Money,Chennai,11,iOS,0
47213.45,Merchant Payment,Chennai,9,iOS,0
14356.44,Send Money,Mumbai,18,iOS,0
20155.92,Bill Payment,Mumbai,16,Android,0
37735.35,Send Money,Hyderabad,10,Android,0
38873.47,Merchant Payment,Mumbai,8,iOS,0
2568.59,Send Money,Bangalore,14,iOS,0
19358.52,Merchant Payment,Hyderabad,3,Android,0
41429.25,Bill Payment,Delhi,10,iOS,0
17532.83,Bill Payment,Chennai,15,Android,0
3466.76,Merchant Payment,Hyderabad,0,Android,0
34038.53,Send Money,Delhi,8,iOS,0
4925.81,Merchant Payment,Kolkata,2,Android,0
25321.85,Send Money,Chennai,21,Android,0
17621.19,Send Money,Delhi,11,Android,0
8303.93,Bill Payment,Kolkata,4,Android,0
5753.66,Bill Payment,Hyderabad,0,iOS,0
30398.19,Merchant Payment,Chennai,16,iOS,0
47219.55,Merchant Payment,Hyderabad,10,Android,0
47920.32,Bill Payment,Kolkata,20,iOS,0
16390.47,Send Money,Mumbai,7,Android,0
22817.52,Send Money,Bangalore,19,iOS,0
36892.81,Send Money,Mumbai,20,iOS,0
16645.74,Merchant Payment,Kolkata,17,Android,0
20054.41,Merchant Payment,Bangalore,7,iOS,0
1070.73,Send Money,Delhi,3,iOS,0
49329.96,Merchant Payment,Bangalore,2,Android,0
47705.96,Bill Payment,Hyderabad,9,iOS,0
14808.46,Send Money,Hyderabad,18,Android,0
44757.86,Send Money,Kolkata,17,iOS,0
48894.75,Bill Payment,Kolkata,20,iOS,0
8566.68,Merchant Payment,Mumbai,11,iOS,0
17959.05,Send Money,Hyderabad,4,Android,1
22011.65,Send Money,Hyderabad,13,iOS,0
43388.98,Merchant Payment,Bangalore,8,iOS,0
32551.97,Merchant Payment,Mumbai,6,iOS,0
42820.3,Bill Payment,Hyderabad,1,Android,0
32137.48,Bill Payment,Kolkata,12,iOS,0
48782.07,Merchant Payment,Hyderabad,16,iOS,0
25189.42,Send Money,Delhi,9,iOS,0
45337.46,Merchant Payment,Mumbai,18,iOS,0
48211.4,Send Money,Kolkata,11,Android,0
35711.33,Bill Payment,Delhi,2,iOS,0
30104.5,Merchant Payment,Hyderabad,11,Android,0
10202.5,Merchant Payment,Hyderabad,12,Android,0
35489.43,Merchant Payment,Delhi,16,iOS,0
15866.6,Merchant Payment,Mumbai,15,iOS,0
15957.56,Merchant Payment,Delhi,8,iOS,0
1322.54,Merchant Payment,Hyderabad,16,iOS,0
43878.58,Bill Payment,Hyderabad,8,iOS,0
7723.22,Bill Payment,Mumbai,1,Android,0
419.03,Merchant Payment,Bangalore,2,iOS,0
10459.06,Merchant Payment,Delhi,10,iOS,0
33653.33,Merchant Payment,Mumbai,13,Android,0
44075.03,Send Money,Mumbai,14,Android,0
30790.11,Send Money,Mumbai,23,Android,1
2076.39,Bill Payment,Kolkata,13,iOS,0
25022.46,Merchant Payment,Bangalore,8,iOS,0
27150.54,Bill Payment,Kolkata,0,Android,0
28407.95,Send Money,Hyderabad,0,iOS,0
47192.05,Merchant Payment,Mumbai,1,iOS,0
15978.47,Merchant Payment,Mumbai,12,Android,0
41790.86,Send Money,Hyderabad,7,iOS,0
42534.96,Merchant Payment,Hyderabad,22,Android,0
11678.08,Send Money,Chennai,16,iOS,0
14752.26,Bill Payment,Kolkata,11,Android,0
40595.44,Bill Payment,Chennai,6,iOS,0
41423.2,Bill Payment,Bangalore,11,iOS,0
4944.33,Send Money,Hyderabad,20,Android,0
12622.27,Merchant Payment,Chennai,10,iOS,0
37764.55,Merchant Payment,Kolkata,8,iOS,0
20144.52,Merchant Payment,Kolkata,3,iOS,0
1253.48,Merchant Payment,Delhi,14,iOS,0
7473.53,Merchant Payment,Delhi,23,iOS,0
20388.89,Bill Payment,Mumbai,23,iOS,0
35481.57,Bill Payment,Delhi,7,iOS,0
5629.36,Merchant Payment,Kolkata,12,iOS,0
18924.33,Send Money,Hyderabad,5,Android,0
25776.94,Merchant Payment,Mumbai,17,Android,0
40466.13,Send Money,Mumbai,7,Android,0
29972.12,Send Money,Delhi,22,iOS,0
39722.82,Send Money,Mumbai,16,iOS,0
4098.78,Merchant Payment,Bangalore,17,Android,0
36095.42,Send Money,Chennai,20,Android,0
39230.03,Bill Payment,Mumbai,0,iOS,1
17450.79,Bill Payment,Mumbai,16,Android,0
3057.2,Send Money,Bangalore,14,Android,0
15401.78,Bill Payment,Mumbai,2,iOS,0
18601.01,Merchant Payment,Mumbai,18,iOS,0
4584.53,Send Money,Hyderabad,15,Android,0
1906.06,Bill Payment,Hyderabad,21,Android,0
38302.08,Bill Payment,Delhi,10,iOS,0
30633.49,Bill Payment,Mumbai,2,iOS,0
14303.62,Send Money,Chennai,6,iOS,0
30872.8,Send Money,Delhi,10,iOS,0
22149.35,Bill Payment,Kolkata,4,Android,0
9027.76,Merchant Payment,Hyderabad,14,iOS,0
7271.44,Merchant Payment,Kolkata,4,iOS,0
39847.8,Merchant Payment,Delhi,3,iOS,0
46992.4,Send Money,Hyderabad,21,Android,0
10244.62,Bill Payment,Bangalore,23,iOS,0
43840.24,Bill Payment,Chennai,23,Android,1
1461.59,Send Money,Hyderabad,16,iOS,0
36856.15,Merchant Payment,Chennai,13,iOS,0
44616.46,Bill Payment,Chennai,2,Android,0
8146.35,Bill Payment,Kolkata,11,Android,0
30023.09,Bill Payment,Chennai,14,Android,0
37528.4,Bill Payment,Mumbai,7,iOS,0
48368.38,Send Money,Hyderabad,8,iOS,0
31270.36,Send Money,Hyderabad,23,iOS,0
11656.94,Merchant Payment,Delhi,9,iOS,0
24213.52,Bill Payment,Kolkata,21,iOS,0
10725.16,Bill Payment,Delhi,21,iOS,0
4013.57,Send Money,Chennai,21,Android,0
8430.86,Send Money,Kolkata,8,iOS,0
12184.31,Send Money,Delhi,16,Android,0
18290.57,Bill Payment,Mumbai,21,Android,0
5301.96,Merchant Payment,Mumbai,4,Android,0
18339.34,Send Money,Bangalore,6,Android,0
34010.0,Bill Payment,Delhi,10,Android,0
21537.59,Send Money,Kolkata,4,Android,0
3435.19,Bill Payment,Chennai,23,iOS,0
15224.8,Bill Payment,Kolkata,21,Android,0
47124.08,Merchant Payment,Chennai,4,Android,0
40787.65,Bill Payment,Mumbai,11,iOS,0
28288.86,Bill Payment,Delhi,20,iOS,0
2572.27,Send Money,Chennai,10,Android,0
6869.87,Bill Payment,Hyderabad,21,iOS,0
22158.48,Send Money,Kolkata,6,Android,0
16247.98,Bill Payment,Delhi,5,iOS,0
16917.99,Merchant Payment,Mumbai,23,Android,0
46761.76,Merchant Payment,Hyderabad,15,iOS,0
44451.06,Merchant Payment,Kolkata,23,Android,0
21534.94,Merchant Payment,Mumbai,22,iOS,0
35585.47,Merchant Payment,Chennai,15,Android,0
14730.35,Send Money,Mumbai,12,Android,0
1929.43,Bill Payment,Hyderabad,2,iOS,0
11620.95,Bill Payment,Mumbai,9,iOS,0
22601.91,Send Money,Delhi,20,iOS,0
49782.68,Send Money,Mumbai,23,iOS,0
33691.6,Send Money,Kolkata,1,Android,0
10440.73,Bill Payment,Chennai,16,Android,0
178.24,Merchant Payment,Delhi,1,Android,1
45176.98,Bill Payment,Bangalore,4,iOS,1
1176.22,Bill Payment,Kolkata,10,Android,0
16515.65,Send Money,Hyderabad,20,iOS,0
36647.03,Bill Payment,Bangalore,17,Android,0
6610.19,Merchant Payment,Kolkata,12,Android,0
35115.96,Send Money,Chennai,19,Android,0
28983.1,Send Money,Delhi,21,Android,0
11037.96,Send Money,Hyderabad,15,iOS,0
38480.4,Merchant Payment,Mumbai,0,iOS,0
12640.48,Bill Payment,Bangalore,4,iOS,0
10438.52,Send Money,Bangalore,9,Android,0
46397.43,Bill Payment,Chennai,23,iOS,0
45893.01,Send Money,Delhi,11,iOS,0
30937.08,Merchant Payment,Kolkata,5,iOS,0
13639.39,Merchant Payment,Hyderabad,4,Android,0
45617.23,Merchant Payment,Mumbai,13,iOS,0
12224.87,Bill Payment,Chennai,20,iOS,0
22106.04,Bill Payment,Hyderabad,4,iOS,0
41603.77,Send Money,Chennai,1,Android,1
40117.45,Send Money,Delhi,19,iOS,0
29389.04,Merchant Payment,Kolkata,14,iOS,0
8795.8,Merchant Payment,Delhi,3,iOS,0
36387.23,Bill Payment,Chennai,13,iOS,0
4655.16,Merchant Payment,Mumbai,5,Android,0
49354.39,Send Money,Hyderabad,6,iOS,0
1338.83,Send Money,Chennai,20,Android,0
3120.32,Send Money,Delhi,0,Android,0
29218.45,Merchant Payment,Chennai,3,Android,0
45168.86,Merchant Payment,Mumbai,12,Android,0
12269.9,Merchant Payment,Chennai,4,Android,0
42700.49,Bill Payment,Bangalore,0,Android,0
5392.4,Merchant Payment,Bangalore,9,iOS,0
24496.05,Merchant Payment,Bangalore,7,Android,0
15341.92,Send Money,Kolkata,1,iOS,0
8499.77,Merchant Payment,Delhi,17,iOS,0
43652.85,Send Money,Mumbai,20,Android,0
27885.94,Merchant Payment,Hyderabad,1,iOS,0
5484.96,Merchant Payment,Kolkata,16,Android,0
31074.6,Bill Payment,Kolkata,9,Android,0
22698.96,Bill Payment,Mumbai,13,iOS,0
22603.84,Bill Payment,Kolkata,6,Android,0
31141.22,Send Money,Hyderabad,10,iOS,0
20734.12,Merchant Payment,Bangalore,10,Android,0
32964.38,Send Money,Chennai,15,Android,0
495.12,Merchant Payment,Mumbai,5,iOS,0
33512.47,Bill Payment,Mumbai,18,iOS,0
21191.23,Send Money,Bangalore,21,iOS,0
21879.59,Bill Payment,Mumbai,18,iOS,0
18937.4,Bill Payment,Chennai,7,iOS,0
20422.25,Bill Payment,Kolkata,21,Android,0
6097.88,Merchant Payment,Hyderabad,11,Android,0
24673.81,Send Money,Kolkata,3,Android,0
24383.62,Merchant Payment,Bangalore,22,Android,0
40687.18,Send Money,Chennai,4,Android,0
42804.73,Send Money,Delhi,2,Android,0
24094.54,Send Money,Chennai,14,iOS,0
15962.43,Send Money,Chennai,16,iOS,0
40755.25,Bill Payment,Chennai,6,Android,0
36793.05,Merchant Payment,Bangalore,23,Android,0
46479.55,Send Money,Hyderabad,23,Android,1
38409.71,Merchant Payment,Chennai,11,iOS,0
1864.36,Send Money,Delhi,2,Android,0
19160.31,Send Money,Kolkata,20,Android,0
44961.18,Merchant Payment,Bangalore,13,iOS,0
24395.99,Send Money,Kolkata,4,Android,0
20066.31,Merchant Payment,Kolkata,11,iOS,0
36165.12,Send Money,Bangalore,8,Android,0
6222.69,Bill Payment,Hyderabad,3,iOS,0
24580.64,Send Money,Bangalore,0,iOS,1
14068.1,Bill Payment,Delhi,14,iOS,0
32154.53,Merchant Payment,Hyderabad,11,Android,0
13719.89,Send Money,Bangalore,21,Android,0
3571.93,Merchant Payment,Chennai,15,iOS,0
8908.8,Bill Payment,Mumbai,7,iOS,0
29250.11,Send Money,Chennai,18,Android,0
47571.69,Merchant Payment,Kolkata,12,iOS,0
22824.09,Merchant Payment,Hyderabad,6,iOS,0
26900.49,Bill Payment,Kolkata,16,Android,0
36640.46,Send Money,Hyderabad,21,Android,0
1388.33,Send Money,Chennai,17,Android,0
43477.24,Merchant Payment,Delhi,21,iOS,0
28928.0,Merchant Payment,Hyderabad,4,iOS,0
49388.52,Merchant Payment,Hyderabad,12,Android,0
11217.64,Bill Payment,Chennai,23,iOS,0
13132.94,Merchant Payment,Bangalore,23,Android,0
25382.08,Merchant Payment,Bangalore,4,Android,0
20995.57,Bill Payment,Mumbai,1,Android,0
35546.21,Bill Payment,Bangalore,14,Android,0
6083.08,Bill Payment,Kolkata,16,iOS,0
46220.93,Merchant Payment,Mumbai,19,Android,0
37330.95,Bill Payment,Mumbai,18,Android,0
21215.53,Bill Payment,Chennai,5,iOS,0
8755.2,Merchant Payment,Delhi,13,Android,0
15914.13,Send Money,Hyderabad,19,Android,0
38936.1,Send Money,Mumbai,14,Android,0
5652.64,Send Money,Hyderabad,4,Android,0
3202.79,Bill Payment,Hyderabad,14,Android,0
33724.84,Bill Payment,Mumbai,1,iOS,0
46659.02,Send Money,Kolkata,0,Android,1
41993.1,Bill Payment,Delhi,22,Android,1
8057.78,Send Money,Delhi,16,iOS,0
2542.03,Bill Payment,Bangalore,18,iOS,0
40174.55,Send Money,Hyderabad,7,Android,0
33314.29,Merchant Payment,Delhi,1,iOS,0
19808.56,Merchant Payment,Hyderabad,22,iOS,0
8892.97,Bill Payment,Kolkata,7,iOS,0
49378.29,Bill Payment,Chennai,18,iOS,0
1513.12,Merchant Payment,Hyderabad,17,iOS,0
5598.12,Send Money,Mumbai,20,iOS,0
15080.83,Bill Payment,Mumbai,0,iOS,0
15016.24,Send Money,Hyderabad,1,iOS,0
10370.95,Merchant Payment,Mumbai,6,iOS,0
49211.6,Bill Payment,Bangalore,22,iOS,0
6325.41,Bill Payment,Kolkata,21,iOS,1
33996.93,Send Money,Delhi,13,iOS,1
27216.76,Send Money,Kolkata,3,iOS,0
4750.37,Bill Payment,Delhi,21,iOS,0
12682.94,Send Money,Delhi,4,Android,0
36183.58,Bill Payment,Kolkata,5,Android,0
21798.9,Merchant Payment,Chennai,3,Android,0
16977.41,Send Money,Hyderabad,8,iOS,0
37812.38,Send Money,Delhi,17,Android,0
45697.87,Send Money,Bangalore,0,Android,1
16701.79,Bill Payment,Bangalore,20,Android,0
3458.65,Merchant Payment,Hyderabad,16,iOS,0
11307.74,Merchant Payment,Chennai,7,iOS,0
5622.82,Send Money,Delhi,1,Android,0
23755.41,Send Money,Mumbai,15,Android,1
9660.04,Send Money,Kolkata,14,Android,0
9800.53,Send Money,Chennai,23,Android,0
38640.87,Send Money,Hyderabad,12,iOS,0
29493.55,Merchant Payment,Bangalore,12,Android,0
17461.32,Bill Payment,Delhi,4,iOS,0
48227.74,Send Money,Delhi,1,iOS,1
44043.52,Merchant Payment,Chennai,1,Android,0
38602.63,Merchant Payment,Chennai,3,iOS,0
39291.09,Send Money,Kolkata,4,iOS,1
40332.77,Send Money,Chennai,23,iOS,0
24275.82,Bill Payment,Hyderabad,21,Android,0
38720.53,Send Money,Mumbai,5,Android,0
21562.26,Send Money,Bangalore,7,Android,0
21715.91,Send Money,Delhi,18,Android,0
4264.65,Send Money,Kolkata,11,iOS,0
36543.02,Send Money,Chennai,12,Android,0
31842.3,Send Money,Delhi,16,iOS,0
8220.01,Send Money,Bangalore,19,iOS,0
20678.79,Merchant Payment,Chennai,8,iOS,0
36622.1,Send Money,Mumbai,20,Android,0
46223.56,Merchant Payment,Hyderabad,4,Android,0
24819.87,Merchant Payment,Bangalore,15,iOS,0
33034.43,Bill Payment,Delhi,6,iOS,0
11739.25,Merchant Payment,Chennai,17,iOS,0
13810.39,Bill Payment,Delhi,11,Android,0
15212.17,Merchant Payment,Bangalore,4,iOS,1
18376.55,Merchant Payment,Hyderabad,13,iOS,0
41089.03,Send Money,Bangalore,17,Android,0
6831.51,Merchant Payment,Kolkata,0,Android,0
19389.84,Merchant Payment,Mumbai,12,iOS,0
40178.62,Bill Payment,Hyderabad,5,Android,0
46731.55,Merchant Payment,Hyderabad,23,Android,0
47426.31,Merchant Payment,Delhi,4,iOS,0
4292.3,Send Money,Delhi,15,iOS,0
15310.07,Bill Payment,Delhi,13,Android,0
39158.06,Merchant Payment,Bangalore,22,iOS,0
33780.88,Send Money,Kolkata,23,Android,0
24596.83,Merchant Payment,Bangalore,20,Android,0
42007.73,Send Money,Delhi,21,Android,0
145.45,Merchant Payment,Kolkata,5,Android,0
2576.75,Send Money,Bangalore,9,Android,0
16254.96,Bill Payment,Kolkata,10,iOS,0
22865.26,Bill Payment,Hyderabad,22,Android,0
3394.72,Merchant Payment,Chennai,2,Android,0
12749.53,Merchant Payment,Hyderabad,16,iOS,0
49654.07,Merchant Payment,Bangalore,7,iOS,0
13339.44,Bill Payment,Chennai,19,Android,0
39603.23,Send Money,Mumbai,10,iOS,1
33826.05,Send Money,Bangalore,12,iOS,0
9369.96,Merchant Payment,Chennai,1,iOS,0
17019.54,Send Money,Chennai,9,iOS,0
40072.89,Merchant Payment,Bangalore,4,Android,0
12301.17,Bill Payment,Hyderabad,17,Android,0
16961.29,Merchant Payment,Chennai,16,Android,0
41074.53,Send Money,Delhi,11,iOS,0
6251.99,Bill Payment,Mumbai,5,iOS,0
49887.38,Bill Payment,Hyderabad,21,Android,0
21284.49,Send Money,Kolkata,14,iOS,0
25640.13,Merchant Payment,Mumbai,18,Android,0
12020.09,Bill Payment,Kolkata,19,iOS,0
13053.83,Merchant Payment,Bangalore,5,Android,0
17981.11,Bill Payment,Kolkata,23,iOS,0
30164.16,Send Money,Delhi,22,Android,0
27290.5,Send Money,Kolkata,5,Android,1
4972.02,Bill Payment,Kolkata,12,iOS,0
13284.94,Send Money,Kolkata,1,Android,0
16900.22,Send Money,Chennai,21,Android,0
1699.17,Bill Payment,Delhi,6,Android,0
27309.87,Send Money,Chennai,0,iOS,0
7447.33,Merchant Payment,Chennai,10,Android,0
33776.9,Send Money,Chennai,4,iOS,0
37285.28,Bill Payment,Delhi,6,Android,1
18831.93,Bill Payment,Chennai,17,Android,0
31649.3,Send Money,Delhi,15,Android,0
28729.07,Send Money,Mumbai,23,Android,0
44170.24,Bill Payment,Delhi,9,iOS,0
48351.75,Bill Payment,Kolkata,11,Android,0
35514.09,Send Money,Delhi,11,iOS,0
7244.39,Bill Payment,Delhi,0,Android,0
6973.55,Merchant Payment,Chennai,11,iOS,0
42407.43,Bill Payment,Delhi,0,iOS,0
25927.17,Send Money,Hyderabad,22,Android,0
8238.72,Send Money,Hyderabad,14,Android,0
47627.04,Send Money,Chennai,10,Android,0
13358.38,Merchant Payment,Bangalore,7,iOS,0
29239.95,Merchant Payment,Chennai,16,Android,0
35044.38,Merchant Payment,Kolkata,5,Android,0
36693.24,Merchant Payment,Chennai,19,iOS,0
32062.93,Send Money,Kolkata,6,Android,0
30007.56,Bill Payment,Delhi,8,iOS,0
29775.17,Bill Payment,Kolkata,15,iOS,0
45886.4,Bill Payment,Delhi,7,iOS,0
36135.61,Bill Payment,Kolkata,21,Android,0
1779.68,Send Money,Chennai,2,iOS,0
11549.66,Bill Payment,Chennai,7,iOS,0
13095.96,Send Money,Chennai,1,Android,0
17901.08,Bill Payment,Mumbai,14,iOS,0
26223.9,Merchant Payment,Delhi,1,Android,0
36424.23,Merchant Payment,Bangalore,8,iOS,0
37207.66,Send Money,Chennai,15,Android,0
3118.57,Merchant Payment,Delhi,8,iOS,0
42830.4,Bill Payment,Chennai,20,iOS,0
16880.81,Send Money,Chennai,8,Android,0
22802.7,Send Money,Mumbai,2,Android,0
31523.61,Bill Payment,Delhi,8,iOS,0
31363.7,Bill Payment,Kolkata,21,iOS,0
260.11,Merchant Payment,Mumbai,1,Android,0
12592.68,Send Money,Delhi,0,Android,0
23563.46,Bill Payment,Mumbai,4,iOS,0
43276.69,Bill Payment,Hyderabad,8,iOS,0
28992.54,Send Money,Hyderabad,5,iOS,0
10502.58,Bill Payment,Delhi,8,Android,0
44816.35,Bill Payment,Hyderabad,10,Android,0
35920.63,Send Money,Chennai,19,iOS,0
15058.66,Merchant Payment,Bangalore,8,iOS,0
16357.9,Bill Payment,Delhi,10,Android,0
20346.19,Merchant Payment,Mumbai,12,Android,0
49092.39,Send Money,Hyderabad,13,Android,1
17179.02,Merchant Payment,Hyderabad,20,iOS,0
7435.23,Send Money,Kolkata,23,iOS,0
18961.56,Send Money,Chennai,3,Android,1
19441.6,Send Money,Hyderabad,19,iOS,0
40926.66,Bill Payment,Delhi,10,iOS,0
28406.73,Bill Payment,Mumbai,22,iOS,0
14328.76,Bill Payment,Kolkata,17,iOS,0
3274.86,Merchant Payment,Bangalore,21,Android,0
44518.35,Send Money,Chennai,7,iOS,0
49346.26,Send Money,Mumbai,16,Android,0
5591.57,Send Money,Hyderabad,1,iOS,0
22562.6,Send Money,Bangalore,0,iOS,0
34309.34,Bill Payment,Chennai,15,iOS,0
8167.87,Send Money,Chennai,7,iOS,0
37218.71,Merchant Payment,Bangalore,20,Android,0
43244.72,Merchant Payment,Bangalore,23,iOS,0
4775.53,Bill Payment,Kolkata,3,iOS,0
19296.91,Send Money,Kolkata,12,iOS,0
4277.69,Send Money,Chennai,17,Android,0
4075.12,Send Money,Hyderabad,6,Android,0
25387.68,Merchant Payment,Hyderabad,21,Android,0
13247.68,Send Money,Mumbai,23,iOS,0
42224.35,Send Money,Hyderabad,9,iOS,0
11120.67,Bill Payment,Kolkata,14,Android,0
25329.32,Send Money,Kolkata,19,Android,0
21370.96,Send Money,Hyderabad,22,iOS,0
13957.92,Bill Payment,Kolkata,12,iOS,0
39848.33,Bill Payment,Bangalore,20,Android,0
25542.17,Send Money,Kolkata,15,Android,0
48929.39,Bill Payment,Bangalore,0,iOS,0
6409.62,Send Money,Delhi,11,iOS,0
1022.6,Send Money,Mumbai,9,Android,0
47564.74,Merchant Payment,Kolkata,2,Android,0
5210.55,Merchant Payment,Chennai,16,iOS,0
12257.74,Merchant Payment,Kolkata,1,Android,1
16017.07,Bill Payment,Bangalore,21,Android,0
49189.93,Merchant Payment,Kolkata,10,Android,0
15909.33,Send Money,Delhi,4,iOS,0
14718.99,Send Money,Hyderabad,7,Android,0
23473.72,Merchant Payment,Hyderabad,17,iOS,0
12403.5,Merchant Payment,Chennai,6,Android,0
27919.66,Bill Payment,Kolkata,10,iOS,0
19746.15,Merchant Payment,Kolkata,9,iOS,0
26478.12,Bill Payment,Kolkata,9,Android,0
40504.62,Bill Payment,Bangalore,17,Android,0
28480.63,Bill Payment,Delhi,23,Android,0
8677.63,Send Money,Bangalore,23,Android,0
25595.35,Bill Payment,Delhi,13,Android,0
19453.46,Bill Payment,Bangalore,3,iOS,0
33598.57,Merchant Payment,Chennai,9,Android,0
28262.72,Merchant Payment,Mumbai,17,iOS,0
40178.34,Send Money,Mumbai,20,Android,0
14549.05,Send Money,Bangalore,10,iOS,0
26790.16,Merchant Payment,Mumbai,4,iOS,0
43129.04,Bill Payment,Chennai,7,Android,0
46815.39,Send Money,Delhi,17,Android,0
42834.52,Merchant Payment,Chennai,9,iOS,0
44926.6,Merchant Payment,Kolkata,14,iOS,0
7464.78,Merchant Payment,Mumbai,8,Android,0
34564.67,Merchant Payment,Delhi,9,Android,0
47826.66,Send Money,Kolkata,15,Android,0
516.54,Merchant Payment,Delhi,10,iOS,0
35624.05,Send Money,Kolkata,18,Android,0
29294.34,Bill Payment,Bangalore,3,Android,0
40497.58,Send Money,Kolkata,3,Android,1
23395.27,Bill Payment,Hyderabad,21,iOS,0
17196.43,Send Money,Chennai,4,iOS,0
7916.32,Merchant Payment,Kolkata,22,iOS,0
1362.52,Send Money,Hyderabad,16,Android,0
12876.73,Send Money,Hyderabad,16,iOS,0
28580.06,Send Money,Mumbai,14,iOS,0
15184.22,Send Money,Chennai,20,Android,0
45906.46,Bill Payment,Mumbai,21,iOS,0
7528.3,Merchant Payment,Mumbai,8,Android,0
18090.01,Send Money,Chennai,13,Android,0
42598.22,Merchant Payment,Delhi,22,iOS,0
952.81,Merchant Payment,Delhi,11,iOS,0
8638.34,Send Money,Mumbai,10,Android,0
47457.46,Bill Payment,Hyderabad,12,Android,0
27227.64,Bill Payment,Mumbai,6,Android,0
13341.18,Merchant Payment,Kolkata,20,iOS,0
7432.92,Merchant Payment,Mumbai,2,iOS,0
37051.98,Merchant Payment,Hyderabad,17,Android,0
20813.67,Bill Payment,Chennai,3,Android,0
9951.31,Send Money,Bangalore,13,Android,0
26508.48,Bill Payment,Delhi,14,Android,0
7898.99,Merchant Payment,Kolkata,2,iOS,0
118.72,Merchant Payment,Kolkata,21,Android,0
17892.25,Bill Payment,Mumbai,2,Android,0
17569.03,Merchant Payment,Bangalore,16,Android,0
28955.12,Send Money,Kolkata,9,Android,0
47133.78,Merchant Payment,Mumbai,8,iOS,0
9684.46,Merchant Payment,Delhi,3,iOS,0
6882.9,Bill Payment,Chennai,4,Android,0
34476.31,Send Money,Bangalore,21,Android,0
35000.33,Merchant Payment,Mumbai,17,iOS,0
43691.98,Bill Payment,Chennai,13,iOS,0
4214.21,Send Money,Delhi,3,iOS,0
38714.35,Bill Payment,Mumbai,7,iOS,0
49282.21,Send Money,Kolkata,2,Android,1
4821.04,Bill Payment,Chennai,5,iOS,0
11954.34,Send Money,Delhi,10,iOS,0
36134.75,Send Money,Delhi,10,Android,1
37130.13,Bill Payment,Chennai,11,iOS,0
42152.28,Send Money,Kolkata,14,iOS,0
28460.5,Merchant Payment,Hyderabad,12,Android,0
31967.04,Merchant Payment,Hyderabad,7,Android,0
47029.43,Bill Payment,Hyderabad,16,Android,0
36642.63,Bill Payment,Hyderabad,20,Android,0
14240.37,Merchant Payment,Bangalore,23,iOS,0
1253.75,Merchant Payment,Kolkata,10,Android,0
29110.31,Bill Payment,Kolkata,4,Android,0
23886.68,Merchant Payment,Chennai,22,Android,0
9146.83,Bill Payment,Bangalore,2,iOS,0
39735.15,Send Money,Mumbai,16,iOS,0
21459.72,Merchant Payment,Kolkata,12,Android,0
39373.44,Bill Payment,Chennai,9,Android,0
5789.53,Bill Payment,Delhi,0,iOS,0
20506.36,Merchant Payment,Bangalore,19,iOS,0
2722.42,Bill Payment,Chennai,19,iOS,0
8566.33,Send Money,Delhi,15,iOS,0
16118.61,Bill Payment,Hyderabad,17,iOS,0
48173.21,Bill Payment,Hyderabad,6,Android,0
33136.24,Merchant Payment,Chennai,0,iOS,0
41137.55,Merchant Payment,Hyderabad,17,Android,0
42696.35,Bill Payment,Delhi,8,Android,0
22902.99,Send Money,Bangalore,7,iOS,1
8696.6,Bill Payment,Mumbai,12,iOS,0
44160.42,Send Money,Hyderabad,4,Android,1
33033.13,Send Money,Kolkata,4,Android,0
3706.0,Merchant Payment,Chennai,11,iOS,0
10137.97,Bill Payment,Bangalore,14,iOS,0
13244.11,Bill Payment,Bangalore,0,iOS,0
31996.7,Merchant Payment,Hyderabad,6,Android,0
46947.32,Bill Payment,Kolkata,19,Android,0
4871.23,Send Money,Delhi,8,Android,0
12017.57,Merchant Payment,Bangalore,8,Android,0
21135.47,Merchant Payment,Mumbai,18,Android,0
29357.47,Bill Payment,Hyderabad,22,iOS,0
8282.4,Bill Payment,Chennai,6,iOS,0
11560.68,Merchant Payment,Hyderabad,17,Android,0
30087.62,Bill Payment,Hyderabad,5,iOS,0
4621.19,Merchant Payment,Kolkata,14,iOS,0
21827.25,Send Money,Mumbai,15,iOS,0
32102.36,Merchant Payment,Kolkata,12,iOS,0
22249.63,Send Money,Bangalore,1,Android,0
35239.48,Send Money,Kolkata,8,Android,0
14957.72,Merchant Payment,Mumbai,16,iOS,0
48539.03,Send Money,Kolkata,6,Android,0
11341.39,Bill Payment,Hyderabad,19,Android,0
44011.18,Bill Payment,Bangalore,20,Android,0
45277.17,Send Money,Mumbai,15,Android,0
15664.61,Merchant Payment,Mumbai,17,iOS,0
27622.05,Merchant Payment,Kolkata,19,iOS,0
15223.32,Bill Payment,Delhi,23,iOS,0
8027.59,Bill Payment,Kolkata,1,iOS,0
44979.98,Send Money,Delhi,13,iOS,0
46174.63,Bill Payment,Delhi,23,Android,0
37221.28,Bill Payment,Hyderabad,1,Android,0
27242.19,Merchant Payment,Delhi,13,Android,0
15690.03,Bill Payment,Kolkata,6,iOS,0
18523.75,Send Money,Delhi,21,iOS,0
20898.26,Send Money,Mumbai,23,Android,0
12820.79,Send Money,Mumbai,8,iOS,0
2477.88,Send Money,Kolkata,17,Android,0
45827.96,Bill Payment,Chennai,22,iOS,0
3916.65,Bill Payment,Bangalore,11,iOS,0
5556.06,Merchant Payment,Delhi,22,iOS,0
5185.39,Bill Payment,Hyderabad,21,Android,0
44984.45,Merchant Payment,Mumbai,22,Android,0
34237.64,Bill Payment,Chennai,16,iOS,0
4793.89,Bill Payment,Chennai,9,iOS,0
33676.25,Send Money,Hyderabad,6,Android,0
45458.41,Send Money,Delhi,8,Android,0
49888.7,Send Money,Delhi,10,iOS,1
33593.05,Merchant Payment,Kolkata,19,iOS,0
14235.78,Send Money,Kolkata,15,iOS,0
42780.48,Bill Payment,Chennai,23,iOS,0
10693.55,Merchant Payment,Delhi,16,Android,0
14393.47,Merchant Payment,Mumbai,22,iOS,0
23327.05,Merchant Payment,Mumbai,22,Android,0
24755.19,Merchant Payment,Mumbai,18,iOS,0
25459.54,Bill Payment,Kolkata,14,iOS,0
20564.39,Merchant Payment,Bangalore,10,Android,0
31254.7,Send Money,Hyderabad,0,iOS,0
21031.38,Send Money,Hyderabad,18,iOS,0
21337.22,Send Money,Bangalore,1,iOS,0
46675.53,Merchant Payment,Bangalore,23,iOS,0
18016.75,Send Money,Bangalore,2,iOS,0
44778.42,Bill Payment,Hyderabad,20,Android,0
1382.54,Bill Payment,Mumbai,23,iOS,0
32839.37,Merchant Payment,Bangalore,14,iOS,0
23655.01,Send Money,Bangalore,5,iOS,1
20441.95,Bill Payment,Chennai,9,iOS,0
18807.93,Merchant Payment,Delhi,10,iOS,0
37967.23,Send Money,Bangalore,0,iOS,1
25364.61,Bill Payment,Kolkata,7,Android,0
34212.63,Bill Payment,Bangalore,8,Android,0
23660.63,Send Money,Mumbai,10,Android,0
31484.31,Merchant Payment,Hyderabad,4,Android,0
18008.62,Merchant Payment,Bangalore,10,iOS,0
24602.41,Send Money,Delhi,2,Android,1
48725.73,Bill Payment,Delhi,8,iOS,0
45927.17,Merchant Payment,Kolkata,15,iOS,0
30445.62,Bill Payment,Bangalore,16,Android,0
6751.64,Bill Payment,Bangalore,11,Android,0
44971.72,Bill Payment,Hyderabad,15,iOS,0
19417.23,Send Money,Bangalore,13,iOS,0
49233.65,Send Money,Bangalore,16,iOS,0
47440.14,Bill Payment,Hyderabad,5,Android,0
38703.8,Send Money,Bangalore,16,Android,0
30007.26,Merchant Payment,Delhi,9,Android,0
47222.99,Bill Payment,Kolkata,6,Android,0
36010.69,Bill Payment,Hyderabad,7,iOS,0
31196.89,Send Money,Delhi,20,Android,0
29118.75,Bill Payment,Kolkata,19,iOS,0
37775.85,Send Money,Hyderabad,21,iOS,0
26567.7,Merchant Payment,Chennai,6,Android,0
46890.63,Merchant Payment,Bangalore,14,Android,0
4046.32,Send Money,Delhi,20,iOS,0
7544.72,Bill Payment,Kolkata,3,iOS,0
8756.65,Bill Payment,Kolkata,10,Android,0
36842.49,Send Money,Hyderabad,11,iOS,0
45813.47,Merchant Payment,Bangalore,2,iOS,0
43282.28,Merchant Payment,Bangalore,2,iOS,1
18782.29,Bill Payment,Hyderabad,22,Android,0
24916.08,Send Money,Kolkata,3,iOS,0
25506.14,Send Money,Chennai,4,iOS,0
20485.63,Send Money,Bangalore,14,iOS,0
14479.22,Merchant Payment,Chennai,19,iOS,0
45862.81,Send Money,Delhi,18,iOS,0
46726.06,Merchant Payment,Chennai,7,iOS,0
32425.33,Send Money,Hyderabad,20,Android,0
37257.76,Merchant Payment,Delhi,13,Android,0
23632.29,Merchant Payment,Mumbai,12,Android,0
48465.99,Merchant Payment,Hyderabad,13,iOS,0
21474.5,Send Money,Chennai,15,Android,1
37231.55,Merchant Payment,Mumbai,22,iOS,0
39507.7,Send Money,Kolkata,19,Android,0
32974.58,Merchant Payment,Delhi,1,iOS,0
47936.39,Merchant Payment,Mumbai,21,Android,0
16908.25,Bill Payment,Delhi,17,iOS,0
47645.3,Merchant Payment,Mumbai,11,Android,0
5567.04,Send Money,Delhi,15,iOS,0
9063.03,Merchant Payment,Delhi,5,Android,0
40254.56,Bill Payment,Kolkata,6,iOS,0
49340.25,Bill Payment,Delhi,3,iOS,0
14393.04,Bill Payment,Hyderabad,1,iOS,0
580.85,Bill Payment,Kolkata,1,Android,0
38754.14,Send Money,Hyderabad,14,iOS,0
11285.58,Bill Payment,Kolkata,21,iOS,0
6217.57,Bill Payment,Chennai,18,Android,0
6641.5,Bill Payment,Hyderabad,11,iOS,0
11553.1,Merchant Payment,Kolkata,14,Android,0
49992.22,Send Money,Hyderabad,21,iOS,0
1254.36,Send Money,Kolkata,21,Android,0
31526.63,Send Money,Chennai,0,iOS,0
39597.83,Send Money,Hyderabad,23,Android,1
25191.56,Bill Payment,Delhi,6,iOS,0
41309.33,Send Money,Delhi,5,Android,1
8876.32,Merchant Payment,Mumbai,23,iOS,0
34312.05,Merchant Payment,Mumbai,2,Android,0
19617.34,Bill Payment,Mumbai,11,Android,0
40480.17,Merchant Payment,Delhi,18,Android,0
44360.63,Bill Payment,Hyderabad,4,iOS,0
49829.13,Merchant Payment,Delhi,5,Android,1
27427.05,Bill Payment,Delhi,6,Android,0
35705.38,Bill Payment,Hyderabad,1,iOS,0
173.74,Bill Payment,Chennai,6,iOS,0
42213.93,Send Money,Delhi,21,Android,0
22358.48,Merchant Payment,Kolkata,23,Android,0
20290.73,Bill Payment,Kolkata,23,Android,0
18677.25,Merchant Payment,Delhi,2,iOS,0
16808.35,Bill Payment,Chennai,23,iOS,0
48993.18,Send Money,Delhi,7,iOS,0
12050.73,Merchant Payment,Kolkata,9,Android,0
41607.41,Send Money,Kolkata,2,Android,1
29198.08,Merchant Payment,Chennai,7,Android,0
32378.57,Merchant Payment,Delhi,17,iOS,0
319.63,Merchant Payment,Mumbai,15,iOS,0
9218.56,Send Money,Bangalore,21,Android,0
5141.18,Bill Payment,Mumbai,5,Android,0
8065.83,Bill Payment,Kolkata,18,Android,0
47021.85,Send Money,Bangalore,10,Android,0
24018.35,Merchant Payment,Chennai,10,Android,0
37974.89,Merchant Payment,Hyderabad,13,iOS,0
20538.63,Bill Payment,Chennai,17,iOS,0
30402.88,Send Money,Delhi,4,iOS,0
7170.15,Merchant Payment,Delhi,3,Android,0
21272.32,Bill Payment,Chennai,14,iOS,0
20512.1,Merchant Payment,Kolkata,17,iOS,0
20812.55,Bill Payment,Kolkata,5,Android,0
38128.14,Send Money,Bangalore,19,iOS,0
26222.06,Bill Payment,Delhi,2,Android,0
20363.6,Send Money,Chennai,20,Android,0
26167.22,Bill Payment,Hyderabad,22,Android,0
29525.58,Merchant Payment,Bangalore,15,iOS,0
27610.59,Merchant Payment,Chennai,21,Android,0
7294.53,Merchant Payment,Bangalore,12,iOS,0
43026.72,Send Money,Hyderabad,2,Android,0
36481.53,Send Money,Kolkata,8,iOS,0
32825.0,Send Money,Delhi,6,iOS,0
41794.81,Merchant Payment,Mumbai,19,Android,0
42548.5,Bill Payment,Mumbai,8,Android,0
5335.87,Merchant Payment,Delhi,15,Android,0
525.62,Send Money,Bangalore,10,iOS,0
49884.0,Bill Payment,Mumbai,20,iOS,0
23910.05,Merchant Payment,Bangalore,4,iOS,0
38288.26,Merchant Payment,Kolkata,16,iOS,0
30993.45,Send Money,Bangalore,9,iOS,0
41340.95,Bill Payment,Mumbai,9,Android,0
4060.3,Send Money,Hyderabad,15,Android,0
5974.81,Send Money,Delhi,14,iOS,0
37380.58,Bill Payment,Delhi,17,Android,1
42969.12,Merchant Payment,Chennai,7,Android,0
5080.6,Merchant Payment,Delhi,15,iOS,0
18210.18,Bill Payment,Chennai,10,Android,0
9220.84,Send Money,Mumbai,18,Android,0
4819.69,Merchant Payment,Delhi,12,Android,0
19263.37,Bill Payment,Mumbai,20,iOS,0
26432.28,Bill Payment,Delhi,10,Android,0
18313.78,Send Money,Mumbai,5,Android,1
36598.26,Merchant Payment,Kolkata,3,iOS,1
4072.88,Merchant Payment,Bangalore,21,Android,0
42116.16,Merchant Payment,Delhi,11,iOS,0
25932.29,Send Money,Chennai,3,Android,1
36786.18,Send Money,Delhi,11,iOS,1
16462.96,Bill Payment,Delhi,2,Android,0
3836.88,Send Money,Chennai,23,Android,0
39143.32,Bill Payment,Kolkata,2,iOS,1
15739.96,Merchant Payment,Delhi,1,iOS,0
37810.6,Send Money,Hyderabad,11,Android,1
35910.58,Merchant Payment,Mumbai,11,Android,0
48970.11,Bill Payment,Chennai,0,iOS,1
892.14,Send Money,Kolkata,8,iOS,0
9823.73,Bill Payment,Chennai,12,iOS,0
19842.32,Merchant Payment,Mumbai,17,Android,1
27084.17,Merchant Payment,Mumbai,16,Android,0
29170.21,Merchant Payment,Bangalore,12,Android,0
21536.7,Bill Payment,Chennai,17,Android,0
27344.27,Bill Payment,Kolkata,14,Android,0
29662.9,Bill Payment,Kolkata,8,Android,0
23732.12,Bill Payment,Mumbai,9,Android,0
2121.47,Bill Payment,Bangalore,9,Android,0
30943.91,Bill Payment,Delhi,14,Android,0
44044.12,Bill Payment,Hyderabad,4,iOS,0
31434.98,Send Money,Chennai,7,Android,0
12382.91,Merchant Payment,Hyderabad,7,iOS,0
3589.14,Merchant Payment,Chennai,6,Android,0
27989.79,Bill Payment,Chennai,8,iOS,0
12116.0,Bill Payment,Mumbai,20,iOS,0
12618.08,Send Money,Bangalore,13,iOS,0
3065.12,Bill Payment,Chennai,3,Android,0
38505.66,Merchant Payment,Kolkata,3,Android,0
42738.99,Merchant Payment,Delhi,7,iOS,0
21853.68,Send Money,Kolkata,8,iOS,0
28555.32,Merchant Payment,Bangalore,4,iOS,0
30839.08,Bill Payment,Kolkata,10,Android,0
13094.13,Merchant Payment,Bangalore,4,Android,0
34718.32,Merchant Payment,Chennai,22,iOS,0
16140.57,Merchant Payment,Hyderabad,19,iOS,0
25483.99,Merchant Payment,Mumbai,20,iOS,0
16547.93,Merchant Payment,Kolkata,7,Android,0
13554.71,Send Money,Hyderabad,19,iOS,0
26274.51,Bill Payment,Mumbai,16,Android,0
18744.09,Merchant Payment,Mumbai,0,Android,0
2163.93,Send Money,Kolkata,10,Android,0
15242.78,Bill Payment,Bangalore,8,iOS,0
37328.79,Send Money,Bangalore,12,Android,0
16069.88,Bill Payment,Mumbai,3,Android,0
43569.44,Send Money,Chennai,15,iOS,0
36116.06,Merchant Payment,Bangalore,12,Android,0
400.41,Send Money,Bangalore,17,Android,0
37638.22,Bill Payment,Kolkata,9,Android,0
40880.58,Bill Payment,Mumbai,22,iOS,0
21471.72,Send Money,Bangalore,11,iOS,0
22816.5,Bill Payment,Bangalore,16,Android,0
18372.05,Bill Payment,Delhi,12,iOS,0
29399.75,Send Money,Chennai,7,Android,0
9028.73,Bill Payment,Mumbai,22,Android,0
37012.01,Send Money,Delhi,5,iOS,1
2808.53,Merchant Payment,Hyderabad,5,Android,0
14956.32,Send Money,Chennai,3,Android,0
30679.93,Bill Payment,Kolkata,4,Android,0
2605.65,Merchant Payment,Mumbai,17,iOS,0
34539.08,Bill Payment,Delhi,16,iOS,0
10986.77,Merchant Payment,Chennai,1,Android,0
24075.46,Merchant Payment,Bangalore,5,iOS,0
47275.78,Merchant Payment,Chennai,0,iOS,0
42971.5,Bill Payment,Delhi,9,iOS,0
4238.84,Merchant Payment,Delhi,5,iOS,0
35006.81,Send Money,Delhi,7,Android,0
32988.51,Bill Payment,Hyderabad,17,iOS,0
855.38,Bill Payment,Hyderabad,9,Android,0
41687.39,Merchant Payment,Bangalore,10,Android,0
37821.04,Bill Payment,Bangalore,13,Android,0
23906.88,Bill Payment,Chennai,6,Android,0
25981.45,Merchant Payment,Mumbai,13,Android,0
19696.95,Merchant Payment,Mumbai,19,iOS,0
35815.01,Send Money,Kolkata,5,iOS,0
40512.44,Bill Payment,Bangalore,6,Android,0
30431.81,Merchant Payment,Delhi,9,Android,0
38743.2,Merchant Payment,Hyderabad,14,iOS,0
47885.77,Merchant Payment,Delhi,23,iOS,0
31639.0,Merchant Payment,Bangalore,12,iOS,0
14075.08,Bill Payment,Kolkata,17,iOS,0
15100.22,Merchant Payment,Delhi,22,Android,0
307.39,Merchant Payment,Delhi,22,iOS,0
33954.39,Send Money,Mumbai,19,Android,0
16734.18,Merchant Payment,Delhi,7,Android,0
25856.64,Merchant Payment,Mumbai,14,iOS,0
19912.59,Send Money,Mumbai,14,Android,0
2566.53,Merchant Payment,Hyderabad,2,iOS,0
33921.34,Send Money,Kolkata,5,Android,0
27534.0,Send Money,Bangalore,10,Android,0
16507.84,Send Money,Hyderabad,1,Android,0
39824.33,Send Money,Delhi,9,iOS,0
42997.82,Merchant Payment,Chennai,17,iOS,0
38089.57,Send Money,Delhi,22,Android,1
25249.4,Send Money,Hyderabad,19,iOS,0
3723.75,Send Money,Hyderabad,12,iOS,0
15209.16,Merchant Payment,Kolkata,7,Android,0
30717.81,Send Money,Kolkata,0,Android,1
23858.96,Bill Payment,Bangalore,15,Android,0
19355.75,Bill Payment,Kolkata,0,iOS,1
39897.16,Merchant Payment,Kolkata,4,iOS,1
4070.38,Merchant Payment,Delhi,20,Android,0
32988.33,Merchant Payment,Mumbai,2,Android,0
49076.72,Bill Payment,Hyderabad,23,Android,0
44583.4,Merchant Payment,Bangalore,0,Android,0
36776.37,Merchant Payment,Delhi,10,Android,0
22801.37,Send Money,Chennai,16,Android,0
28902.46,Bill Payment,Kolkata,16,iOS,0
48273.78,Bill Payment,Delhi,17,iOS,0
4034.36,Send Money,Delhi,3,Android,0
6866.23,Bill Payment,Delhi,7,Android,0
11896.4,Bill Payment,Chennai,19,Android,0
26821.88,Merchant Payment,Kolkata,19,Android,0
37051.5,Send Money,Mumbai,7,iOS,0
39334.42,Send Money,Kolkata,18,iOS,0
18194.09,Merchant Payment,Chennai,5,iOS,0
18236.88,Merchant Payment,Delhi,0,Android,0
44841.98,Send Money,Mumbai,21,Android,1
7246.01,Merchant Payment,Chennai,14,iOS,0
40296.48,Send Money,Hyderabad,23,iOS,0
14029.3,Merchant Payment,Delhi,12,Android,0
30830.93,Send Money,Delhi,14,Android,1
8643.04,Bill Payment,Chennai,19,iOS,0
41763.93,Send Money,Kolkata,12,iOS,0
14529.58,Send Money,Delhi,9,iOS,0
38440.26,Send Money,Bangalore,9,iOS,0
12468.55,Send Money,Mumbai,9,Android,0
46521.49,Bill Payment,Mumbai,9,Android,0
17432.91,Bill Payment,Mumbai,9,Android,0
11119.62,Merchant Payment,Kolkata,5,iOS,0
20772.09,Merchant Payment,Bangalore,22,Android,0
33997.81,Send Money,Mumbai,13,Android,0
48264.95,Bill Payment,Bangalore,17,iOS,0
18007.9,Merchant Payment,Delhi,6,Android,0
49734.2,Merchant Payment,Chennai,1,iOS,0
13046.53,Bill Payment,Hyderabad,23,iOS,0
33057.26,Merchant Payment,Hyderabad,6,Android,0
5008.26,Merchant Payment,Kolkata,4,iOS,0
19209.92,Merchant Payment,Chennai,8,iOS,0
42382.55,Bill Payment,Bangalore,12,Android,0
39826.39,Send Money,Chennai,6,Android,0
37399.93,Send Money,Kolkata,17,iOS,0
25399.29,Bill Payment,Bangalore,6,Android,0
42470.73,Merchant Payment,Chennai,22,iOS,0
30274.5,Merchant Payment,Hyderabad,17,iOS,0
36487.29,Send Money,Delhi,16,iOS,0
24323.68,Send Money,Bangalore,4,iOS,0
863.72,Send Money,Chennai,8,iOS,0
2800.33,Bill Payment,Kolkata,2,iOS,0
14197.91,Send Money,Delhi,15,Android,0
3538.76,Merchant Payment,Delhi,6,iOS,0
21517.12,Bill Payment,Mumbai,11,iOS,0
15386.09,Bill Payment,Mumbai,3,iOS,0
32437.48,Merchant Payment,Delhi,5,Android,1
20484.02,Bill Payment,Kolkata,18,Android,0
1009.16,Merchant Payment,Kolkata,9,Android,0
18514.27,Merchant Payment,Bangalore,7,iOS,0
9128.12,Merchant Payment,Kolkata,13,Android,0
28193.35,Bill Payment,Mumbai,0,Android,0
39365.66,Send Money,Kolkata,7,iOS,0
14853.5,Merchant Payment,Delhi,11,iOS,0
39528.21,Bill Payment,Bangalore,5,iOS,0
43988.47,Send Money,Delhi,11,iOS,1
26309.76,Send Money,Mumbai,23,iOS,0
41837.44,Send Money,Chennai,19,Android,0
49359.29,Merchant Payment,Chennai,10,iOS,0
16905.58,Merchant Payment,Mumbai,19,iOS,1
43278.03,Send Money,Chennai,8,iOS,0
46863.0,Bill Payment,Bangalore,13,Android,0
26468.39,Merchant Payment,Delhi,12,Android,0
41510.39,Send Money,Hyderabad,0,Android,0
2349.83,Bill Payment,Chennai,23,iOS,0
27283.86,Send Money,Kolkata,10,Android,0
31396.29,Send Money,Kolkata,14,Android,0
37435.78,Merchant Payment,Mumbai,16,iOS,0
5783.01,Bill Payment,Mumbai,10,iOS,0
32936.62,Merchant Payment,Hyderabad,16,iOS,0
7342.0,Bill Payment,Bangalore,1,Android,0
26786.48,Bill Payment,Kolkata,17,Android,0
14011.41,Send Money,Chennai,11,iOS,0
15462.55,Send Money,Kolkata,6,Android,0
19931.12,Merchant Payment,Kolkata,8,Android,0
25430.54,Send Money,Delhi,20,Android,0
12558.91,Bill Payment,Hyderabad,23,Android,0
20094.28,Send Money,Delhi,7,iOS,0
33104.29,Merchant Payment,Bangalore,6,iOS,0
29899.03,Merchant Payment,Delhi,6,Android,0
48948.56,Bill Payment,Hyderabad,8,iOS,0
20232.76,Send Money,Bangalore,1,Android,0
38812.66,Send Money,Mumbai,16,Android,0
46543.91,Send Money,Chennai,11,iOS,1
25068.48,Merchant Payment,Mumbai,18,Android,0
22253.94,Send Money,Hyderabad,2,iOS,0
12698.41,Send Money,Chennai,2,iOS,0
48197.33,Send Money,Delhi,9,iOS,0
27986.55,Merchant Payment,Bangalore,15,iOS,0
12627.21,Bill Payment,Bangalore,22,Android,0
29286.8,Bill Payment,Mumbai,0,iOS,0
45713.79,Merchant Payment,Hyderabad,2,Android,0
40048.81,Merchant Payment,Bangalore,23,iOS,0
24758.64,Bill Payment,Chennai,0,iOS,0
7207.7,Send Money,Bangalore,4,Android,0
19093.41,Merchant Payment,Hyderabad,3,iOS,0
22610.25,Bill Payment,Mumbai,9,Android,0
22094.5,Merchant Payment,Bangalore,1,Android,0
18058.07,Send Money,Delhi,10,Android,0
15346.76,Merchant Payment,Kolkata,20,Android,0
176.63,Send Money,Kolkata,0,Android,0
43592.15,Bill Payment,Kolkata,4,iOS,0
23496.13,Merchant Payment,Hyderabad,2,Android,0
27400.76,Merchant Payment,Mumbai,23,Android,0
42047.56,Bill Payment,Chennai,6,Android,0
48707.1,Bill Payment,Kolkata,3,Android,1
11866.46,Send Money,Hyderabad,4,iOS,0
21510.8,Merchant Payment,Delhi,14,Android,0
42466.81,Send Money,Hyderabad,13,Android,0
33425.1,Send Money,Delhi,7,iOS,0
8951.71,Send Money,Bangalore,22,iOS,0
31517.7,Bill Payment,Hyderabad,13,iOS,0
27163.96,Send Money,Delhi,20,iOS,0
31928.85,Bill Payment,Delhi,4,Android,0
11786.92,Merchant Payment,Mumbai,17,Android,0
10631.26,Bill Payment,Bangalore,10,iOS,0
31854.91,Send Money,Chennai,8,Android,0
10422.83,Bill Payment,Delhi,3,Android,0
47955.71,Merchant Payment,Bangalore,11,iOS,1
9484.04,Bill Payment,Delhi,1,iOS,0
32694.5,Merchant Payment,Chennai,18,iOS,0
5215.8,Merchant Payment,Bangalore,22,Android,0
21809.44,Merchant Payment,Delhi,16,iOS,0
44846.06,Send Money,Chennai,18,Android,0
22192.21,Merchant Payment,Mumbai,1,iOS,0
42556.64,Merchant Payment,Chennai,22,iOS,0
19430.02,Send Money,Delhi,8,Android,0
23965.59,Merchant Payment,Delhi,19,iOS,0
20699.71,Bill Payment,Chennai,23,iOS,0
34540.91,Bill Payment,Chennai,3,iOS,0
21113.69,Bill Payment,Delhi,8,Android,0
8572.42,Send Money,Mumbai,18,Android,0
9466.03,Send Money,Kolkata,1,iOS,0
36941.32,Send Money,Kolkata,2,iOS,0
5603.74,Send Money,Chennai,20,Android,0
27345.28,Send Money,Delhi,12,iOS,0
38624.53,Bill Payment,Kolkata,1,Android,0
5876.99,Bill Payment,Kolkata,21,iOS,0
45572.61,Send Money,Hyderabad,22,iOS,0
36789.59,Bill Payment,Delhi,6,Android,0
28641.08,Merchant Payment,Delhi,19,Android,0
32645.8,Bill Payment,Delhi,3,Android,0
20877.02,Bill Payment,Chennai,20,iOS,0
40988.25,Send Money,Hyderabad,15,iOS,0
39741.21,Send Money,Delhi,16,Android,0
6206.8,Merchant Payment,Bangalore,14,iOS,0
19918.34,Send Money,Kolkata,17,Android,0
18771.27,Send Money,Delhi,4,iOS,0
12275.23,Send Money,Mumbai,10,Android,0
45719.23,Merchant Payment,Hyderabad,10,iOS,0
48659.7,Merchant Payment,Bangalore,22,Android,0
33587.29,Merchant Payment,Bangalore,3,iOS,1
28379.5,Bill Payment,Kolkata,17,iOS,0
28798.32,Bill Payment,Hyderabad,8,Android,0
9865.03,Merchant Payment,Hyderabad,19,Android,0
45292.93,Send Money,Mumbai,12,iOS,0
19242.37,Merchant Payment,Kolkata,9,Android,0
25880.5,Bill Payment,Delhi,1,Android,0
30551.98,Bill Payment,Mumbai,17,iOS,0
27434.48,Send Money,Delhi,19,Android,0
14270.34,Bill Payment,Hyderabad,6,iOS,0
41310.19,Merchant Payment,Mumbai,17,Android,0
1844.82,Send Money,Bangalore,8,iOS,0
30603.85,Bill Payment,Bangalore,9,iOS,0
24139.82,Merchant Payment,Kolkata,12,iOS,0
20512.68,Bill Payment,Bangalore,11,Android,0
3624.0,Bill Payment,Kolkata,2,iOS,0
20330.94,Merchant Payment,Delhi,23,iOS,0
11580.01,Bill Payment,Chennai,11,iOS,0
24546.7,Bill Payment,Bangalore,17,iOS,0
23270.66,Merchant Payment,Mumbai,15,iOS,0
45757.62,Bill Payment,Hyderabad,8,Android,0
30641.24,Send Money,Kolkata,1,iOS,1
19537.81,Send Money,Bangalore,16,Android,0
2740.26,Send Money,Delhi,9,Android,0
6749.61,Send Money,Delhi,2,Android,1
47542.06,Send Money,Kolkata,15,iOS,0
33618.26,Merchant Payment,Delhi,20,iOS,0
27692.47,Send Money,Bangalore,4,Android,0
844.18,Send Money,Chennai,14,Android,0
39306.74,Send Money,Kolkata,11,iOS,0
39212.82,Merchant Payment,Delhi,20,Android,0
39230.22,Bill Payment,Bangalore,2,iOS,0
48537.81,Bill Payment,Kolkata,13,iOS,0
25045.73,Merchant Payment,Chennai,21,iOS,0
14988.53,Send Money,Mumbai,1,Android,0
4737.38,Send Money,Hyderabad,3,Android,0
46711.01,Bill Payment,Chennai,2,iOS,0
36741.8,Merchant Payment,Kolkata,1,iOS,1
45937.33,Bill Payment,Chennai,0,Android,1
48651.2,Merchant Payment,Delhi,23,Android,0
34589.39,Bill Payment,Kolkata,18,Android,0
21164.69,Merchant Payment,Bangalore,18,Android,0
89.61,Send Money,Bangalore,18,Android,0
33322.77,Merchant Payment,Chennai,10,iOS,0
891.97,Merchant Payment,Bangalore,0,Android,0
19973.02,Merchant Payment,Mumbai,15,Android,0
42008.13,Bill Payment,Bangalore,11,Android,0
22669.21,Bill Payment,Delhi,18,iOS,0
2415.54,Merchant Payment,Mumbai,5,iOS,0
5731.58,Send Money,Chennai,7,iOS,0
27911.28,Merchant Payment,Chennai,18,Android,0
44563.86,Bill Payment,Kolkata,9,Android,0
34046.37,Merchant Payment,Hyderabad,8,iOS,0
45164.7,Send Money,Chennai,8,iOS,0
28383.1,Bill Payment,Bangalore,18,iOS,0
4613.05,Send Money,Mumbai,18,Android,0
17108.48,Send Money,Bangalore,0,iOS,1
40024.38,Bill Payment,Delhi,3,Android,0
27249.49,Bill Payment,Bangalore,23,Android,0
7210.96,Merchant Payment,Hyderabad,4,iOS,0
17425.46,Bill Payment,Delhi,10,Android,0
42443.35,Send Money,Delhi,19,Android,0
16378.96,Send Money,Mumbai,0,Android,0
17356.02,Bill Payment,Chennai,8,Android,0
24910.67,Bill Payment,Chennai,16,Android,0
37879.77,Merchant Payment,Bangalore,21,Android,0
44291.65,Bill Payment,Kolkata,4,Android,0
28879.9,Merchant Payment,Bangalore,20,Android,0
43278.49,Bill Payment,Mumbai,13,iOS,0
8045.24,Bill Payment,Mumbai,21,Android,0
42639.79,Bill Payment,Kolkata,1,iOS,1
45582.76,Merchant Payment,Mumbai,21,Android,1
13995.1,Bill Payment,Chennai,4,Android,0
1881.54,Bill Payment,Delhi,20,Android,0
47124.04,Send Money,Bangalore,15,Android,0
24585.43,Send Money,Bangalore,23,iOS,0
9181.72,Merchant Payment,Kolkata,5,Android,0
26652.13,Merchant Payment,Bangalore,20,iOS,0
11347.44,Merchant Payment,Bangalore,20,Android,0
9736.93,Send Money,Delhi,1,iOS,0
25474.27,Send Money,Bangalore,15,iOS,0
17337.31,Send Money,Bangalore,21,iOS,0
44810.63,Bill Payment,Hyderabad,3,iOS,0
7210.05,Send Money,Bangalore,12,Android,0
10431.43,Send Money,Kolkata,5,Android,0
36517.58,Merchant Payment,Kolkata,13,iOS,0
38406.75,Bill Payment,Hyderabad,20,Android,0
3000.31,Bill Payment,Bangalore,20,iOS,0
2036.15,Send Money,Bangalore,22,Android,0
39983.26,Merchant Payment,Delhi,1,Android,1
45957.87,Merchant Payment,Chennai,5,iOS,0
7793.89,Send Money,Bangalore,6,iOS,0
394.01,Bill Payment,Delhi,17,iOS,0
3421.52,Send Money,Delhi,10,iOS,0
46759.15,Send Money,Chennai,17,Android,0
2694.85,Merchant Payment,Kolkata,20,Android,0
16008.3,Merchant Payment,Mumbai,23,Android,0
8221.01,Bill Payment,Delhi,13,iOS,0
12622.3,Merchant Payment,Bangalore,16,iOS,0
36593.83,Send Money,Kolkata,14,Android,1
19847.92,Send Money,Mumbai,15,Android,0
22506.99,Send Money,Bangalore,11,Android,0
33973.02,Send Money,Kolkata,23,iOS,1
37173.4,Send Money,Hyderabad,19,Android,0
48281.72,Merchant Payment,Hyderabad,1,iOS,0
47237.28,Merchant Payment,Kolkata,3,Android,0
47399.78,Merchant Payment,Hyderabad,10,Android,0
22212.87,Bill Payment,Kolkata,23,Android,0
3485.76,Merchant Payment,Kolkata,3,Android,0
17554.13,Merchant Payment,Kolkata,4,iOS,0
6959.34,Bill Payment,Chennai,16,Android,0
39661.09,Send Money,Mumbai,1,iOS,0
31738.69,Send Money,Bangalore,2,Android,1
23444.12,Merchant Payment,Mumbai,6,Android,0
21909.48,Bill Payment,Bangalore,1,iOS,0
30623.56,Merchant Payment,Kolkata,23,iOS,0
33825.67,Send Money,Hyderabad,20,Android,0
34637.02,Send Money,Bangalore,17,iOS,0
29943.08,Merchant Payment,Delhi,9,iOS,0
2122.51,Send Money,Chennai,14,Android,0
11462.67,Bill Payment,Chennai,23,Android,1
34428.46,Send Money,Bangalore,0,Android,0
29461.03,Merchant Payment,Kolkata,23,Android,0
28737.39,Merchant Payment,Kolkata,5,Android,0
28558.63,Send Money,Hyderabad,6,Android,0
5066.56,Send Money,Chennai,18,Android,0
33552.86,Bill Payment,Chennai,17,Android,0
26226.25,Merchant Payment,Kolkata,14,iOS,0
40668.98,Bill Payment,Delhi,13,iOS,0
36409.87,Send Money,Bangalore,6,iOS,0
1038.27,Merchant Payment,Kolkata,3,iOS,0
34692.74,Send Money,Bangalore,23,iOS,0
2481.75,Merchant Payment,Kolkata,13,iOS,0
26362.75,Send Money,Delhi,6,iOS,0
33505.1,Send Money,Hyderabad,2,iOS,0
30252.01,Send Money,Bangalore,22,Android,0
49435.55,Bill Payment,Delhi,4,Android,0
47949.81,Merchant Payment,Hyderabad,12,iOS,0
18991.32,Merchant Payment,Chennai,8,iOS,0
13367.86,Bill Payment,Mumbai,10,iOS,0
43068.11,Send Money,Kolkata,4,Android,1
15574.63,Send Money,Bangalore,8,Android,0
25119.98,Send Money,Delhi,1,iOS,0
47267.82,Bill Payment,Chennai,14,Android,0
26440.73,Merchant Payment,Mumbai,5,Android,0
42721.21,Bill Payment,Mumbai,12,iOS,0
8658.01,Merchant Payment,Bangalore,16,iOS,0
16352.35,Bill Payment,Hyderabad,13,iOS,0
4679.9,Send Money,Delhi,6,Android,0
16878.2,Send Money,Delhi,9,Android,0
8895.26,Send Money,Hyderabad,12,Android,0
17284.26,Send Money,Kolkata,14,iOS,0
19851.14,Merchant Payment,Hyderabad,8,iOS,0
7483.65,Merchant Payment,Bangalore,12,Android,0
32597.43,Bill Payment,Mumbai,12,Android,0
7424.31,Merchant Payment,Kolkata,9,iOS,0
8925.7,Bill Payment,Delhi,23,Android,0
48680.98,Merchant Payment,Hyderabad,15,Android,0
29399.05,Merchant Payment,Chennai,23,Android,0
9170.26,Bill Payment,Bangalore,1,Android,0
7270.58,Merchant Payment,Chennai,8,Android,0
34447.16,Bill Payment,Kolkata,10,iOS,0
33193.46,Bill Payment,Chennai,15,Android,0
30750.9,Merchant Payment,Chennai,4,Android,0
33485.87,Send Money,Hyderabad,22,Android,0
19012.22,Send Money,Chennai,3,Android,0
19057.41,Send Money,Kolkata,12,Android,0
14576.38,Send Money,Kolkata,4,iOS,0
17249.3,Merchant Payment,Bangalore,1,iOS,0
132.28,Send Money,Chennai,6,Android,0
41082.62,Send Money,Delhi,12,Android,0
40090.73,Merchant Payment,Delhi,8,Android,0
21116.04,Bill Payment,Mumbai,18,iOS,0
37087.43,Send Money,Bangalore,9,Android,0
39549.25,Merchant Payment,Chennai,19,iOS,0
5600.67,Bill Payment,Hyderabad,17,Android,0
33248.37,Merchant Payment,Mumbai,16,Android,0
7419.97,Bill Payment,Hyderabad,18,iOS,0
12789.49,Merchant Payment,Kolkata,0,Android,0
23427.51,Send Money,Mumbai,23,iOS,0
6675.88,Merchant Payment,Kolkata,22,Android,0
30806.12,Bill Payment,Mumbai,16,Android,1
6639.67,Merchant Payment,Mumbai,10,iOS,0
39223.82,Send Money,Bangalore,6,iOS,0
45636.02,Send Money,Delhi,8,Android,0
27897.31,Merchant Payment,Delhi,3,iOS,0
1527.87,Merchant Payment,Mumbai,3,Android,0
35389.05,Send Money,Chennai,14,iOS,0
17171.58,Send Money,Kolkata,3,iOS,0
2333.44,Bill Payment,Delhi,3,Android,1
16485.66,Merchant Payment,Kolkata,4,iOS,0
43500.4,Bill Payment,Hyderabad,12,iOS,0
15677.46,Bill Payment,Hyderabad,12,Android,0
32492.58,Bill Payment,Mumbai,23,iOS,0
8464.31,Merchant Payment,Delhi,5,iOS,0
48181.24,Send Money,Kolkata,16,Android,0
49065.16,Merchant Payment,Mumbai,5,iOS,1
34343.32,Bill Payment,Chennai,5,iOS,0
28273.43,Bill Payment,Mumbai,11,iOS,0
34468.63,Bill Payment,Bangalore,13,Android,0
41151.09,Merchant Payment,Mumbai,2,Android,0
38593.65,Send Money,Hyderabad,22,iOS,0
31960.18,Bill Payment,Kolkata,3,iOS,0
20996.14,Send Money,Chennai,4,Android,0
33663.43,Merchant Payment,Bangalore,10,Android,0
15533.01,Bill Payment,Delhi,5,Android,0
1221.58,Send Money,Delhi,13,iOS,0
31014.32,Merchant Payment,Mumbai,3,Android,0
6775.31,Merchant Payment,Mumbai,23,iOS,0
27957.14,Send Money,Bangalore,4,Android,0
33761.5,Send Money,Hyderabad,13,iOS,1
4405.86,Send Money,Hyderabad,4,iOS,0
18450.2,Bill Payment,Bangalore,2,Android,0
45204.62,Merchant Payment,Kolkata,5,Android,0
11243.02,Bill Payment,Bangalore,18,iOS,0
26234.44,Bill Payment,Mumbai,4,Android,0
26114.49,Bill Payment,Hyderabad,13,iOS,0
20557.71,Send Money,Kolkata,14,iOS,0
2020.27,Send Money,Mumbai,4,iOS,0
287.02,Bill Payment,Mumbai,7,Android,0
28826.8,Merchant Payment,Kolkata,10,Android,0
26398.18,Bill Payment,Mumbai,21,iOS,0
8758.16,Bill Payment,Chennai,20,iOS,0
47214.05,Send Money,Delhi,4,iOS,1
6382.31,Bill Payment,Chennai,15,Android,0
19981.79,Bill Payment,Bangalore,19,Android,0
10371.16,Send Money,Hyderabad,21,Android,0
14787.4,Bill Payment,Delhi,6,Android,0
19788.26,Bill Payment,Bangalore,14,Android,0
10343.02,Merchant Payment,Bangalore,21,iOS,0
12978.13,Merchant Payment,Chennai,19,iOS,0
26313.31,Send Money,Bangalore,23,Android,1
23786.54,Send Money,Kolkata,22,Android,0
7074.19,Send Money,Kolkata,13,Android,0
18405.4,Merchant Payment,Delhi,18,iOS,0
23443.94,Bill Payment,Delhi,13,Android,0
3047.76,Merchant Payment,Hyderabad,9,iOS,0
47147.49,Send Money,Bangalore,3,Android,0
7935.01,Merchant Payment,Kolkata,14,iOS,0
9360.34,Merchant Payment,Hyderabad,7,iOS,0
40807.92,Send Money,Mumbai,18,Android,0
19253.22,Send Money,Hyderabad,23,Android,0
1380.22,Send Money,Chennai,18,iOS,0
9506.09,Bill Payment,Chennai,2,iOS,0
45111.32,Send Money,Chennai,1,Android,1
8501.54,Send Money,Bangalore,0,iOS,0
9072.71,Send Money,Mumbai,18,Android,0
8314.43,Merchant Payment,Hyderabad,15,iOS,0
20387.01,Send Money,Mumbai,17,Android,0
36620.19,Bill Payment,Chennai,18,Android,0
11871.64,Bill Payment,Kolkata,0,Android,0
47733.65,Bill Payment,Bangalore,16,iOS,0
22483.27,Bill Payment,Bangalore,5,iOS,0
4836.44,Merchant Payment,Hyderabad,7,Android,0
41291.97,Send Money,Mumbai,13,Android,0
42293.1,Bill Payment,Kolkata,8,Android,0
17303.95,Bill Payment,Bangalore,19,Android,0
1037.56,Send Money,Mumbai,20,iOS,0
14316.27,Merchant Payment,Delhi,15,iOS,0
32654.39,Send Money,Delhi,20,iOS,0
12671.2,Send Money,Bangalore,3,iOS,1
40165.46,Bill Payment,Delhi,1,iOS,1
21517.63,Bill Payment,Hyderabad,19,Android,0
18331.61,Bill Payment,Delhi,14,iOS,0
36694.76,Bill Payment,Bangalore,10,Android,0
40259.43,Send Money,Delhi,8,iOS,0
3875.22,Send Money,Delhi,2,Android,0
10888.73,Bill Payment,Delhi,6,Android,0
38432.45,Merchant Payment,Chennai,18,Android,0
45393.93,Send Money,Mumbai,10,Android,0
14484.72,Bill Payment,Hyderabad,1,Android,0
45538.73,Bill Payment,Bangalore,2,Android,0
29931.35,Send Money,Chennai,7,Android,0
33576.07,Merchant Payment,Chennai,7,iOS,0
31400.96,Merchant Payment,Kolkata,1,iOS,0
9866.84,Bill Payment,Hyderabad,13,iOS,0
36429.78,Send Money,Chennai,8,Android,1
14715.05,Merchant Payment,Delhi,9,Android,0
39426.03,Bill Payment,Bangalore,5,Android,1
9614.12,Send Money,Chennai,17,Android,0
30831.87,Send Money,Hyderabad,10,iOS,0
48232.19,Bill Payment,Kolkata,9,Android,0
27210.78,Send Money,Delhi,18,Android,0
47557.8,Bill Payment,Mumbai,19,Android,0
7413.39,Bill Payment,Kolkata,2,Android,0
9097.66,Merchant Payment,Hyderabad,2,Android,0
43174.18,Send Money,Hyderabad,15,Android,0
4004.21,Send Money,Hyderabad,16,iOS,0
14856.82,Bill Payment,Chennai,20,iOS,0
29197.93,Bill Payment,Kolkata,21,Android,0
43440.34,Bill Payment,Chennai,20,iOS,0
9028.76,Bill Payment,Bangalore,12,iOS,0
4435.31,Send Money,Kolkata,6,Android,0
1013.82,Bill Payment,Bangalore,5,Android,0
33551.86,Bill Payment,Delhi,18,iOS,0
20992.16,Bill Payment,Delhi,9,iOS,0
46858.18,Bill Payment,Bangalore,10,Android,0
48377.43,Merchant Payment,Mumbai,9,Android,0
32687.3,Merchant Payment,Hyderabad,12,iOS,0
22642.23,Send Money,Delhi,6,iOS,0
20723.17,Bill Payment,Mumbai,14,iOS,0
1810.05,Send Money,Chennai,22,iOS,0
19218.44,Send Money,Kolkata,22,iOS,1
10044.21,Send Money,Mumbai,21,Android,0
46122.39,Merchant Payment,Mumbai,12,Android,0
24350.23,Merchant Payment,Kolkata,22,Android,0
36972.06,Send Money,Hyderabad,6,iOS,0
48308.49,Merchant Payment,Bangalore,22,Android,0
14782.13,Send Money,Delhi,2,Android,1
8009.87,Merchant Payment,Chennai,14,Android,0
13562.81,Bill Payment,Mumbai,13,iOS,0
4838.66,Bill Payment,Chennai,5,Android,0
5257.79,Merchant Payment,Kolkata,14,iOS,0
11248.06,Bill Payment,Mumbai,4,Android,0
45575.31,Bill Payment,Bangalore,16,Android,0
9505.56,Send Money,Hyderabad,21,iOS,0
9308.77,Send Money,Delhi,20,iOS,0
1308.13,Send Money,Chennai,17,iOS,0
29602.01,Merchant Payment,Delhi,4,iOS,0
1191.18,Bill Payment,Kolkata,4,Android,0
9793.2,Bill Payment,Kolkata,13,iOS,0
10346.79,Merchant Payment,Chennai,7,Android,0
37844.81,Bill Payment,Mumbai,17,iOS,0
48031.53,Merchant Payment,Hyderabad,8,iOS,0
32137.9,Bill Payment,Chennai,18,iOS,0
30045.22,Send Money,Mumbai,16,iOS,1
30254.28,Merchant Payment,Delhi,22,Android,0
25409.52,Send Money,Kolkata,1,Android,0
12668.05,Merchant Payment,Chennai,12,Android,0
8887.56,Merchant Payment,Mumbai,7,iOS,0
18920.84,Bill Payment,Mumbai,20,iOS,0
11183.99,Send Money,Delhi,20,Android,0
35423.33,Bill Payment,Mumbai,6,Android,0
48983.46,Send Money,Hyderabad,22,iOS,0
24970.48,Send Money,Delhi,3,Android,1
25007.52,Send Money,Hyderabad,7,Android,0
32389.96,Send Money,Mumbai,6,Android,1
27568.1,Send Money,Chennai,23,iOS,0
17218.69,Merchant Payment,Bangalore,16,iOS,0
49583.94,Merchant Payment,Bangalore,1,Android,0
46056.74,Send Money,Mumbai,3,iOS,1
41192.19,Merchant Payment,Mumbai,20,iOS,0
48635.42,Bill Payment,Delhi,13,iOS,0
23122.89,Merchant Payment,Delhi,17,Android,0
24711.16,Bill Payment,Chennai,17,Android,0
40803.22,Merchant Payment,Bangalore,11,Android,0
37970.11,Merchant Payment,Chennai,7,iOS,0
28470.25,Send Money,Bangalore,4,iOS,0
14717.41,Send Money,Hyderabad,8,iOS,0
25447.99,Send Money,Delhi,15,iOS,0
49678.49,Bill Payment,Hyderabad,5,iOS,0
1909.12,Send Money,Kolkata,3,Android,1
25238.91,Bill Payment,Delhi,9,iOS,0
33453.0,Send Money,Kolkata,10,Android,0
26183.94,Merchant Payment,Kolkata,3,iOS,0
44955.55,Bill Payment,Chennai,19,Android,0
30717.26,Merchant Payment,Bangalore,6,iOS,0
48306.13,Bill Payment,Delhi,3,iOS,1
23485.45,Merchant Payment,Delhi,17,Android,0
18952.8,Merchant Payment,Kolkata,7,Android,0
14904.48,Bill Payment,Mumbai,1,iOS,0
43159.89,Bill Payment,Mumbai,23,iOS,0
21800.93,Merchant Payment,Kolkata,16,iOS,0
1998.43,Send Money,Hyderabad,17,Android,0
24638.16,Merchant Payment,Mumbai,16,Android,0
32194.05,Merchant Payment,Kolkata,0,Android,0
17918.2,Send Money,Kolkata,19,Android,0
14732.57,Merchant Payment,Chennai,2,Android,0
32826.33,Merchant Payment,Mumbai,4,iOS,1
14832.85,Merchant Payment,Delhi,17,Android,0
29295.02,Bill Payment,Bangalore,12,Android,0
33168.04,Merchant Payment,Chennai,14,iOS,0
34904.68,Merchant Payment,Kolkata,5,iOS,0
43448.8,Bill Payment,Bangalore,17,Android,0
10161.31,Bill Payment,Mumbai,8,iOS,0
20445.31,Send Money,Chennai,11,Android,0
17145.72,Bill Payment,Chennai,5,Android,0
36216.23,Bill Payment,Hyderabad,23,Android,0
19252.29,Send Money,Bangalore,16,iOS,0
14263.97,Bill Payment,Delhi,6,iOS,0
30920.23,Merchant Payment,Chennai,18,iOS,0
43401.31,Merchant Payment,Delhi,1,iOS,1
16327.34,Merchant Payment,Kolkata,3,Android,0
38852.91,Bill Payment,Kolkata,14,iOS,0
44819.87,Bill Payment,Chennai,19,iOS,0
20142.17,Send Money,Bangalore,20,iOS,0
3025.94,Merchant Payment,Hyderabad,9,iOS,0
14108.84,Send Money,Hyderabad,8,iOS,0
27097.65,Send Money,Delhi,6,Android,0
38557.86,Bill Payment,Bangalore,19,Android,0
4178.37,Bill Payment,Hyderabad,22,iOS,0
20868.73,Merchant Payment,Kolkata,17,iOS,0
25822.59,Merchant Payment,Chennai,7,Android,0
42087.37,Merchant Payment,Mumbai,13,Android,0
35309.6,Merchant Payment,Hyderabad,11,Android,0
9310.55,Send Money,Chennai,17,iOS,0
47737.6,Merchant Payment,Kolkata,13,Android,0
46277.23,Send Money,Delhi,0,iOS,0
35417.79,Send Money,Hyderabad,6,Android,0
2592.88,Bill Payment,Mumbai,23,Android,0
36922.99,Bill Payment,Hyderabad,10,iOS,0
33533.52,Merchant Payment,Delhi,23,iOS,0
48755.5,Merchant Payment,Chennai,23,iOS,0
4730.06,Send Money,Chennai,6,Android,0
19913.36,Send Money,Kolkata,13,iOS,0
19776.56,Bill Payment,Chennai,10,iOS,0
24561.38,Merchant Payment,Hyderabad,15,Android,0
26573.15,Bill Payment,Hyderabad,3,iOS,0
20874.55,Merchant Payment,Kolkata,16,iOS,0
111.05,Merchant Payment,Chennai,5,iOS,0
25716.4,Merchant Payment,Delhi,6,Android,0
11064.19,Merchant Payment,Mumbai,4,iOS,0
46333.95,Merchant Payment,Mumbai,21,Android,0
28508.2,Merchant Payment,Kolkata,9,Android,0
662.8,Send Money,Hyderabad,13,Android,0
19672.5,Merchant Payment,Hyderabad,22,iOS,0
42945.61,Send Money,Bangalore,8,iOS,0
45711.43,Send Money,Hyderabad,22,Android,0
25017.89,Send Money,Hyderabad,23,Android,0
38676.9,Send Money,Bangalore,21,Android,0
7298.11,Send Money,Delhi,4,Android,0
31132.44,Merchant Payment,Hyderabad,13,iOS,0
36478.21,Bill Payment,Delhi,5,Android,0
17222.13,Merchant Payment,Bangalore,5,iOS,1
19843.3,Bill Payment,Delhi,14,Android,0
3455.53,Send Money,Delhi,7,iOS,0
46753.61,Bill Payment,Mumbai,14,iOS,0
9362.66,Send Money,Bangalore,20,Android,0
20372.5,Send Money,Bangalore,0,iOS,0
48227.37,Merchant Payment,Mumbai,19,Android,0
21376.56,Merchant Payment,Hyderabad,10,Android,0
5671.43,Bill Payment,Mumbai,7,iOS,0
32474.75,Send Money,Kolkata,0,iOS,0
5134.0,Merchant Payment,Chennai,20,Android,0
35559.92,Merchant Payment,Chennai,20,Android,0
25476.54,Send Money,Hyderabad,17,Android,0
60.46,Send Money,Mumbai,21,iOS,0
37845.71,Merchant Payment,Chennai,0,iOS,0
47212.34,Send Money,Hyderabad,12,iOS,0
41160.78,Merchant Payment,Chennai,17,iOS,0
47153.77,Send Money,Kolkata,20,Android,1
35005.77,Bill Payment,Kolkata,13,iOS,0
5798.36,Merchant Payment,Chennai,19,iOS,0
47343.81,Send Money,Bangalore,16,Android,1
48393.62,Bill Payment,Hyderabad,8,iOS,0
32660.3,Send Money,Mumbai,10,iOS,0
33749.66,Bill Payment,Hyderabad,8,iOS,0
38858.06,Send Money,Kolkata,23,iOS,0
26137.84,Merchant Payment,Kolkata,16,Android,0
12613.08,Merchant Payment,Delhi,14,iOS,0
40757.2,Merchant Payment,Chennai,13,iOS,0
24641.51,Bill Payment,Hyderabad,12,Android,0
42392.86,Send Money,Delhi,13,iOS,1
32901.56,Bill Payment,Mumbai,20,Android,0
39916.84,Merchant Payment,Hyderabad,19,iOS,0
24857.99,Bill Payment,Delhi,10,iOS,0
24044.94,Bill Payment,Chennai,9,iOS,0
11100.36,Send Money,Kolkata,6,iOS,0
49914.73,Send Money,Chennai,1,Android,1
21354.03,Send Money,Kolkata,3,Android,0
15676.9,Bill Payment,Mumbai,5,Android,0
40025.58,Merchant Payment,Kolkata,15,Android,0
43020.2,Bill Payment,Mumbai,1,Android,1
46514.97,Send Money,Delhi,11,Android,0
25912.98,Merchant Payment,Delhi,13,Android,0
23073.71,Bill Payment,Hyderabad,10,iOS,0
40842.53,Send Money,Mumbai,15,Android,0
15829.04,Bill Payment,Hyderabad,18,iOS,0
46698.24,Send Money,Mumbai,21,Android,0
3558.89,Send Money,Chennai,22,iOS,0
32526.87,Bill Payment,Delhi,3,iOS,0
48638.97,Send Money,Chennai,17,iOS,0
14563.94,Send Money,Hyderabad,2,iOS,0
4476.8,Send Money,Kolkata,3,Android,0
5711.33,Bill Payment,Mumbai,4,iOS,0
25928.34,Merchant Payment,Chennai,11,iOS,0
140.23,Send Money,Bangalore,10,Android,0
31900.16,Send Money,Delhi,5,Android,0
1773.88,Send Money,Hyderabad,11,iOS,0
18810.96,Merchant Payment,Chennai,22,iOS,0
8472.85,Send Money,Chennai,21,Android,0
15437.6,Merchant Payment,Bangalore,3,iOS,0
25581.54,Merchant Payment,Delhi,14,iOS,0
25534.68,Bill Payment,Delhi,0,iOS,0
18403.3,Merchant Payment,Hyderabad,20,Android,0
25223.07,Bill Payment,Chennai,15,Android,0
93.99,Merchant Payment,Delhi,12,Android,0
30694.37,Merchant Payment,Chennai,6,iOS,0
49040.2,Send Money,Kolkata,19,iOS,0
32078.23,Bill Payment,Bangalore,16,iOS,0
27669.33,Merchant Payment,Delhi,12,iOS,0
19497.3,Bill Payment,Bangalore,6,Android,0
6816.42,Send Money,Mumbai,3,Android,0
20577.98,Bill Payment,Delhi,10,Android,0
32530.2,Bill Payment,Hyderabad,0,Android,0
43719.17,Merchant Payment,Kolkata,21,iOS,0
32865.03,Bill Payment,Delhi,2,Android,0
42824.92,Send Money,Hyderabad,10,Android,0
8964.72,Send Money,Hyderabad,13,Android,0
17840.67,Send Money,Bangalore,6,iOS,0
22582.76,Send Money,Mumbai,22,Android,0
49487.76,Bill Payment,Bangalore,22,Android,0
45636.2,Bill Payment,Bangalore,20,Android,0
2811.26,Send Money,Hyderabad,16,Android,0
33023.19,Merchant Payment,Hyderabad,13,iOS,0
35649.66,Send Money,Chennai,5,Android,1
18088.07,Bill Payment,Delhi,10,iOS,0
9734.39,Bill Payment,Mumbai,16,iOS,0
26965.04,Bill Payment,Bangalore,21,iOS,0
38058.31,Bill Payment,Bangalore,20,iOS,0
7875.31,Merchant Payment,Kolkata,12,iOS,0
6144.22,Merchant Payment,Delhi,6,Android,0
36933.77,Merchant Payment,Chennai,22,iOS,0
45341.47,Bill Payment,Hyderabad,12,Android,1
31398.32,Bill Payment,Bangalore,10,iOS,0
47908.87,Merchant Payment,Hyderabad,1,iOS,0
13593.88,Send Money,Delhi,19,Android,0
18612.73,Send Money,Delhi,14,iOS,0
10885.91,Send Money,Chennai,0,iOS,0
43534.55,Merchant Payment,Chennai,0,Android,0
14193.71,Send Money,Mumbai,16,Android,0
41762.1,Bill Payment,Hyderabad,20,Android,0
48669.86,Bill Payment,Delhi,2,iOS,1
29575.89,Send Money,Mumbai,14,Android,1
34462.96,Send Money,Hyderabad,1,Android,1
4253.94,Send Money,Bangalore,3,iOS,0
3444.14,Bill Payment,Delhi,18,Android,0
36525.22,Merchant Payment,Kolkata,23,iOS,0
3128.42,Send Money,Kolkata,10,iOS,0
1362.05,Merchant Payment,Hyderabad,8,iOS,0
10735.52,Send Money,Chennai,0,Android,0
48492.87,Send Money,Delhi,10,Android,0
9564.36,Send Money,Delhi,17,iOS,0
37487.19,Bill Payment,Chennai,11,iOS,0
9646.18,Merchant Payment,Hyderabad,3,Android,0
49386.38,Merchant Payment,Delhi,1,iOS,0
3014.15,Send Money,Hyderabad,5,iOS,0
39068.29,Send Money,Delhi,22,iOS,0
11461.16,Send Money,Delhi,7,iOS,0
39311.93,Send Money,Chennai,23,Android,0
21199.5,Merchant Payment,Delhi,11,iOS,0
30149.05,Merchant Payment,Hyderabad,4,Android,0
27439.81,Merchant Payment,Chennai,7,Android,0
22303.05,Send Money,Mumbai,13,iOS,0
21492.66,Bill Payment,Mumbai,2,iOS,0
31619.59,Bill Payment,Mumbai,9,Android,0
44617.83,Send Money,Kolkata,23,Android,0
43538.05,Merchant Payment,Kolkata,7,Android,0
42731.07,Send Money,Kolkata,13,Android,0
8462.73,Send Money,Mumbai,2,Android,0
34270.5,Bill Payment,Hyderabad,1,iOS,0
10699.33,Merchant Payment,Bangalore,18,Android,0
19321.7,Bill Payment,Chennai,15,iOS,0
38058.01,Bill Payment,Chennai,19,iOS,0
11122.94,Merchant Payment,Bangalore,0,iOS,0
14092.99,Merchant Payment,Kolkata,15,iOS,0
13018.3,Merchant Payment,Mumbai,0,Android,0
20859.75,Merchant Payment,Kolkata,12,iOS,0
16215.94,Merchant Payment,Chennai,15,iOS,0
34771.43,Merchant Payment,Delhi,18,iOS,0
11386.14,Bill Payment,Kolkata,8,Android,0
23601.61,Bill Payment,Hyderabad,6,iOS,0
25045.36,Send Money,Hyderabad,9,iOS,0
3005.18,Send Money,Delhi,19,iOS,0
29422.32,Send Money,Delhi,11,Android,0
8978.19,Bill Payment,Hyderabad,22,iOS,0
6047.44,Merchant Payment,Delhi,8,Android,0
22751.71,Bill Payment,Bangalore,21,iOS,0
29015.8,Merchant Payment,Bangalore,12,iOS,0
27507.15,Merchant Payment,Kolkata,2,iOS,1
45111.26,Send Money,Kolkata,8,iOS,0
46182.87,Send Money,Chennai,12,Android,1
1173.97,Merchant Payment,Kolkata,9,iOS,0
49075.56,Merchant Payment,Mumbai,18,iOS,0
10285.84,Send Money,Mumbai,12,iOS,0
16907.95,Merchant Payment,Hyderabad,7,Android,0
12379.1,Send Money,Mumbai,1,Android,0
20675.47,Merchant Payment,Delhi,13,iOS,0
22486.55,Bill Payment,Bangalore,6,Android,0
24048.53,Send Money,Bangalore,3,Android,0
16101.63,Bill Payment,Bangalore,1,Android,0
1459.47,Bill Payment,Chennai,4,iOS,0
7760.19,Bill Payment,Delhi,9,Android,0
26076.09,Bill Payment,Hyderabad,10,iOS,0
29332.88,Merchant Payment,Delhi,11,Android,0
20784.83,Bill Payment,Mumbai,17,iOS,0
26297.56,Bill Payment,Kolkata,7,iOS,0
49864.61,Send Money,Kolkata,1,iOS,0
37872.09,Send Money,Chennai,7,iOS,0
32361.95,Bill Payment,Delhi,7,Android,0
2121.66,Merchant Payment,Mumbai,18,iOS,0
49791.1,Bill Payment,Mumbai,17,iOS,0
6134.16,Merchant Payment,Kolkata,7,Android,0
39198.28,Merchant Payment,Bangalore,0,iOS,0
11806.82,Merchant Payment,Delhi,19,iOS,0
29186.2,Bill Payment,Mumbai,22,Android,0
43245.51,Bill Payment,Kolkata,18,iOS,0
32497.82,Send Money,Hyderabad,17,iOS,0
30898.02,Bill Payment,Delhi,2,iOS,0
19986.48,Merchant Payment,Kolkata,13,Android,0
7689.97,Merchant Payment,Chennai,9,Android,0
33345.21,Send Money,Bangalore,3,Android,1
1025.77,Merchant Payment,Hyderabad,7,iOS,0
16147.22,Send Money,Mumbai,11,iOS,0
32745.46,Bill Payment,Delhi,21,iOS,0
29097.85,Send Money,Bangalore,8,iOS,0
40232.04,Merchant Payment,Chennai,23,Android,0
32270.86,Send Money,Chennai,4,iOS,0
34826.93,Merchant Payment,Hyderabad,1,iOS,0
6824.04,Merchant Payment,Kolkata,17,iOS,0
36658.7,Bill Payment,Kolkata,0,Android,0
29334.2,Merchant Payment,Delhi,14,Android,0
49103.9,Bill Payment,Bangalore,4,Android,0
10246.46,Send Money,Hyderabad,6,iOS,0
28084.69,Bill Payment,Hyderabad,22,iOS,0
35353.88,Bill Payment,Mumbai,10,Android,0
43419.6,Send Money,Bangalore,4,Android,1
33943.93,Send Money,Chennai,19,iOS,0
2873.39,Send Money,Chennai,8,iOS,0
47038.84,Bill Payment,Mumbai,5,iOS,0
151.89,Merchant Payment,Bangalore,3,Android,0
5198.16,Send Money,Chennai,20,iOS,0
14504.8,Merchant Payment,Bangalore,0,iOS,1
38579.66,Merchant Payment,Hyderabad,4,iOS,0
40321.37,Send Money,Mumbai,5,iOS,0
32534.88,Bill Payment,Kolkata,21,iOS,0
18976.51,Bill Payment,Chennai,13,iOS,0
28414.01,Merchant Payment,Bangalore,17,Android,0
26347.86,Merchant Payment,Delhi,11,iOS,0
16177.18,Send Money,Hyderabad,13,iOS,0
30706.28,Send Money,Bangalore,0,Android,0
16311.35,Send Money,Bangalore,1,iOS,0
30275.94,Bill Payment,Kolkata,13,Android,0
3993.66,Merchant Payment,Kolkata,3,iOS,0
5339.84,Bill Payment,Delhi,2,Android,0
6128.26,Merchant Payment,Kolkata,22,Android,0
6740.37,Send Money,Hyderabad,10,Android,0
42562.79,Merchant Payment,Hyderabad,0,Android,0
44463.11,Send Money,Chennai,19,iOS,0
43845.5,Merchant Payment,Mumbai,23,iOS,0
49313.02,Send Money,Kolkata,7,Android,1
26185.37,Send Money,Hyderabad,6,iOS,0
8575.22,Send Money,Hyderabad,15,Android,0
42968.45,Merchant Payment,Chennai,18,Android,0
20456.29,Bill Payment,Bangalore,5,Android,0
35534.77,Bill Payment,Chennai,2,Android,0
19504.31,Send Money,Hyderabad,3,iOS,0
18311.64,Merchant Payment,Delhi,16,iOS,0
44923.33,Bill Payment,Kolkata,7,iOS,0
1647.56,Merchant Payment,Chennai,23,iOS,0
47004.05,Merchant Payment,Bangalore,6,Android,0
1072.84,Bill Payment,Chennai,11,iOS,0
19806.75,Send Money,Hyderabad,17,iOS,0
11499.84,Merchant Payment,Bangalore,10,Android,0
8797.83,Send Money,Kolkata,22,Android,0
26008.32,Bill Payment,Chennai,19,iOS,0
10032.8,Bill Payment,Hyderabad,22,iOS,0
25982.36,Send Money,Kolkata,18,iOS,1
31498.34,Bill Payment,Delhi,10,Android,0
42785.03,Merchant Payment,Kolkata,22,Android,0
39337.46,Merchant Payment,Kolkata,19,iOS,0
33790.97,Send Money,Kolkata,14,Android,0
22958.03,Send Money,Bangalore,17,iOS,0
39586.53,Send Money,Bangalore,17,Android,0
21187.87,Send Money,Chennai,18,iOS,0
47909.28,Merchant Payment,Kolkata,2,Android,0
39473.85,Merchant Payment,Bangalore,11,iOS,0
5100.82,Merchant Payment,Bangalore,0,Android,0
13611.52,Send Money,Kolkata,23,Android,0
20397.62,Send Money,Delhi,6,iOS,0
23894.78,Merchant Payment,Bangalore,23,iOS,0
18870.34,Bill Payment,Delhi,1,iOS,0
4472.58,Send Money,Hyderabad,12,iOS,0
49652.81,Send Money,Mumbai,6,iOS,0
42741.09,Send Money,Bangalore,18,iOS,0
37055.4,Bill Payment,Delhi,3,Android,0
21243.79,Bill Payment,Hyderabad,13,iOS,0
40614.33,Bill Payment,Hyderabad,14,iOS,0
